timestamp,date,id,cmc_rank,circulating_supply,total_supply,aud_price,aud_volume_24h,aud_cex_volume_24h,aud_dex_volume_24h,aud_volume_change_24h,aud_percent_change_1h,aud_percent_change_24h,aud_percent_change_7d,aud_percent_change_30d,aud_percent_change_60d,aud_percent_change_90d,aud_market_cap,aud_market_cap_dominance,aud_fully_diluted_market_cap
2026-03-04 15:17:25.859452,2026-03-04,1,1,19997556.0,19997556.0,96735.574767413,71408978199.96277,71316216306.00313,92761893.95963228,-9.0401,-0.72278419,-0.77190064,3.70804519,-10.33697566,-24.82911977,-27.42950901,1934475073603.5288,58.507,2031447070115.669
2026-03-04 15:17:25.859452,2026-03-04,1027,2,120692150.4200828,120692150.4200828,2796.422584106413,34166070694.013363,33880054535.026337,286016158.9870301,-7.0038,-0.80569201,-2.42719591,2.93436768,-11.42640445,-37.14765512,-38.97059401,337506255159.0879,10.2077,337506255159.0854
2026-03-04 15:17:25.859452,2026-03-04,1839,4,136358607.97,136358607.97,898.2114656550503,2469415553.200122,2408006599.219167,61408953.980953865,-11.278,-0.51776649,-0.94517265,6.12785985,-15.39573668,-28.26642694,-31.41364484,122478865119.41614,3.7043,122478867634.4124
2026-03-04 15:17:25.859452,2026-03-04,5426,7,569767412.472952,621598902.2548279,122.02743671210838,7071298463.579047,7071245003.010365,53460.56868362688,-7.6967,-1.31215149,-0.80362892,4.49094331,-13.48513304,-35.41649829,-40.82610282,69527256866.1649,2.1028,75852120705.22375
2026-03-04 15:17:25.859452,2026-03-04,52,5,61090376977.0,99985708785.0,1.9305093715422288,3951698504.5161376,3948117678.233536,3580826.2826017234,-15.9658,-0.42805199,-1.31731938,-1.0859447,-13.27255845,-33.75804519,-38.3762923,117935545265.14607,3.5669,193050937154.2297
2026-03-04 15:17:25.859452,2026-03-04,74,9,168976693126.57907,168976693126.57907,0.1278738391401512,1942838715.6833668,1940505639.560638,2333076.1227288013,13.1556,-0.21344126,-2.7171949,-2.92551126,-12.17724103,-37.44834735,-40.73002583,21607698475.30287,0.6535,21607698475.30228
2026-03-04 15:17:25.859452,2026-03-04,2010,10,36078864112.21547,44994838422.19901,0.3748663742722801,1023210430.5981216,1021600225.5406508,1610205.057470708,16.8681,-0.51041472,-3.66537202,-0.99463463,-7.02512883,-33.83296592,-41.61221892,13524752977.6085,0.4087,16868986842.25084
2026-03-04 15:17:25.859452,2026-03-04,1958,8,94741680902.0612,94741679182.2991,0.3996818974342863,683163318.1439837,683036461.1821961,126856.96178748732,7.3245,0.03414593,-0.9955454,-2.19350776,-0.69052037,-2.89223925,0.05783043,37866534789.04951,1.1442,37866534101.692986
2026-03-04 15:17:25.859452,2026-03-04,5805,24,431771961.1772119,463441061.1772119,13.092112094190002,441948850.18210775,436722398.56244975,5226451.619657944,-16.1555,-0.18578933,0.22378691,7.85237967,-5.71083866,-35.02324106,-37.66831419,5652806914.860312,0.171,9370662460.427002
2026-03-04 15:17:25.859452,2026-03-04,11419,29,2452742484.7028146,5155755757.912703,1.787285344309931,134422473.79310688,131723916.98681676,2698556.806290143,-11.647,-0.06803056,1.48880019,-3.3321741,-5.02890109,-31.10599607,-23.37399419,4383750696.275666,0.1326,9214806704.96542
2026-03-04 15:17:25.859452,2026-03-04,1975,15,708099970.4525867,1000000000.0,12.48463707466968,1085378595.4006925,1073778146.5277517,11600448.87294088,-10.4389,-0.74731487,-1.48540711,2.96362345,-5.14861682,-33.98260986,-40.00924973,8840371143.684868,0.2674,12484637074.67378
2026-03-04 15:17:25.859452,2026-03-04,5994,27,589243742059209.9,589500284160680.1,7.771196590705234e-06,225885557.3194441,225713229.936262,172327.38318209778,0.7409,-0.49391541,0.2852716,-8.71920622,-17.41392215,-32.8447069,-38.72488793,4579128959.384927,0.1385,4581529896.018927
2026-03-04 15:17:25.859452,2026-03-04,6636,32,1671149579.0101995,1671149579.0101995,2.174772854484919,269692017.18602264,269219294.1693931,472723.01662954845,-28.5633,-0.67302552,2.0386452,20.03238059,2.64409991,-29.09345909,-34.85214054,3634370740.215283,0.1099,4567022994.4190855
2026-03-04 15:17:25.859452,2026-03-04,28321,52,10601927073.046022,10601927083.046022,0.1449562708140802,111352130.8031958,111019243.51493372,332887.28826206765,-30.6348,0.11937959,1.35396646,-10.82143619,-0.35738151,-12.16612873,-20.79092792,1536815811.9515886,0.0465,1536815813.40603
2026-03-04 15:17:25.859452,2026-03-04,2,22,76911876.98347135,84000000.0,77.97232275428372,514727990.9606026,513948325.6692069,779665.2913955448,-8.912,-0.64450227,1.09648962,4.13705956,-5.07642903,-33.71220886,-36.49335359,5996997695.792994,0.1812,6549675111.358909
2026-03-04 15:17:25.859452,2026-03-04,1831,11,20002471.875,20002471.875,631.0036684406641,457234012.663979,454482739.68761134,2751272.9763676086,-20.446,-0.16462896,-0.32374471,-11.37505072,-12.53142752,-29.40866862,-25.40281359,12621633131.00621,0.3817,13251077037.258402
2026-03-04 15:17:25.859452,2026-03-04,7083,34,633795562.7465303,898430420.0366303,5.570017729959233,379953207.95675504,377160959.3538393,2792248.6029157885,-11.251,-1.14488175,0.02037844,12.35436883,2.86605677,-35.36399194,-36.52661909,3530252521.6676626,0.1068,5004273368.73867
2026-03-04 15:17:25.859452,2026-03-04,6535,38,1289252866.0,1289252866.0,1.9655991012996787,749855084.7441962,749747791.5772992,107293.16689696108,-24.7307,-1.35310839,-2.01308186,39.8833632,18.40269329,-18.95410373,-26.3240189,2534154274.757635,0.0766,2534154274.756302
2026-03-04 15:17:25.859452,2026-03-04,512,19,32985091890.39495,50001786883.65895,0.2154242177125121,170900335.64657465,170703558.77530503,196776.87126961068,-5.1795,-0.53570342,-1.20406194,-1.37330438,-11.98140219,-33.24961215,-41.14022649,7105787616.66366,0.2149,10771600116.693542
2026-03-04 15:17:25.859452,2026-03-04,3794,58,496027140.0,496027140.0,2.5975916771822063,90471899.33154452,89611766.41084363,860132.9207009161,4.075,-0.50352733,-1.22898651,-11.47883543,-4.41774056,-18.233438,-22.96967725,1288475970.5204933,0.039,1288475970.515996
2026-03-04 15:33:37.459146,2026-03-04,1,1,19997556.0,19997556.0,96552.86922250326,72165689782.21178,72070065418.18173,95624364.0300516,-8.1866,-0.36367979,-1.16650416,2.98870129,-11.30815931,-25.1300548,-27.72371165,1930821409237.6853,58.415,2027610253672.567
2026-03-04 15:33:37.459146,2026-03-04,1027,2,120692150.4200828,120692150.4200828,2789.815729210888,34651795211.199715,34364803756.14609,286991455.05366814,-6.1629,-0.63329464,-2.88418696,2.04567693,-13.5108166,-37.44779727,-39.18114741,336708859634.2334,10.1868,336708859634.236
2026-03-04 15:33:37.459146,2026-03-04,1839,4,136358607.97,136358607.97,897.5991228375408,2474067885.466358,2412629851.997824,61438033.4685338,-11.2471,-0.53737794,-1.26516084,5.54397434,-17.09370817,-28.52609704,-31.46384054,122395366905.2201,3.7029,122395366905.21877
2026-03-04 15:33:37.459146,2026-03-04,5426,7,569767412.472952,621598902.2548279,121.54662769676398,7109423401.675482,7109369745.763502,53655.91197965745,-7.219,-1.33288216,-1.31505129,3.51373082,-15.95146632,-35.82076321,-41.0701741,69253307557.59845,2.0952,75553250349.09154
2026-03-04 15:33:37.459146,2026-03-04,52,5,61090376977.0,99985708785.0,1.9251298713509697,3963346480.5958953,3959751261.845824,3595218.7500711665,-15.7878,-0.66218114,-1.7356842,-1.645938,-15.43632582,-34.38589344,-38.64797417,117606909570.51424,3.5581,192512987135.0963
2026-03-04 15:33:37.459146,2026-03-04,74,9,168976693126.57907,168976693126.57907,0.1273444888045059,1948491029.8606648,1946157091.2192376,2333938.641427395,13.2637,-0.51107057,-3.32852421,-3.71516573,-14.8021704,-37.95150801,-41.00904368,21518250606.08009,0.651,21518250606.0778
2026-03-04 15:33:37.459146,2026-03-04,2010,10,36078864112.21547,44994838422.19901,0.3715457177251388,1046670754.24059,1044746266.7277972,1924487.5127928648,19.3845,-1.32283882,-4.64944625,-2.27539432,-9.79499213,-34.5971437,-42.10078301,13404947461.28085,0.4055,16719557297.634129
2026-03-04 15:33:37.459146,2026-03-04,1958,8,94741680902.0612,94741679182.2991,0.4003805210651195,683744932.8528905,683614857.5148842,130075.3380062171,7.4744,0.0166655,-1.01818482,-2.26908139,-1.09567928,-2.92259628,-0.07765571,37932723566.15255,1.1473,37932722877.58788
2026-03-04 15:33:37.459146,2026-03-04,5805,24,431771961.1772119,463441061.1772119,12.991030088638054,448030337.7986011,442749951.78203374,5280386.01656735,-15.0413,-0.90035153,-0.73135967,6.61296588,-8.78313636,-35.47769831,-38.28551984,5609162539.083422,0.1697,9298313144.436352
2026-03-04 15:33:37.459146,2026-03-04,11419,29,2452742484.7028146,5155755757.912703,1.7911537861783582,134200304.99876171,131481010.08747698,2719294.911284783,-11.9851,0.25802714,1.26042077,-3.65664513,-6.84175811,-30.98297784,-23.24617672,4393238987.99596,0.1329,9234751446.39246
2026-03-04 15:33:37.459146,2026-03-04,1975,15,708099970.4525867,1000000000.0,12.453820123613946,1087771531.3905065,1076156417.8454058,11615113.54510083,-10.779,-0.5800687,-1.82752819,2.28946164,-7.80305037,-34.28948925,-40.2211361,8818549661.552864,0.2668,12453820123.61888
2026-03-04 15:33:37.459146,2026-03-04,5994,27,589243742059209.9,589500284160680.1,7.76832957134532e-06,225438719.4521874,225264001.5584156,174717.89377171552,0.1007,-0.34066844,-0.01340346,-9.05797474,-19.58367464,-33.14872859,-38.83003588,4577439586.168734,0.1385,4579839637.031845
2026-03-04 15:33:37.459146,2026-03-04,6636,33,1671149579.0101995,1671149579.0101995,2.159789823796402,270141730.95963216,269661177.69022644,480553.2694057474,-28.5108,-1.33507534,0.79220331,18.81483526,-0.14597527,-29.68066364,-35.44611093,3609331854.7878704,0.1092,4535558629.969141
2026-03-04 15:33:37.459146,2026-03-04,28321,52,10601927073.046022,10601927083.046022,0.1444244014071829,111071174.92781653,110733624.32581694,337550.6019995883,-30.9568,-0.41269281,0.81700358,-10.82773468,-2.70339469,-12.79769331,-21.23757857,1531176971.2872794,0.0463,1531176972.733217
2026-03-04 15:33:37.459146,2026-03-04,2,22,76911876.98347135,84000000.0,77.81918204660036,510797620.7175225,510025722.1524004,771898.5651221777,-10.6544,-0.43573068,0.68455871,3.46084522,-7.10885086,-34.03410699,-36.66857379,5985219356.522489,0.181,6536811291.908118
2026-03-04 15:33:37.459146,2026-03-04,1831,11,20002471.875,20002471.875,629.1102541670043,461426623.2947459,458721935.2219143,2704688.072831759,-19.8748,-0.55638854,-0.78415976,-12.00253167,-14.63883182,-29.82128552,-25.81385807,12583760165.249603,0.3807,13211315337.507336
2026-03-04 15:33:37.459146,2026-03-04,7083,34,633795562.7465303,898430420.0366303,5.545513552025662,380298860.0128985,377478697.7130205,2820162.299877975,-11.4681,-1.36326531,-0.25102356,11.39790202,0.4033246,-35.80420283,-36.84570266,3514721882.424615,0.1063,4982258069.864388
2026-03-04 15:33:37.459146,2026-03-04,6535,39,1289252866.0,1289252866.0,1.9552056469681205,742514704.5918195,742408144.0538664,106560.53795307272,-26.6189,-1.83658235,-3.03610335,38.83650185,15.03663581,-19.45944296,-26.78733655,2520754483.9730334,0.0763,2520754483.9745774
2026-03-04 15:33:37.459146,2026-03-04,512,19,32985091890.39495,50001786883.65895,0.2146249394352022,171409204.29173082,171212430.89208344,196773.39964741343,-4.7612,-0.734632,-1.5988037,-1.98272286,-14.17517923,-33.92829647,-41.5470366,7079423349.240596,0.2142,10731634758.673689
2026-03-04 15:33:37.459146,2026-03-04,3794,58,496027140.0,496027140.0,2.596481336056775,90753356.53905664,89890885.25129111,862471.2877655261,4.7328,-0.13022559,-1.44780389,-11.7186235,-6.70537418,-18.23400918,-22.94614629,1287925211.1876209,0.039,1287925211.193504
2026-03-05 21:11:25.610511,2026-03-05,1,1,19998093.0,19998093.0,103210.17144953473,94493360657.60916,94354786011.04053,138574646.56862196,13.1187,0.190593,1.27107812,5.96978967,-7.31292584,-20.4880143,-20.34387794,2064006607193.7405,59.3129,2167413600440.224
2026-03-05 21:11:25.610511,2026-03-05,1027,2,120692108.97549808,120692108.97549808,3017.8756458802736,42969707717.44983,42679348919.15477,290358798.29507804,13.4487,-0.09451626,1.89110253,2.2355314,-7.38556397,-32.37497824,-32.10900772,364233776327.0836,10.4669,364233776327.08014
2026-03-05 21:11:25.610511,2026-03-05,1839,4,136358541.8,136358541.8,930.941577790402,2941378995.8527327,2870340283.304047,71038712.54868573,17.766,0.36721061,0.6705834,4.18928725,-15.04120935,-25.99405384,-26.52812463,126941836048.49052,3.6479,126941836048.49216
2026-03-05 21:11:25.610511,2026-03-05,5426,7,569763750.3521521,621597889.3061855,129.42648475668562,8418498748.48993,8418465601.409946,33147.079984948046,2.1982,0.17249066,0.67527183,3.07283091,-11.46051408,-32.22800043,-33.23816683,73742519349.86484,2.1191,80451229745.0733
2026-03-05 21:11:25.610511,2026-03-05,52,5,61090376977.0,99985708785.0,2.0256904251859087,5492231911.983384,5485860285.325134,6371626.658250017,19.3737,0.31625918,0.81407527,-1.81820355,-11.07186018,-31.47695825,-30.7922281,123750191713.30658,3.5562,202569042518.5946
2026-03-05 21:11:25.610511,2026-03-05,74,9,153281356383.70526,153281356383.70526,0.1365846790938368,3526169605.991863,3522774807.602192,3394798.3896709546,67.787,-0.05690705,3.80408524,-3.82914804,-10.37880035,-36.94144572,-33.51688177,20935884872.73642,0.6016,20935884872.74154
2026-03-05 21:11:25.610511,2026-03-05,2010,10,36078864112.21547,44994838422.19901,0.3874300678131134,1213185567.389083,1210487448.2642317,2698119.124851288,3.9242,0.03048974,-0.15531285,-7.34703431,-7.96460981,-32.39162111,-36.76843617,13978036769.615744,0.4015,17434353051.588326
2026-03-05 21:11:25.610511,2026-03-05,1958,8,94742233291.6466,94742236559.0559,0.4036883803364695,904911386.2365094,904734408.9698794,176977.26662992346,11.8152,0.01864004,0.10903504,-0.70699529,0.29968464,-3.1251729,-0.27774776,38246338706.96476,1.0987,38246340025.98069
2026-03-05 21:11:25.610511,2026-03-05,5805,24,431771961.1772119,463441061.1772119,13.423827836729613,561722485.6143646,556568390.3878851,5154095.226479575,3.5139,-0.05235696,0.64677222,0.74614787,-6.12418594,-32.76250177,-32.44563158,5796032471.569995,0.1666,9608087578.218252
2026-03-05 21:11:25.610511,2026-03-05,11419,28,2452840181.384961,5155871705.21176,1.9103575673623407,147797787.93935367,143860108.2005626,3937679.738791072,19.2531,-0.09859364,3.18548259,3.73059381,-1.72579333,-27.27247565,-15.07544691,4685801802.039178,0.1347,9849558528.398005
2026-03-05 21:11:25.610511,2026-03-05,1975,15,708099970.4525867,1000000000.0,13.179482558245274,1261734006.8677323,1255308204.9090712,6425801.958661997,8.1703,-0.08035621,0.49182774,-0.19543424,-3.46016422,-30.65760278,-34.05964359,9332391210.07386,0.2682,13179482558.246094
2026-03-05 21:11:25.610511,2026-03-05,5994,27,589243742059209.9,589500284160680.1,8.008793374256757e-06,212469989.4215506,212141210.7515652,328778.6699854999,-2.2516,0.07802781,0.77902291,-8.51996631,-17.17542245,-35.42377268,-33.3489869,4719131377.226058,0.1356,4721605720.158636
2026-03-05 21:11:25.610511,2026-03-05,6636,32,1671583119.1053264,1671583119.1053264,2.1695971939068768,264623931.78892872,264254685.2737139,369246.5152148784,-8.412,-0.69679359,-1.77812213,-5.86395228,0.59267512,-28.95621236,-31.89507968,3626662044.593021,0.1042,4556154107.198587
2026-03-05 21:11:25.610511,2026-03-05,28321,52,10602502283.19926,10602502293.19926,0.1460317853629135,121793293.66014022,121576202.76250376,217090.89763645112,13.2906,0.0868688,-1.20942979,-7.37699773,-12.33504391,-14.13804776,-16.37577867,1548302337.7299552,0.0445,1548302339.189705
2026-03-05 21:11:25.610511,2026-03-05,2,21,76916283.23347135,84000000.0,80.38708854725935,561006230.073385,560187133.0634565,819097.0099284118,1.0983,0.15686459,0.91412295,0.51066596,-5.30208213,-31.39938856,-31.14634607,6183076071.0151415,0.1776,6752515437.969988
2026-03-05 21:11:25.610511,2026-03-05,1831,11,20003034.375,20003034.375,658.035090692145,609340798.1209922,606425141.8422931,2915656.278699029,11.8012,0.52594351,0.84581574,-7.67175567,-12.23025401,-28.62355945,-18.38583449,13162698539.071218,0.3783,13818736904.536123
2026-03-05 21:11:25.610511,2026-03-05,7083,34,633755562.7465303,898390420.0366303,5.682558582088012,421506618.3053684,418282133.1695884,3224485.135780032,-0.575,-0.4945087,-1.31837382,-0.94157416,2.76255554,-32.4012356,-31.28908233,3601353112.031313,0.1035,5105156191.451175
2026-03-05 21:11:25.610511,2026-03-05,6535,43,1289383171.0,1289383171.0,1.8406542853106056,437119976.98860246,437061363.58906734,58613.39953516017,-27.1486,-1.74419235,-6.47455953,14.1512056,8.64948907,-24.76188576,-25.31671705,2373308659.108528,0.0682,2373308659.108138
2026-03-05 21:11:25.610511,2026-03-05,512,19,32985990215.50566,50001786883.65895,0.2253485950024819,210142462.7297996,209757620.3337547,384842.39604487526,10.7594,0.00489745,1.61277025,-3.71245427,-10.20940285,-31.88080853,-36.45422489,7433346549.829816,0.2136,11267836912.662806
2026-03-05 21:11:25.610511,2026-03-05,3794,58,496198300.0,496198300.0,2.6611676866645384,79249197.15094292,78196996.2739028,1052200.87704013,-17.431,0.06993045,-1.2264813,-2.84561001,-6.03760077,-18.20461363,-17.5333828,1320466882.1378767,0.0379,1320466882.143251
2026-03-06 23:14:08.167503,2026-03-06,1,1,19998659.0,19998659.0,99890.14662212774,62210802366.11144,62083833533.28668,126968832.82476972,-34.6148,-1.01820072,-4.28678624,5.82878656,-8.04881429,-24.94993225,-22.03101643,1997668979755.9343,58.806,2097693079064.6885
2026-03-06 23:14:08.167503,2026-03-06,1027,2,120692086.13239282,120692086.13239282,2915.032901337667,27984313406.52635,27781836638.56551,202476767.9608152,-32.5715,-1.00565877,-4.51290544,3.88763731,-9.49977585,-35.83173796,-32.89109702,351821402007.0047,10.318,351821402007.0028
2026-03-06 23:14:08.167503,2026-03-06,1839,4,136358490.57999998,136358490.57999998,909.3995558953836,2089710498.2140484,2015135110.136076,74575388.07797194,-27.6384,-0.428853,-3.38664898,3.46681683,-15.06644361,-29.86248621,-28.04858411,124004350776.01682,3.6367,124004351894.5759
2026-03-06 23:14:08.167503,2026-03-06,5426,7,569935883.1876935,621731688.0033146,123.9954287109262,5539501151.279152,5539434802.800802,66348.47835055592,-32.6085,-1.05801389,-5.50217484,3.83387061,-9.58600476,-36.0350396,-34.74116644,70669444173.59842,2.0726,77091887197.13646
2026-03-06 23:14:08.167503,2026-03-06,52,5,61160154774.0,99985705309.0,1.9874483058796768,3199759308.496897,3194837149.1875925,4922159.309304632,-41.5311,-0.75906022,-3.34663561,0.55438573,-12.71123791,-34.78563599,-31.52451923,121552645992.92513,3.5648,198744830587.96432
2026-03-06 23:14:08.167503,2026-03-06,74,9,153296426383.70523,153296426383.70523,0.1328556285024393,1381991197.3160906,1380686165.8374205,1305031.4786699018,-61.5655,-0.52024854,-3.11556541,-2.24953129,-13.39923445,-36.99315632,-33.43014376,20366293074.38507,0.5973,20366293074.38321
2026-03-06 23:14:08.167503,2026-03-06,2010,10,36084984315.23032,44994740386.32195,0.3789032966378876,650511860.681829,648791457.5947541,1720403.0870749892,-46.2129,-0.88349233,-3.39910543,-6.24020629,-10.65669256,-33.60591855,-35.92111728,13672719516.167234,0.4025,17050648348.711187
2026-03-06 23:14:08.167503,2026-03-06,1958,8,94742462206.2589,94742466300.8535,0.4097813856802783,787650174.2337878,787051867.1987411,598307.0350465692,-9.9301,-0.05226256,0.84609987,0.64521832,0.04565701,-1.86497903,-1.14159058,38823697445.642166,1.1429,38823699123.53222
2026-03-06 23:14:08.167503,2026-03-06,5805,24,431771961.1772119,463441061.1772119,13.162905623663498,336243074.75882274,331557223.838445,4685850.920377802,-38.4456,-1.06851779,-2.66578832,2.00423761,-8.01056915,-35.04321404,-30.40869877,5683373575.919741,0.1667,9421332838.453722
2026-03-06 23:14:08.167503,2026-03-06,11419,27,2452940174.4386306,5155975913.276998,1.892673697623012,127374205.61481372,124253448.15705796,3120757.4577557803,-13.5754,-0.51022149,-2.88570512,1.48832948,-4.87721637,-28.95317839,-15.7273135,4642615350.002797,0.1362,9758579996.6368
2026-03-06 23:14:08.167503,2026-03-06,1975,15,708099970.4525867,1000000000.0,12.90495192886145,1029505731.4596684,1011999047.7108744,17506683.748793617,-18.9951,-1.20691513,-3.94851619,2.15029272,-5.75414936,-33.55596406,-34.44501589,9137996079.518845,0.269,12904951928.855064
2026-03-06 23:14:08.167503,2026-03-06,5994,28,589243742014103.5,589500284115573.6,7.852296063972551e-06,151687004.09977594,151486987.612864,200016.48691194737,-29.4469,-1.0032928,-2.67097449,-6.18131088,-18.82926607,-36.76116846,-35.17023865,4626916316.137802,0.1362,4629342309.069674
2026-03-06 23:14:08.167503,2026-03-06,6636,33,1671911036.827293,1671911036.827293,2.1475037138249182,215958950.3504281,215621315.76098925,337634.58943889034,-17.2417,-1.19802787,-1.27791864,-3.80604161,0.18971619,-28.88370469,-28.68694509,3590435160.771481,0.1053,4509757799.030443
2026-03-06 23:14:08.167503,2026-03-06,28321,52,10603077444.663864,10603077454.663864,0.1417016443547687,104366916.8436908,104173206.49180628,193710.35188451945,-14.7154,-0.82569421,-3.66742448,-10.51879466,-9.24616414,-17.79865677,-18.28546209,1502473509.1298292,0.0441,1502473510.550979
2026-03-06 23:14:08.167503,2026-03-06,2,22,76920545.73347135,84000000.0,78.20625838028401,452791556.4167576,451009010.3238461,1782546.092911495,-21.7282,-0.83511419,-2.39648494,0.04900959,-8.89117866,-33.22321427,-32.51668038,6015668074.384314,0.1764,6569325703.937077
2026-03-06 23:14:08.167503,2026-03-06,1831,11,20003509.375,20003509.375,646.9236441339806,413728328.6990562,412604123.5643237,1124205.134732463,-32.2643,-0.81255204,-2.2468527,-4.68566848,-14.38481095,-30.73717726,-23.8314189,12940743180.343245,0.3795,13585396526.814556
2026-03-06 23:14:08.167503,2026-03-06,7083,34,633733562.7465303,898368420.0366303,5.578155182362607,349053767.88535094,346196058.5968905,2857709.2884605303,-18.0897,-1.46280664,-3.46240589,3.31291611,1.40661783,-33.68648083,-28.81214898,3535064157.2716765,0.1037,5011238457.900318
2026-03-06 23:14:08.167503,2026-03-06,6535,44,1289460870.0,1289460870.0,1.7883626020236632,270668861.5035596,270648906.5874933,19954.916066306527,-34.8138,-0.61023384,-3.08607746,11.77246881,5.82231176,-27.10438644,-26.59779981,2306023596.6808968,0.0676,2306023596.6870365
2026-03-06 23:14:08.167503,2026-03-06,512,19,32986432903.827824,50001786883.65895,0.2232263573952672,158616664.76720443,158472264.21643373,144400.55077073484,-24.3642,-1.23380704,-2.1848482,-2.17617076,-10.69603974,-32.62285046,-34.94714335,7363441260.584872,0.216,11161721197.823706
2026-03-06 23:14:08.167503,2026-03-06,3794,58,496367200.0,496367200.0,2.583489095691814,66930457.53320412,65881733.0983433,1048724.4348608328,-14.7302,-1.25046877,-3.53712001,-4.03558519,-12.1222192,-20.69472051,-18.28166116,1282359248.659078,0.0376,1282359248.664841
2026-03-09 16:00:53.232747,2026-03-09,1,1,19999775.0,19999775.0,96072.00244699894,52833097051.11456,52777180340.67237,55916710.442184135,51.5738,-0.02079502,0.80618227,0.51373741,-5.00233981,-26.10210943,-25.29907498,1921418432739.428,58.1706,2017512051386.9707
2026-03-09 16:00:53.232747,2026-03-09,1027,2,120692044.83509944,120692044.83509944,2829.13932068117,26233673380.02544,26062810035.23024,170863344.79520786,65.4273,0.06602986,2.11137707,0.31064949,-5.18785088,-37.2017233,-36.33806676,341454609736.39453,10.3375,341454609736.3972
2026-03-09 16:00:53.232747,2026-03-09,1839,4,136358397.87,136358397.87,891.3853176544069,1954200565.7999744,1879628121.2914128,74572444.50856215,21.0238,0.02660195,1.30458436,0.07366889,-4.90930602,-30.25597552,-30.05515491,121547873800.19595,3.6798,121547874531.13652
2026-03-09 16:00:53.232747,2026-03-09,5426,7,570675742.5806768,621864709.2567955,119.12072569664916,4398018809.366819,4397969956.596319,48852.77050084364,56.4715,0.22539158,1.61546303,-1.08577455,-4.86611529,-39.43633048,-37.21553942,67979308593.684364,2.0581,74076975451.81035
2026-03-09 16:00:53.232747,2026-03-09,52,5,61227832454.0,99985701766.0,1.9262378378966551,2694197073.1088324,2685887929.8941674,8309143.214666175,59.2776,-0.24644084,0.24328975,-1.42037343,-7.7670616,-37.63702464,-34.46444223,117939367605.2916,3.5706,192623783789.6695
2026-03-09 16:00:53.232747,2026-03-09,74,9,169045053126.57913,169045053126.57913,0.1294249560085998,1468028379.267873,1466935611.4268394,1092767.8410332657,82.7118,0.13250116,1.77106267,-2.81409143,-7.60106763,-38.3711028,-35.59691655,21878648564.37893,0.6624,21878648564.37292
2026-03-09 16:00:53.232747,2026-03-09,2010,10,36084984315.23032,44994740386.32195,0.3626832195689205,636738613.4159445,635718762.0905237,1019851.325420764,23.3712,0.08735394,1.30972115,-8.135056,-7.39535463,-36.68859877,-40.47605753,13087418289.541733,0.3962,16320744880.598516
2026-03-09 16:00:53.232747,2026-03-09,1958,8,94745941522.20367,94745935444.6372,0.4135507021484865,731887799.5759969,731737617.6190922,150181.9569048851,39.4606,-0.38635216,1.0292728,2.86044069,4.98644948,-2.94477414,2.82768657,39182250642.226776,1.1862,39182248128.842606
2026-03-09 16:00:53.232747,2026-03-09,5805,24,431771961.1772119,463441061.1772119,12.878236443469111,313228664.9190471,309908445.1177816,3320219.801265521,42.3939,0.4475575,2.14010111,-0.94198182,-2.60679595,-36.01065214,-34.0553858,5560461405.7005005,0.1683,9217581237.39646
2026-03-09 16:00:53.232747,2026-03-09,11419,27,2453180714.308631,5156227848.585749,1.8817601930504952,105106800.87090737,102675661.23324773,2431139.6376596,21.4957,0.14893213,1.56767399,8.89023769,-5.6562367,-29.44515282,-18.17035095,4616297814.545161,0.1398,9702784311.763493
2026-03-09 16:00:53.232747,2026-03-09,1975,15,708099970.4525867,1000000000.0,12.459212270237556,880337363.2990578,869624096.2006195,10713267.0984385,44.2966,0.40916005,1.86192288,-1.09122187,-2.04302163,-35.07384451,-36.02766653,8822367840.417719,0.2671,12459212270.24357
2026-03-09 16:00:53.232747,2026-03-09,5994,28,589243731724307.4,589500273977933.1,7.65162633386241e-06,132953529.15015556,132907965.60930882,45563.5408466952,32.7524,0.30308859,1.78073972,-4.83730875,-14.7623752,-39.25744441,-36.74295615,4508672854.725067,0.1365,4511036928.818447
2026-03-09 16:00:53.232747,2026-03-09,6636,33,1672750086.062281,1672750086.062281,2.123156350731595,208978744.6133808,208577544.39976668,401200.2136141165,20.6698,1.02935278,3.74448665,-4.85367525,8.02069219,-30.50085198,-29.54131063,3551509968.4099536,0.1075,4458628336.531293
2026-03-09 16:00:53.232747,2026-03-09,28321,54,10604803276.091208,10604803286.091208,0.1384257132584805,84036798.20632897,83855488.58196087,181309.62436811265,19.2833,0.764125,3.44340817,-10.6208074,1.04170492,-24.69870266,-20.87951809,1467977457.4587967,0.0444,1467977458.840666
2026-03-09 16:00:53.232747,2026-03-09,2,23,76930101.98347135,84000000.0,76.38628485365518,452209912.6904732,451529890.1299393,680022.5605337871,28.5871,0.30437643,0.89558475,-1.05889299,-2.19795375,-34.58465538,-35.68893382,5876404683.930186,0.1779,6416447927.713689
2026-03-09 16:00:53.232747,2026-03-09,1831,11,20004740.625,20004740.625,643.5743255811816,341106166.40204793,338458263.1112893,2647903.290758525,16.6896,-0.05525492,0.67930285,0.23890334,-14.12633306,-29.79041318,-21.47824209,12874537456.16084,0.3898,13515060837.207678
2026-03-09 16:00:53.232747,2026-03-09,7083,34,633689562.7465303,898324420.0366303,5.361955410997993,272556089.6330836,270925264.1416466,1630825.491436896,41.0147,0.41999378,1.35201826,-1.78298701,5.13507592,-34.24227515,-31.42582172,3397815179.86171,0.1029,4816775484.850983
2026-03-09 16:00:53.232747,2026-03-09,6535,44,1289694836.0,1289694836.0,1.7663569843724196,279180216.76468897,279120549.8742676,59666.890421381446,109.0936,-0.52535003,2.62562671,4.0116944,13.44183029,-27.61936101,-27.75790365,2278061481.2776423,0.069,2278061481.276216
2026-03-09 16:00:53.232747,2026-03-09,512,19,32993440058.13552,50001786883.65895,0.2154798516142851,122251964.22756106,122100106.63577443,151857.59178660443,14.5136,0.27723141,1.77925759,-2.99676675,-7.27850044,-35.49104039,-36.84646,7109421567.971852,0.2152,10774381912.297651
2026-03-09 16:00:53.232747,2026-03-09,3794,57,496878180.0,496878180.0,2.4782958195167644,65614548.82608971,64997908.720286585,616640.1058031105,14.1743,0.03075498,-1.63377464,-5.18338696,-13.61101969,-28.19408796,-21.66243073,1231411116.3030982,0.0373,1231411116.2969997
2026-03-11 08:47:16.998649,2026-03-11,1,1,20000506.0,20000506.0,97963.09937316754,74934832532.79538,74834562961.35455,100269571.44082612,1.5614,-0.76642427,1.12043732,2.55739812,-1.42158721,-22.78717857,-24.56847247,1959311556791.6333,58.6882,2057225086836.5225
2026-03-11 08:47:16.998649,2026-03-11,1027,2,120692024.56267609,120692024.56267609,2840.842892119621,34630139647.460464,34388978362.08348,241161285.3770021,0.8797,-1.00775301,-0.29665202,2.97719233,-3.52313482,-34.28394528,-39.67484541,342867080114.405,10.2701,342867080114.4102
2026-03-11 08:47:16.998649,2026-03-11,1839,4,136358306.54,136358306.54,901.330552078484,2253497885.036936,2177695283.5736074,75802601.46332756,-3.3187,-0.32796284,0.35409063,1.83511578,-0.01262664,-28.21777288,-28.70870539,122903907714.18536,3.6814,122903908128.79327
2026-03-11 08:47:16.998649,2026-03-11,5426,7,570795763.0756902,621998314.3354099,120.20952997141632,6148242192.118711,6148196014.394804,46177.72390722571,0.2924,-0.7228306,-0.47703418,0.91979937,-0.95381757,-37.00027152,-37.88383654,68615090389.00462,2.0553,74770125009.26772
2026-03-11 08:47:16.998649,2026-03-11,52,5,61227832454.0,99985701766.0,1.9464226503311968,4707529556.645727,4704551922.02055,2977634.6251793536,27.0535,-0.48373367,0.8151352,2.38840746,-2.88281909,-33.59083299,-32.52074104,119175239919.14915,3.5697,194642265033.1158
2026-03-11 08:47:16.998649,2026-03-11,74,9,153356276383.70523,153356276383.70523,0.1327337814065975,2810580687.94895,2807763434.6847134,2817253.2642359706,59.2084,-0.31797839,3.4096991,5.97424184,-1.66737018,-32.6413011,-35.0500529,20355558466.844486,0.6097,20355558466.84231
2026-03-11 08:47:16.998649,2026-03-11,2010,10,36084984315.23032,44994740386.32195,0.3679525123100624,894036178.9211633,892223939.6345828,1812239.286580636,11.8004,-0.61979411,1.33296262,0.21365441,-2.84020177,-33.12069428,-42.96476727,13277560635.458197,0.3977,16557863053.95172
2026-03-11 08:47:16.998649,2026-03-11,1958,8,94745703958.1207,94745701100.8282,0.400552590358755,617553551.193046,617407265.0488174,146286.14422850165,-21.6797,-0.04201593,-0.25427727,1.66006934,2.34333077,-4.55249709,1.69501991,37950637145.788994,1.1368,37950636001.29393
2026-03-11 08:47:16.998649,2026-03-11,5805,23,431771961.1772119,463441061.1772119,13.430119282229644,537783703.3467516,530997657.94538224,6786045.401369408,-0.0226,-0.69413603,2.36292457,5.11597944,5.78873401,-30.68568459,-33.24579843,5798748941.332183,0.1737,9612590672.277594
2026-03-11 08:47:16.998649,2026-03-11,11419,28,2453333997.7431846,5156386871.056052,1.8654275770368656,100105407.20264976,98015776.10904424,2089631.093605477,-3.0236,0.37462929,-1.13630976,7.12065921,-4.98705337,-23.30891095,-21.3715834,4576516895.072236,0.1371,9618866267.144482
2026-03-11 08:47:16.998649,2026-03-11,1975,15,708099970.4525867,1000000000.0,12.580936117555678,1024521731.1755018,1011263597.0910004,13258134.084501218,-6.1652,-0.44583785,-0.43362505,2.80552336,1.83833794,-31.74845708,-37.57798944,8908560493.107056,0.2668,12580936117.559725
2026-03-11 08:47:16.998649,2026-03-11,5994,27,589243724581995.4,589500268135198.2,7.965060937379855e-06,292759510.43043846,292259773.77328604,499736.6571524469,79.9807,-0.54675339,3.39195664,3.84771421,-7.01507696,-34.34751192,-34.60237769,4693362173.264266,0.1406,4695823144.124346
2026-03-11 08:47:16.998649,2026-03-11,6636,33,1673284405.9922931,1673284405.9922931,2.0974440776189387,218559096.9990416,218433160.7133856,125936.28565598054,-8.4856,-0.67597747,-0.6967552,-1.54013193,12.05980482,-28.26192145,-33.14559627,3509620467.5206594,0.1051,4404632563.006709
2026-03-11 08:47:16.998649,2026-03-11,28321,54,10605378802.121828,10605378812.121828,0.1353376082129284,82219263.1841763,82099769.5837829,119493.6003933957,-4.9269,-0.45539162,0.10226917,-4.03793183,1.53816412,-37.41895023,-23.20137769,1435306601.2712607,0.043,1435306602.6215112
2026-03-11 08:47:16.998649,2026-03-11,2,22,76936426.98347135,84000000.0,75.4029768920274,443451684.04226536,442722637.4322218,729046.6100435631,-3.4503,-0.48722081,-0.75958384,-1.37465968,-0.77115619,-33.86695718,-37.04762658,5801235625.989844,0.1738,6333850058.928737
2026-03-11 08:47:16.998649,2026-03-11,1831,11,20005546.875,20005546.875,625.0817760875357,457523587.4006802,454955540.901456,2568046.499224142,3.2439,-0.44398125,-1.19253205,0.99206966,-15.41360575,-29.51024663,-22.6786202,12505102772.22745,0.3746,13126717297.835129
2026-03-11 08:47:16.998649,2026-03-11,7083,34,633649562.7465303,898284420.0366303,5.407259276442964,338725481.0893396,336094215.5363444,2631265.552995315,-10.2402,-0.5018603,-1.53356412,-0.08445974,11.47564394,-29.64601098,-32.93967251,3426307476.175204,0.1026,4857256763.123103
2026-03-11 08:47:16.998649,2026-03-11,6535,44,1289849790.0,1289849790.0,1.7901054533527687,332158098.01734585,332128178.3959224,29919.621423452776,8.0834,-1.15043818,2.11255405,-5.52055778,23.45898096,-25.07912658,-28.93783633,2308967143.084924,0.0692,2308967143.080206
2026-03-11 08:47:16.998649,2026-03-11,512,19,33003242434.40587,50001786883.65895,0.2243527461970021,234216234.1835993,233901035.6813606,315198.50223871204,59.2674,-0.87833568,4.79992112,6.34783471,-0.83885055,-29.44962449,-36.64164222,7404368073.56439,0.2218,11218042673.085823
2026-03-11 08:47:16.998649,2026-03-11,3794,57,497049440.0,497049440.0,2.5053910303365474,71280589.84726284,69687456.09170368,1593133.7555591613,2.8531,-0.73080861,1.93971616,-0.86194277,-8.44634429,-31.78296486,-22.3471656,1245303208.609804,0.0373,1245303208.614596
2026-03-12 20:21:57.997430,2026-03-12,1,1,20001134.0,20001134.0,97755.10766171584,61791624872.27186,61679798263.592064,111826608.67978647,-8.9088,-0.54634374,0.09056617,-3.95423589,0.6178866,-23.1810715,-24.58173058,1955213007526.4048,58.5504,2052857260896.04
2026-03-12 20:21:57.997430,2026-03-12,1027,2,120691977.44783103,120691977.44783103,2865.5241690104704,26740675858.48761,26601197758.798737,139478099.68886033,-9.1941,-0.4001484,1.11071495,-3.93143106,0.9770318,-34.14065754,-37.13844504,345845778382.4265,10.3566,345845778382.43164
2026-03-12 20:21:57.997430,2026-03-12,1839,4,136358209.68,136358209.68,907.4150679815604,2354592968.195931,2263538430.8037014,91054537.39222915,14.6547,-0.16859716,0.71737718,-1.18899259,2.61384403,-29.30799963,-27.10172323,123733494106.62106,3.7053,123733495295.33876
2026-03-12 20:21:57.997430,2026-03-12,5426,7,571113617.4850934,622132051.6678602,120.08367462235977,5575067206.611986,5575002302.438578,64904.17340828872,-1.6053,-0.44727696,0.19879393,-6.28199237,0.88404299,-37.33810936,-37.98471616,68581421814.47879,2.0537,74707902864.62332
2026-03-12 20:21:57.997430,2026-03-12,52,5,61227832454.0,99985701766.0,1.9332801298383784,3288049693.88076,3283142834.863004,4906859.017757086,-22.7465,-0.0889075,0.11632924,-3.38087111,-3.67346003,-34.21465551,-32.18066621,118370551876.3916,3.5447,193328012983.84268
2026-03-12 20:21:57.997430,2026-03-12,74,9,169088403126.5791,169088403126.5791,0.1299770823463235,1610340747.2641633,1609419758.0123284,920989.2518349532,-48.114,-0.37435193,0.73780391,-3.74119664,-1.1744887,-33.85429527,-34.09691987,21977617296.99172,0.6581,21977617296.998657
2026-03-12 20:21:57.997430,2026-03-12,2010,11,36087496074.63719,44994543382.79319,0.3654649890566617,654749252.4710937,649639858.8501552,5109393.620938352,-28.5323,-0.35537006,0.95617893,-4.66245675,-1.76899017,-33.57423,-38.60156401,13188716357.999603,0.3949,16445924507.555004
2026-03-12 20:21:57.997430,2026-03-12,1958,8,94747026975.6728,94747029107.3984,0.4068481067625215,718542021.3013824,718376585.3929923,165435.90839034758,11.6056,-0.00958525,0.83306059,1.93895049,4.58120588,-2.87278427,4.39624103,38547648546.43002,1.1543,38547649413.71752
2026-03-12 20:21:57.997430,2026-03-12,5805,22,431771961.1772119,463441061.1772119,13.388847653807163,367548799.5904,361586642.8501519,5962156.740248166,-31.8938,-0.80366612,-0.18704527,0.5598604,7.48052962,-30.85275731,-29.75696861,5780929009.387232,0.173,9583050557.094715
2026-03-12 20:21:57.997430,2026-03-12,11419,28,2453470824.336941,5156527507.921403,1.8844410392417976,105649416.59354492,103782338.5685081,1867078.025036804,-7.5588,0.26676247,3.35854461,-0.40472145,-1.68660008,-22.95367574,-17.59679687,4623421109.962935,0.1385,9717172055.89964
2026-03-12 20:21:57.997430,2026-03-12,1975,15,708099970.4525867,1000000000.0,12.559545404025084,871852647.5748872,868088374.1838337,3764273.3910534303,-7.3303,-0.22244817,0.40998668,-3.92660473,4.23823979,-32.24483447,-36.11368319,8893413729.488083,0.2663,12559545404.02058
2026-03-12 20:21:57.997430,2026-03-12,5994,27,589243713465540.4,589500260539286.0,8.177278916398446e-06,196649136.12456685,196352036.7814036,297099.3431633513,-34.0595,-0.14460315,3.56640915,3.44780688,-2.77748433,-32.89861643,-30.79434122,4818410194.742091,0.1443,4820936825.651089
2026-03-12 20:21:57.997430,2026-03-12,6636,33,1673559680.3127615,1673559680.3127615,2.1153400028828457,170502739.98705164,170284472.746935,218267.2401166581,-11.7702,-0.39217418,0.86261179,-1.8871192,16.96894083,-28.74303195,-26.21283741,3540147738.977412,0.106,4442214006.058311
2026-03-12 20:21:57.997430,2026-03-12,28321,53,10606529548.272633,10606529558.272633,0.1381902854183967,82071898.37281968,81943242.59484217,128655.77797749052,6.4066,0.39626471,2.10014105,-4.33862908,5.98824092,-42.90717532,-18.87590254,1465719345.5744536,0.0439,1465719346.9521472
2026-03-12 20:21:57.997430,2026-03-12,2,21,76941451.98347135,84000000.0,76.05255265749967,418432772.38233066,417910384.1215638,522388.2607668861,0.4314,-0.34114771,0.53716019,-4.43632437,1.14598917,-33.24788371,-35.12339376,5851593828.517438,0.1752,6388414423.228872
2026-03-12 20:21:57.997430,2026-03-12,1831,12,20006240.625,20006240.625,638.3700465583125,387280788.2251986,384493934.2449477,2786853.980250745,-5.2647,-0.11583943,1.24486956,-1.53464921,-13.07351057,-30.17860472,-21.41682939,12771384759.238054,0.3824,13405770977.723597
2026-03-12 20:21:57.997430,2026-03-12,7083,34,633625562.7465303,898260420.0366303,5.444621414530102,270572939.3642601,268776104.5960918,1796834.7681681958,-14.4788,-0.41161027,0.9543214,-3.95218314,14.54500008,-29.6280825,-30.55605367,3449851307.723446,0.1033,4890687918.752231
2026-03-12 20:21:57.997430,2026-03-12,6535,43,1289978834.0,1289978834.0,1.8497589726223087,279322162.7802748,279307447.1593038,14715.620970955266,-8.5844,-0.50966041,3.54964265,0.25850841,31.29906719,-22.3811642,-22.40850229,2386149922.684365,0.0715,2386149922.6813745
2026-03-12 20:21:57.997430,2026-03-12,512,19,33003964329.72017,50001786883.65895,0.2226160656928594,145162269.79557538,145003310.94656467,158958.84901070196,-39.2385,-0.0423784,1.41540271,-0.21249585,0.64909299,-30.51077062,-34.92382122,7347212691.349775,0.22,11131205510.015856
2026-03-12 20:21:57.997430,2026-03-12,3794,56,497388930.0,497388930.0,2.556814726355158,61159472.55314745,60289195.7561916,870276.7969558577,-12.7571,-0.77798276,0.10224598,-2.90617897,-4.86998389,-30.59462132,-16.55189053,1271731340.9500349,0.0381,1271731340.9503384
2026-03-13 22:19:50.749772,2026-03-13,1,1,20001578.0,20001578.0,102946.44461608658,69713372823.03688,69628508194.427,84864628.60987969,9.7539,0.13584973,2.77911211,2.70319105,8.53683608,-19.92688043,-19.98775268,2059091341811.336,59.0172,2161875336937.817
2026-03-13 22:19:50.749772,2026-03-13,1027,2,120691953.6332311,120691953.6332311,3023.306069990408,35361681246.185005,35106421954.53305,255259291.65196183,25.0532,0.10387234,2.78348377,3.09256369,9.36771382,-31.55209981,-31.95764301,364888716018.3485,10.4584,364888716018.35095
2026-03-13 22:19:50.749772,2026-03-13,1839,4,136358136.93,136358136.93,947.3598102588657,2702131058.588215,2597370871.6183567,104760186.969858,15.6899,-0.092518,2.30376907,4.25814803,13.00309075,-25.86415389,-25.35539759,129180218729.25722,3.7025,129180219828.20148
2026-03-13 22:19:50.749772,2026-03-13,5426,7,571236781.8290182,622265999.1433512,128.1604640380846,6945670865.125056,6945627083.973143,43781.151914320384,21.4702,0.53842172,3.94764305,2.64223646,11.5501864,-35.30313397,-32.70887873,73209971034.82907,2.0965,79749899205.33276
2026-03-13 22:19:50.749772,2026-03-13,52,5,61227832454.0,99985701766.0,2.028458851774245,4191520140.101771,4188754292.271276,2765847.830494762,23.9776,-0.27585595,2.71694868,1.79782132,4.58715954,-29.96347901,-29.95244742,124198138716.2667,3.5597,202845885177.4225
2026-03-13 22:19:50.749772,2026-03-13,74,9,153391206383.70526,153391206383.70526,0.1415168524725096,2149747179.6564026,2146872771.6397347,2874408.0166680813,27.0537,0.93670669,5.46145185,6.5359998,10.972764,-26.91996785,-28.52407379,21707440724.383102,0.6222,21707440724.38856
2026-03-13 22:19:50.749772,2026-03-13,2010,10,36087496074.63719,44994543382.79319,0.3903007303782517,782029477.4001209,779168172.2647549,2861305.135365881,16.3192,0.04005474,4.42188063,2.70604089,8.34449388,-28.84901906,-33.69374935,14084976075.453188,0.4037,17563532867.01898
2026-03-13 22:19:50.749772,2026-03-13,1958,8,94747588510.5717,94747588977.2963,0.410361065230666,600886423.6770792,600732913.1352081,153510.54187126277,-18.0371,-0.25616371,-0.22348126,0.68876453,5.32695014,-2.82423152,5.84726538,38880721349.235016,1.1144,38880721540.75688
2026-03-13 22:19:50.749772,2026-03-13,5805,21,431771961.1772119,463441061.1772119,14.215634609058482,498361032.2862213,492525923.31460327,5835108.97161805,29.9989,0.22588294,4.34147509,7.37665029,17.28657358,-26.48216095,-25.53827892,6137912434.531828,0.1759,10174822261.20097
2026-03-13 22:19:50.749772,2026-03-13,11419,28,2455753800.418054,5156627514.741505,1.853245344094297,140730604.30032524,137799677.56501135,2930926.7353138765,30.5885,0.32778999,-2.01999884,-1.99273589,0.48561776,-24.45545943,-19.58649351,4551114296.866634,0.1304,9556495932.92617
2026-03-13 22:19:50.749772,2026-03-13,1975,15,708099970.4525867,1000000000.0,13.204350916563882,1058274765.8879868,1042341178.108418,15933587.77956925,14.222,-0.0115292,2.48227595,1.74166405,13.0342715,-29.28921674,-33.08936479,9350000493.864471,0.268,13204350916.565523
2026-03-13 22:19:50.749772,2026-03-13,5994,26,589243711968756.5,589500259042502.1,8.708924244107102e-06,221727312.02494788,221329125.85539407,398186.1695536648,6.1438,1.69387413,3.21028381,10.46546286,5.80611349,-26.99058171,-26.88085699,5131678848.8523655,0.1471,5134369761.564444
2026-03-13 22:19:50.749772,2026-03-13,6636,35,1673933922.7840447,1673559680.3127615,2.1623930742057555,180947886.90020084,180597114.5673276,350772.3328732483,5.1183,-0.09291977,0.43819987,0.1435964,23.13089447,-25.74592609,-25.77944374,3619703121.30629,0.1037,4541025455.827207
2026-03-13 22:19:50.749772,2026-03-13,28321,54,10607104928.207142,10607104938.207142,0.1403127133219541,86257439.62405236,86141717.3934049,115722.2306474454,4.9819,0.63999364,-0.01929691,-1.12540872,11.35394373,-35.88371586,-18.52439287,1488311672.9674156,0.0427,1488311674.3769526
2026-03-13 22:19:50.749772,2026-03-13,2,22,76945220.73347135,84000000.0,79.56217758377034,421722175.5236916,419064936.5517947,2657238.971896981,-1.2378,0.26416535,2.82456714,1.35694038,8.11378185,-27.81947075,-31.52434607,6121929316.218855,0.1755,6683222917.032375
2026-03-13 22:19:50.749772,2026-03-13,1831,12,20006721.875,20006721.875,668.796142597344,523144460.7615117,519914344.72174096,3230116.039770765,32.3253,0.0976559,2.43588165,3.0727602,-7.81802766,-24.78397754,-18.50438486,13380418416.0179,0.3835,14044718994.545996
2026-03-13 22:19:50.749772,2026-03-13,7083,33,633593562.7465303,898228420.0366303,5.796842570497007,390585002.7533502,386666385.4441164,3918617.309233808,37.1536,-0.45338122,3.65512587,2.99785856,25.5410995,-24.26063256,-25.52577169,3672842136.921953,0.1053,5206888743.293434
2026-03-13 22:19:50.749772,2026-03-13,6535,44,1290055579.0,1290055579.0,1.9199385525030768,498058448.1297808,497999539.21361285,58908.91616803195,65.6997,0.12682486,1.02539934,7.11213103,42.08977219,-19.33192039,-19.69668464,2476827440.99378,0.071,2476827440.9915586
2026-03-13 22:19:50.749772,2026-03-13,512,18,33004235247.506264,50001786883.65895,0.234769401924466,149354784.41813973,149198976.83975315,155807.57838662734,-1.6984,0.05579687,3.23322454,4.46080857,7.79462596,-24.65438718,-30.80990715,7748384570.031427,0.2221,11738894280.399574
2026-03-13 22:19:50.749772,2026-03-13,3794,59,497559260.0,497559260.0,2.6399987558049465,60644825.482278295,59980921.50336646,663903.97891182,-1.2258,-0.01835522,1.75897203,1.67411303,-1.69754982,-27.68168997,-14.75544117,1313555827.3392298,0.0376,1313555827.3351183
2026-03-17 15:20:49.813919,2026-03-17,1,1,20002996.0,20002996.0,105407.29194539822,82400801395.46669,82314725356.10641,86076039.36029233,74.471,-0.62741927,0.9120164,6.95818588,5.98445952,-22.01373018,-14.49629912,2108461639154.633,58.4904,2213553130853.3623
2026-03-17 15:20:49.813919,2026-03-17,1027,2,120691856.22514506,120691856.22514506,3283.9519999368995,55199903742.27148,54875702345.13027,324201397.14126825,98.4844,-0.93206573,3.3873121,14.07655126,11.87572005,-29.73402294,-21.08152624,396346262626.66187,10.995,396346262626.6667
2026-03-17 15:20:49.813919,2026-03-17,1839,5,136357887.61,136357887.61,957.3852215866624,3350156366.3537245,3232864668.2348924,117291698.11883348,32.1397,-0.66155478,-0.96224869,5.49799463,6.15632554,-27.24811137,-21.50494038,130547026444.5891,3.6215,130547027583.87404
2026-03-17 15:20:49.813919,2026-03-17,5426,7,571364123.1320162,622397821.2393618,132.97889431963276,9015560940.501778,9015504022.76155,56917.74022552182,59.0453,-0.91560266,0.59354279,9.87492764,5.15438469,-33.92562939,-26.59628307,75979369348.00201,2.1077,82765774095.36342
2026-03-17 15:20:49.813919,2026-03-17,52,4,61227832454.0,99985701766.0,2.189289253666254,7166520936.237834,7157985743.511385,8535192.72645138,110.1403,-1.75026561,4.83867269,12.44880259,0.15908325,-25.21267042,-19.57206451,134045435616.8201,3.7185,218928925366.6184
2026-03-17 15:20:49.813919,2026-03-17,74,9,169153463126.57907,169153463126.57907,0.1432983246271196,3394206798.044226,3390433919.894542,3772878.149683524,89.1807,-1.36276637,0.93509017,10.45130263,-13.02214117,-27.42942789,-22.67552434,24239407870.914043,0.6724,24239407870.91513
2026-03-17 15:20:49.813919,2026-03-17,2010,11,36090735750.89706,44994534181.27696,0.4041194678309373,1497490819.7919016,1495122741.9186172,2368077.87328442,105.0986,-1.20835682,1.27434988,9.95455138,-4.55872359,-27.11981772,-25.15779902,14584968925.279509,0.4046,18185376052.38815
2026-03-17 15:20:49.813919,2026-03-17,1958,8,94750985213.3503,94750979512.0806,0.420502269081885,687184690.0082655,686992319.7585651,192370.24970029472,16.6662,0.31372182,-0.31770873,3.798162,5.34781933,-4.49529032,5.99748414,39843004279.95793,1.1053,39843001882.56556
2026-03-17 15:20:49.813919,2026-03-17,5805,22,431771961.1772119,463441061.1772119,14.67734273111937,738161595.3167713,730057340.9081439,8104254.408627417,76.127,-0.38332226,0.2573447,10.14682441,7.29136383,-24.68802462,-15.35972112,6337265055.885507,0.1758,10505289258.12937
2026-03-17 15:20:49.813919,2026-03-17,11419,29,2454283619.4182587,5153916579.526503,1.8865545171240263,157713541.1819828,155386198.65441296,2327342.527569843,30.6314,0.04899832,0.09356903,-0.61265842,-10.1516543,-22.47975113,-14.36943696,4630139848.517021,0.1284,9723144603.984
2026-03-17 15:20:49.813919,2026-03-17,1975,14,708099970.4525867,1000000000.0,13.906904207311896,1535119363.6590614,1508648104.893088,26471258.7659724,50.2964,-0.40141576,0.65569775,9.42337342,7.61640881,-28.29158654,-23.1675504,9847478458.284506,0.2732,13906904207.315992
2026-03-17 15:20:49.813919,2026-03-17,5994,27,589243651157023.4,589500199349403.0,8.678999602159437e-06,264186204.76842263,263669271.8246084,516932.9438142765,74.2739,-0.62835452,0.14083855,10.59998944,-13.54321216,-27.01077725,-21.46540045,5114045413.96678,0.1419,5116727608.253926
2026-03-17 15:20:49.813919,2026-03-17,6636,34,1673933922.7840447,1673559680.3127615,2.280439133454338,611442076.688322,609936361.2997919,1505715.3885300015,239.441,-0.05464727,7.93100736,5.93267956,12.84434282,-23.69222163,-14.03099347,3817304424.333468,0.1059,4788922180.254295
2026-03-17 15:20:49.813919,2026-03-17,28321,54,10609407159.815023,10609407169.815023,0.1417581080479139,115789179.45012608,115653450.42686312,135729.02326295053,49.3584,-0.88405553,0.62766137,4.04521947,-8.73716617,-32.33480366,-11.13910655,1503969486.4853704,0.0417,1503969487.9018571
2026-03-17 15:20:49.813919,2026-03-17,2,23,76957720.73347135,84000000.0,82.10774665278316,675297932.5031558,674620327.4889708,677605.0141852291,65.6118,-0.4692157,1.89546364,7.15302975,3.20848268,-19.79923209,-26.63378593,6318825036.959503,0.1753,6897050718.834027
2026-03-17 15:20:49.813919,2026-03-17,1831,12,20008356.25,20008356.25,671.7673421090196,511143458.2803027,507995472.9035743,3147985.3767283107,43.972,-0.34177022,0.48388636,6.02913382,-15.89890882,-20.14299203,-13.04441617,13440960298.032892,0.3729,14107114184.284409
2026-03-17 15:20:49.813919,2026-03-17,7083,35,633473562.7465303,898108420.0366303,5.761478608847744,547311369.3413886,542657667.793389,4653701.547999676,72.8345,-0.90612568,-0.8531714,3.60845419,11.43100405,-23.47193237,-20.31512399,3649744381.0347033,0.1012,5174432450.4604645
2026-03-17 15:20:49.813919,2026-03-17,6535,39,1290394717.0,1290394717.0,2.053267720308497,466607413.47191846,466566745.63101625,40667.84090220993,78.6189,-0.11394065,3.69643129,14.91866527,33.84779562,-15.68136222,-6.35457462,2649525818.8727183,0.0735,2649525818.867552
2026-03-17 15:20:49.813919,2026-03-17,512,18,32990604623.38997,50001786883.65895,0.2500919913685921,277999923.4098024,277713799.66169274,286123.74810961133,75.4604,-1.72274821,3.68312006,14.71065181,-0.67138559,-22.46248477,-19.27618738,8250686006.717483,0.2289,12505051437.64498
2026-03-17 15:20:49.813919,2026-03-17,3794,57,498243140.0,498243140.0,2.751047011636507,91012616.35802646,89683386.94578384,1329229.4122426235,73.57,-0.72369224,2.88351216,10.0501299,-11.08110988,-21.43444338,-2.91683826,1370690301.3653898,0.038,1370690301.361316
2026-03-17 21:00:26.576000,2026-03-17,1,1,20003043.0,20003043.0,104954.6223672032,74281846952.48404,74190850909.28308,90996043.20096354,-4.715,0.07891397,0.47021788,6.15559185,8.99043606,-21.92249787,-13.12827001,2099411824259.9275,58.5915,2204047069711.269
2026-03-17 21:00:26.576000,2026-03-17,1027,2,120691856.22514506,120691856.22514506,3276.970067316535,42370118871.88747,42129419384.87112,240699487.01636404,-22.5449,0.3462019,-0.67534118,13.95791823,19.42889311,-29.21987663,-17.352723,395503600218.6712,11.0379,395503600218.6746
2026-03-17 21:00:26.576000,2026-03-17,1839,5,136357836.13,136357836.13,946.1451553525972,2777556635.7478733,2655487103.373445,122069532.37442876,-20.0378,0.00440972,-0.67325416,4.34915908,9.60910215,-28.00777348,-20.17510939,129014306048.76283,3.6006,129014306521.8332
2026-03-17 21:00:26.576000,2026-03-17,5426,7,571447864.3605669,622531922.7722818,133.56336630682426,6639053289.430028,6639013050.351591,40239.078435777046,-31.9593,0.16086863,-1.04792164,10.05326255,10.66554911,-34.42327494,-22.67338926,76324500432.84282,2.1301,83147459238.93178
2026-03-17 21:00:26.576000,2026-03-17,52,4,61227832454.0,99985701766.0,2.1583565601934662,6929518901.476998,6920262188.467008,9256713.009992072,13.5273,0.07493152,0.34939914,10.25421306,4.93400411,-26.15005135,-18.30531203,132151493843.51732,3.6882,215835656019.3517
2026-03-17 21:00:26.576000,2026-03-17,74,9,169162913126.57907,169162913126.57907,0.1414945539592824,2317893890.611038,2315497343.84342,2396546.7676191228,-32.5073,0.25200977,-1.11040991,5.86668751,-2.27824614,-27.02053958,-20.71785075,23935630939.29816,0.668,23935630939.303013
2026-03-17 21:00:26.576000,2026-03-17,2010,11,36090735750.89706,44994534181.27696,0.4072974693753198,959736740.930838,958356704.4903486,1380036.4404893056,-39.2338,0.18295855,0.51592229,9.80131213,3.63197045,-26.57527793,-21.43218126,14699665339.233755,0.4102,18328386121.89011
2026-03-17 21:00:26.576000,2026-03-17,1958,8,94750590696.3306,94750586921.45,0.4307308935912877,916950832.3488016,916705993.8221332,244838.526668569,40.8421,0.0300801,3.43617308,7.33999295,9.30052481,-1.37406069,9.60769828,40812006598.93282,1.139,40812004972.97142
2026-03-17 21:00:26.576000,2026-03-17,5805,23,431771961.1772119,463441061.1772119,14.478432355631766,553553308.6922691,544011222.3153206,9542086.376948403,-24.5602,0.301107,-0.47083264,6.89519491,11.62056921,-24.2131633,-13.40390377,6251381132.962727,0.1745,10362919411.672373
2026-03-17 21:00:26.576000,2026-03-17,11419,28,2458108268.763107,5157041028.200643,1.9058707380490496,156292962.28088644,154275653.15652034,2017309.124366112,0.0125,0.38813474,1.38321389,1.86817858,-7.88443972,-20.96899523,-7.95535248,4684836620.392014,0.1307,9828653590.57267
2026-03-17 21:00:26.576000,2026-03-17,1975,14,708099970.4525867,1000000000.0,13.847213597214852,1179128317.9938493,1167107178.3404694,12021139.65337979,-25.8077,0.26753864,-1.0657284,9.33158281,13.60651399,-28.11744827,-19.57146126,9805211539.038492,0.2736,13847213597.208187
2026-03-17 21:00:26.576000,2026-03-17,5994,27,589243650956657.5,589500199349037.0,8.559164271042038e-06,207321677.6733057,207110875.534826,210802.1384797167,-19.3123,0.19449891,-1.19289461,6.57748459,-5.95750958,-28.30181114,-19.43783551,5043433204.206588,0.1408,5046078365.8025055
2026-03-17 21:00:26.576000,2026-03-17,6636,34,1673933922.7840447,1673559680.3127615,2.255731090910312,354883367.04935,354481454.1630488,401912.8863011759,-37.2957,0.51368404,-1.64278472,6.53504791,18.86985771,-24.65030912,-11.43673883,3775944793.753432,0.1054,4737035290.910721
2026-03-17 21:00:26.576000,2026-03-17,28321,54,10609407159.815023,10609407169.815023,0.1404947847218557,89135772.66792184,89041651.71643873,94120.95148309802,-24.1211,0.35379714,-2.11989575,3.13762511,-7.57337711,-30.32543763,-7.13322589,1490566374.944726,0.0416,1490566376.34822
2026-03-17 21:00:26.576000,2026-03-17,2,22,76960101.98347135,84000000.0,82.15962926450074,563434576.1671569,563009686.5031738,424889.6639832046,-11.1433,0.26296138,-0.23223666,8.09585811,7.0183069,-21.70966263,-23.41469603,6323013447.120174,0.1765,6901408858.221697
2026-03-17 21:00:26.576000,2026-03-17,1831,12,20008640.625,20008640.625,667.5905013681681,403776619.71919847,400857577.0001597,2919042.719038648,-21.8658,-0.01085172,-1.51161976,6.11074343,-14.38359767,-20.88879407,-13.0369091,13357578426.539246,0.3728,14019400528.72546
2026-03-17 21:00:26.576000,2026-03-17,7083,35,633461562.7465303,898096420.0366303,5.631972254284178,447812886.3171082,445166307.8086324,2646578.508475847,-16.4846,0.4454764,-3.86131204,3.36664616,16.37974251,-24.63533464,-18.85658608,3567637945.5439544,0.0996,5058054119.314738
2026-03-17 21:00:26.576000,2026-03-17,6535,40,1290446658.0,1290446657.0,2.0519800758224136,380183438.2520727,380155089.0825595,28349.16951308959,-5.6512,0.2653708,-0.33895201,13.14199455,39.72635174,-15.379619,-1.81186154,2647970831.12762,0.0739,2647970829.0812287
2026-03-17 21:00:26.576000,2026-03-17,512,18,32990601332.824543,50001786883.65895,0.2466791107999089,224603857.61296627,224383135.6763352,220721.93663112124,-12.0435,0.38351364,0.15937246,8.83373447,4.26337872,-22.50398472,-17.32412737,8138092201.53545,0.2271,12334401242.77211
2026-03-17 21:00:26.576000,2026-03-17,3794,58,498243140.0,498243140.0,2.753006518901339,69674730.40270106,68811631.91793723,863098.4847638345,-16.3317,0.719963,-1.02223217,8.82527384,-7.66350348,-21.10804426,0.36842864,1371666612.4178724,0.0383,1371666612.4110525
2026-03-18 02:46:37.524740,2026-03-18,1,1,20003043.0,20003043.0,104683.70826714982,61777845339.39651,61694731582.32069,83113757.07581744,-25.013,0.31626791,-1.30357352,6.77035997,8.65771373,-21.89276266,-14.15997463,2093992717867.2527,58.5348,2198357873610.1409
2026-03-18 02:46:37.524740,2026-03-18,1027,2,120691832.4378727,120691832.4378727,3287.642959282274,32408719249.54423,32224676063.93842,184043185.60580137,-44.3244,0.20590331,-0.92578107,15.54874539,19.2490421,-28.87607174,-17.71457044,396791653157.2481,11.0918,396791653157.2464
2026-03-18 02:46:37.524740,2026-03-18,1839,5,136357826.42000002,136357826.42000002,945.7164198801314,2548373010.1364417,2429759012.643785,118613997.4926558,-25.9421,0.2583036,-1.60851884,5.04426077,9.6162133,-28.16385971,-20.49980822,128955835424.55882,3.6048,128955836389.18254
2026-03-18 02:46:37.524740,2026-03-18,5426,7,571447677.5907394,622531735.9984816,133.71705623468247,5263650060.452078,5263611173.030489,38887.42158962342,-43.4034,0.28061987,-0.44446293,10.93087514,10.77142447,-34.17947986,-23.1933009,76412301239.57959,2.136,83243111150.3766
2026-03-18 02:46:37.524740,2026-03-18,52,4,61227832454.0,99985701766.0,2.1517123175910244,5658873703.535268,5653170870.463258,5702833.072009715,-16.2498,0.67913922,-3.94227834,10.73020388,4.53230093,-25.74087195,-18.00826223,131744681270.6713,3.6827,215171231759.1051
2026-03-18 02:46:37.524740,2026-03-18,74,9,169166313126.57907,169166313126.57907,0.1422968200733427,1897379354.7269115,1895872974.705988,1506380.0209234995,-46.6036,0.40480167,-2.88343809,9.11902728,-1.16690601,-26.37850742,-19.96314778,24071828421.443584,0.6729,24071828421.449512
2026-03-18 02:46:37.524740,2026-03-18,2010,11,36090735750.89706,44994534181.27696,0.4092058849912049,835010699.4299778,832850682.8478594,2160016.5821181373,-47.763,0.48114389,-0.33692356,12.20826875,3.50483919,-26.12679849,-20.95208639,14768541462.929552,0.4128,18414264824.601383
2026-03-18 02:46:37.524740,2026-03-18,1958,8,94751077153.1051,94751071446.9748,0.433962086775913,949506631.5532696,949211195.1376348,295436.4156347247,38.6382,0.00744817,4.12491053,8.05505178,10.09596792,-0.44354273,10.44407937,41118375165.62702,1.1494,41118372689.38102
2026-03-18 02:46:37.524740,2026-03-18,5805,23,431771961.1772119,463441061.1772119,14.464408039113527,472776053.4241955,462813073.956977,9962979.467218438,-40.0908,0.47964361,-1.97964436,8.17515921,11.44834904,-24.12781806,-13.28227551,6245325826.315477,0.1746,10352881525.082409
2026-03-18 02:46:37.524740,2026-03-18,11419,28,2458131531.899993,5157064951.273076,1.90612362070888,145837369.3696169,144065710.4112692,1771658.9583477257,-8.2273,0.25675417,1.48984075,3.98458015,-6.93111832,-20.41653057,-8.30804561,4685502575.763881,0.131,9830003317.154696
2026-03-18 02:46:37.524740,2026-03-18,1975,14,708099970.4525867,1000000000.0,13.886141519594524,984597363.8040668,976128310.4108044,8469053.39326238,-38.5045,0.32325024,-0.62772324,10.52907726,12.92552276,-27.66150929,-19.39265454,9832776399.72532,0.2749,13886141519.600883
2026-03-18 02:46:37.524740,2026-03-18,5994,27,589243650956657.5,589500199349037.0,8.654664477908315e-06,198700886.36134025,198508694.4134316,192191.94790867984,-24.4964,0.9271465,-1.23595017,9.60014934,-6.63253612,-27.50909192,-18.18884685,5099706094.76759,0.1426,5102380770.153454
2026-03-18 02:46:37.524740,2026-03-18,6636,33,1674937955.9341626,1674937955.9341626,2.315528739563519,340981465.69405687,340728049.13983554,253416.554221411,-44.1357,0.93626594,1.52045393,11.05416674,21.76294121,-22.42679014,-8.9054728,3878366973.951328,0.1084,4862610353.079082
2026-03-18 02:46:37.524740,2026-03-18,28321,54,10609982855.751036,10609982865.751036,0.1408791086856482,82917604.61510384,82828288.73992541,89315.87517842255,-28.9313,0.2742825,-1.52042367,4.57387523,-6.87742273,-30.88185852,-6.57855394,1494724927.8882143,0.0418,1494724929.2945888
2026-03-18 02:46:37.524740,2026-03-18,2,22,76960933.23347135,84000000.0,82.19931399753345,483257984.44342846,482938982.3390921,319002.1043363734,-27.7323,0.10082573,-1.11816078,8.62517353,7.02584609,-21.57167472,-23.33753671,6326135916.401319,0.1768,6904742375.794096
2026-03-18 02:46:37.524740,2026-03-18,1831,12,20008756.25,20008756.25,664.3788820284017,354384031.2250735,351358212.9598967,3025818.265176754,-32.0879,0.30648798,-1.33459026,5.22740316,-15.20193291,-21.20323057,-14.35637496,13293395108.153791,0.3716,13951956522.600723
2026-03-18 02:46:37.524740,2026-03-18,7083,35,633407562.7465303,898042420.0366303,5.624951970867275,407320981.7595893,404893423.0483697,2427558.711219633,-28.1361,0.44436912,-3.64488888,4.28006122,13.59918523,-24.89825871,-19.37280685,3562887118.433333,0.0996,5051445480.509847
2026-03-18 02:46:37.524740,2026-03-18,6535,39,1290472906.0,1290472906.0,2.0554281185550938,260312780.07085985,260295941.9166121,16838.154247726492,-46.0778,0.49780646,-0.05113717,14.58915547,39.25924839,-15.34558667,-1.29175906,2652474297.2259045,0.0741,2652474297.220281
2026-03-18 02:46:37.524740,2026-03-18,512,17,32997781490.09544,50001786883.65895,0.2470018127378197,184101449.17083928,183895475.185686,205973.9851532681,-32.7884,0.93583405,-2.72901031,11.95626261,3.52095528,-22.10672021,-17.58783167,8150511844.380047,0.2278,12350536922.724
2026-03-18 02:46:37.524740,2026-03-18,3794,58,498413630.0,498413630.0,2.791002846605038,61793006.45549385,60860627.44627281,932379.0092210554,-32.1463,0.77994425,0.41593792,10.04403529,-6.91302557,-20.57807441,3.27976871,1391073860.11675,0.0389,1391073860.112996
2026-03-19 02:47:54.295780,2026-03-19,1,1,20003043.0,20003043.0,100967.29739786516,65283771283.03219,65201992314.54862,81778968.48355897,4.845,0.01940641,-4.37840622,2.45364903,3.25774592,-25.05148751,-16.86526303,2019653191443.285,58.261,2120313245355.1628
2026-03-19 02:47:54.295780,2026-03-19,1027,2,120691801.1632979,120691801.1632979,3127.067763696776,36224526946.42999,36030089291.42508,194437655.0049204,10.9084,0.19703676,-5.70090867,8.43890895,10.1131308,-33.22340708,-22.21375873,377411440760.2499,10.8872,377411440760.2534
2026-03-19 02:47:54.295780,2026-03-19,1839,5,136357771.68,136357771.68,924.5731054233216,2702198421.286298,2587613483.2545376,114584938.0317615,5.197,-0.04142314,-3.06683069,1.16915109,3.64176627,-31.09175745,-21.10479119,126072728410.78188,3.6368,126072729529.5115
2026-03-19 02:47:54.295780,2026-03-19,5426,7,571446931.46719,622530990.7241638,128.08078502381127,6028717362.990301,6028644801.655997,72561.33430477181,13.6469,-0.02775099,-5.07528471,5.43297933,3.42820601,-36.51799337,-23.91387527,73191371581.76578,2.1106,79734257993.59981
2026-03-19 02:47:54.295780,2026-03-19,52,4,61227832454.0,99985701766.0,2.073208665385104,4195414469.114344,4192159209.951689,3255259.16265445,-26.095,-0.30373771,-4.43372574,6.36744637,-1.8520534,-28.74262547,-18.17851988,126938072806.38008,3.6618,207320866538.51047
2026-03-19 02:47:54.295780,2026-03-19,74,9,169179943126.5791,169179943126.5791,0.1345204821610879,2216475452.0708013,2215096194.263527,1379257.807275331,16.8068,-0.2904672,-6.22089818,2.96953506,-6.0319587,-30.77139008,-21.97693978,22758167521.37286,0.6565,22758167521.379032
2026-03-19 02:47:54.295780,2026-03-19,2010,11,36090735750.89706,44994534181.27696,0.3865879174789304,841343002.383212,839337546.992697,2005455.3905150008,-0.0724,-0.35711587,-6.30620824,4.96582537,-5.29090563,-30.87867667,-22.09716369,13952242374.22168,0.4025,17396456286.54879
2026-03-19 02:47:54.295780,2026-03-19,1958,8,94751360037.1566,94751355372.2472,0.4314709513815193,861395690.7538646,861122102.8456594,273587.9082051379,-9.9869,0.08790117,-1.37660486,4.8369921,6.92831436,-4.42095219,9.4154508,40882459459.92484,1.1793,40882457447.15708
2026-03-19 02:47:54.295780,2026-03-19,5805,23,431771961.1772119,463441061.1772119,13.682871233608552,576717498.1500332,568408991.1622652,8308506.987768072,21.0408,-0.35806707,-6.21146849,1.612398,3.98288761,-29.41961201,-15.00368122,5907880147.070421,0.1704,9793497557.697168
2026-03-19 02:47:54.295780,2026-03-19,11419,29,2458221307.3897915,5157158368.319459,1.833551957463888,179922437.1221999,177800124.04868653,2122313.073513396,22.0079,-0.3564018,-4.55215118,-2.74328497,-10.40676552,-24.95242876,-9.9794042,4507276490.043989,0.13,9455917821.182718
2026-03-19 02:47:54.295780,2026-03-19,1975,14,708099970.4525867,1000000000.0,13.066481619153056,1036378498.6052556,1028348060.5968006,8030438.008455509,4.6633,0.01274649,-6.71250558,3.45853231,2.68064581,-32.51793668,-22.74939259,9252375248.441544,0.2669,13066481619.151684
2026-03-19 02:47:54.295780,2026-03-19,5994,27,589243649697729.5,589500198090109.1,8.232940522615525e-06,232925577.0254658,232707349.2132305,218227.8122353942,16.4931,-0.03508208,-5.56772819,1.32569379,-11.80855453,-30.90494201,-18.2610746,4851207921.290304,0.1399,4853752275.626334
2026-03-19 02:47:54.295780,2026-03-19,6636,33,1675074394.9913392,1675074394.9913392,2.2077209275760064,333057529.683434,331503544.3057076,1553985.3777264743,-3.1694,-0.30004076,-5.48736792,3.23788222,13.21851747,-28.03090336,-10.88180129,3698096797.069097,0.1067,4636213947.906897
2026-03-19 02:47:54.295780,2026-03-19,28321,55,10610558423.019567,10610558433.019567,0.136519335931783,89708725.65182161,89608475.89614664,100249.75567496718,7.3035,-0.30602413,-3.89626965,-1.31986521,-10.5704225,-33.12111935,-6.06614226,1448546389.7760189,0.0418,1448546391.1426516
2026-03-19 02:47:54.295780,2026-03-19,2,21,76964508.23347135,84000000.0,79.31302992501578,480894948.609265,480387772.63912976,507175.970135356,-0.822,-0.1592791,-4.32691252,2.82271112,1.21765174,-24.93498225,-24.5513341,6104288344.685436,0.1761,6662294513.695609
2026-03-19 02:47:54.295780,2026-03-19,1831,12,20009253.125,20009253.125,647.5249191994905,420467834.726935,418780438.9823284,1687395.7446066716,17.749,0.32077839,-3.34950505,0.78938525,-20.24851349,-22.86815322,-18.94864695,12956490013.007776,0.3738,13598023303.19145
2026-03-19 02:47:54.295780,2026-03-19,7083,37,633383562.7465303,898018420.0366303,5.21140629581801,458265034.21589816,456029801.3573901,2235232.858508142,11.6045,0.0625378,-8.13957018,-5.10152418,2.13813479,-30.75463829,-25.50771612,3300819086.56491,0.0952,4679938847.944399
2026-03-19 02:47:54.295780,2026-03-19,6535,40,1290550808.0,1290550808.0,1.960860792981861,352745905.5428906,352729200.9879634,16704.55492719112,34.0595,0.33438632,-5.62065336,6.89219519,30.46254776,-19.56200094,-2.55280135,2530590480.7582617,0.073,2530590480.759788
2026-03-19 02:47:54.295780,2026-03-19,512,17,32999797365.92421,50001786883.65895,0.2395559433358492,183166999.3297512,182908535.66930005,258463.6604511262,-1.3099,0.22590573,-3.81548696,6.36716,-0.73888001,-25.89939061,-18.01215125,7905297587.885847,0.228,11978229999.344065
2026-03-19 02:47:54.295780,2026-03-19,3794,57,498584770.0,498584770.0,2.7121001151157538,84331729.39326254,83118994.37228082,1212735.0209816813,35.4697,0.24997128,-3.68369871,4.23459472,-15.94749511,-24.8478674,3.09657858,1352211812.1119618,0.039,1352211812.106241
2026-03-20 02:38:36.587548,2026-03-20,1,1,20003043.0,20003043.0,98932.89888003535,63151505522.40266,63081590135.89536,69915386.50730318,-2.9774,-0.45137948,-1.61645983,-1.74461779,4.04956776,-24.20389942,-20.45620688,1978959030411.999,58.1687,2077590876480.7483
2026-03-20 02:38:36.587548,2026-03-20,1027,2,120691772.35754023,120691772.35754023,3010.884976413562,34132886392.813538,33937559023.444923,195327369.3686276,-5.528,-0.88474475,-3.1961756,0.97201741,7.15268261,-33.50214889,-28.44909788,363389044168.0435,10.6929,363389044168.0441
2026-03-20 02:38:36.587548,2026-03-20,1839,5,136357719.62,136357719.62,903.4865683270656,2490001537.479114,2406255653.960835,83745883.51827921,-7.4636,-0.274532,-1.75035762,-3.09334169,3.74089023,-30.4175074,-25.12162288,123197368164.37796,3.6205,123197368164.3738
2026-03-20 02:38:36.587548,2026-03-20,5426,7,571567344.6038597,622664809.5320687,125.60885730798434,5251778039.991371,5251730179.8106365,47860.18073558932,-12.5905,-0.51707341,-1.42084667,-0.63220342,4.85569032,-33.48135427,-29.27954152,71793921030.24973,2.1126,78212215211.217
2026-03-20 02:38:36.587548,2026-03-20,52,4,61280678111.0,99985698485.0,2.044073814679795,3482449265.653352,3478779667.4064937,3669598.246858038,-17.0187,-0.51034712,-0.91804624,3.03714465,-1.58215202,-26.03175221,-23.67910321,125262229472.51642,3.6859,204407381467.97336
2026-03-20 02:38:36.587548,2026-03-20,74,9,169193223126.57907,169193223126.57907,0.1322274846472746,1365937513.0154502,1364982045.3161793,955467.6992708727,-38.2485,-0.61240572,-1.12496023,-2.49720699,-7.24842786,-26.30423877,-28.48151847,22371994313.39264,0.6578,22371994313.395645
2026-03-20 02:38:36.587548,2026-03-20,2010,11,36090735750.89706,44994534181.27696,0.3788625075958008,656634744.9596937,655199405.4808795,1435339.478814185,-21.6102,-0.56714236,-1.45643731,-0.81969615,-4.90100411,-26.43262103,-28.34584916,13673426647.56228,0.4019,17048812841.805164
2026-03-20 02:38:36.587548,2026-03-20,1958,8,94751715408.75188,94751709966.5202,0.4291287793920014,854739247.2684313,854371776.5906315,367470.6777996474,0.0764,-0.01104814,-0.27917001,4.83098871,8.06977714,-4.2220011,8.60260731,40660687978.65599,1.1952,40660685643.23344
2026-03-20 02:38:36.587548,2026-03-20,5805,22,431771961.1772119,463441061.1772119,13.4252495159825,344558020.781197,337434548.952898,7123471.828299067,-40.1285,-0.41630565,-1.40891308,-4.47326504,4.11594451,-25.14261377,-22.17227155,5796646312.809178,0.1705,9609105143.32421
2026-03-20 02:38:36.587548,2026-03-20,11419,30,2459360928.8844395,5157250622.551006,1.7036407838266068,155673827.31549597,153189686.2594058,2484141.056090196,-13.443,-1.32681952,-6.65541526,-7.68624184,-14.88417973,-25.0600022,-18.19938594,4189867580.597218,0.1232,8786102492.99935
2026-03-20 02:38:36.587548,2026-03-20,1975,14,708099970.4525867,1000000000.0,12.78652607338026,1006788766.9058204,996818147.6127604,9970619.293059746,-2.4497,-0.67102147,-1.65102301,-2.03279041,2.31900737,-29.48362908,-27.5732912,9054138734.751793,0.2664,12786526073.373554
2026-03-20 02:38:36.587548,2026-03-20,5994,27,589243646443838.6,589500195646948.4,8.302710838916139e-06,172156627.7938664,171976016.5377589,180611.25610750943,-25.7304,-0.05402557,1.34667658,-1.46724297,-9.54906433,-25.50495509,-21.37139978,4892319610.091728,0.144,4894885553.657628
2026-03-20 02:38:36.587548,2026-03-20,6636,33,1675227135.2747908,1675227135.2747908,2.1611172016594544,273781421.7937922,273583103.65710497,198318.13668723128,-17.819,-0.30912779,-1.5388585,-0.04404279,12.92884057,-22.24550957,-16.48848514,3620362178.7290406,0.1064,4538346123.48737
2026-03-20 02:38:36.587548,2026-03-20,28321,54,10611134021.511305,10611134031.511305,0.1369143110721621,69345254.25477767,69257899.72749542,87354.52728227075,-22.5795,0.16080225,0.8038771,-2.40281565,-10.39741719,-28.44769348,-10.83489748,1452816104.2496018,0.0427,1452816105.6141894
2026-03-20 02:38:36.587548,2026-03-20,2,21,76968333.23347135,84000000.0,78.64642304171656,403141081.9049937,402834403.1696844,306678.7353093104,-15.7861,-0.26533905,-0.29237314,1.27446029,2.90460623,-20.31478668,-27.84276257,6053284096.2954,0.1781,6606299535.509303
2026-03-20 02:38:36.587548,2026-03-20,1831,12,20009721.875,20009721.875,650.604965740291,395348080.75798047,392517930.76492494,2830149.9930555457,-5.5776,0.55021681,0.95862319,-0.4166515,-17.84761608,-21.8329335,-24.19971964,13018424414.957129,0.3826,13662704280.551132
2026-03-20 02:38:36.587548,2026-03-20,7083,37,633355562.7465303,897990420.0366303,5.061629714460971,350034656.30732805,348244549.7198096,1790106.58751848,-23.1469,-0.37527865,-2.45891277,-9.92330796,1.6786916,-27.91341762,-32.301164,3205811336.216988,0.0942,4545294993.359388
2026-03-20 02:38:36.587548,2026-03-20,6535,41,1290627973.0,1290627973.0,1.9054832297089968,258561878.7655689,258549578.61577272,12300.14979626236,-26.8418,-0.13045553,-2.24831127,-3.23665852,29.13994981,-14.49892713,-10.9630204,2459269958.3448167,0.0723,2459269958.3388577
2026-03-20 02:38:36.587548,2026-03-20,512,17,33010192296.479733,50001786883.65895,0.2339910108219109,135902973.37460542,135732145.2760869,170828.0985185121,-25.6394,-0.33217496,-1.77552255,2.26025392,-0.31459367,-22.26255884,-24.48266682,7724088262.878949,0.227,11699973318.862667
2026-03-20 02:38:36.587548,2026-03-20,3794,58,498584770.0,498584770.0,2.5460803500074527,74521569.69800553,73763260.37233837,758309.3256671837,-11.1614,-0.63382975,-5.70011686,-2.45805166,-20.16949667,-23.80521141,-8.46710328,1269436885.7099853,0.0373,1269436885.7169044
2026-03-21 02:32:28.831091,2026-03-21,1,1,20003043.0,20003043.0,100329.86920451876,51986062121.126,51936500664.89965,49561456.22634584,-18.0966,0.05967151,0.58337876,-0.21828204,5.63659637,-23.58219613,-19.64590726,2006902687882.364,58.3923,2106927253294.896
2026-03-21 02:32:28.831091,2026-03-21,1027,2,120691751.90763994,120691751.90763994,3056.1601132854457,24512309044.6516,24369159840.72839,143149203.9232092,-28.4777,-0.0812119,0.60395681,2.9263667,9.19478071,-32.4142911,-27.4402085,368853318182.6718,10.7352,368853318182.66974
2026-03-21 02:32:28.831091,2026-03-21,1839,5,136357667.56,136357667.56,910.8396540415284,2259298663.0809617,2138307178.8174567,120991484.26350522,-9.8238,0.00208779,0.12089061,-2.24798558,5.74628455,-30.88077722,-24.4340071,124199970746.26012,3.6142,124199971210.79494
2026-03-21 02:32:28.831091,2026-03-21,5426,7,571566444.941689,622664070.5011547,127.9422317760286,4188388062.088308,4188329290.766256,58771.32205313119,-20.6435,0.05339784,1.13018165,2.2196744,10.13334753,-32.54576851,-27.89168672,73127486574.13025,2.1283,79665030826.66765
2026-03-21 02:32:28.831091,2026-03-21,52,4,61344583754.0,99985695443.0,2.0518300368923468,2541202624.490745,2539229775.554124,1972848.936622362,-27.3439,-0.08390601,-0.38739187,3.17659881,1.13793304,-26.48815744,-24.8086821,125868659547.11548,3.6633,205183003689.2317
2026-03-21 02:32:28.831091,2026-03-21,74,9,169206913126.57913,169206913126.57913,0.1341784683489564,1038093602.4249086,1036441577.0144794,1652025.4104293855,-24.334,0.2944696,0.67937028,-1.16033768,-4.10938431,-26.34633524,-27.76863165,22703924437.37932,0.6605,22703924437.376434
2026-03-21 02:32:28.831091,2026-03-21,2010,11,36096440525.57868,44994439995.92189,0.3782326034716614,534471627.4483498,533055586.1105017,1416041.337848166,-19.0663,-0.07761746,-0.93947778,0.73553748,-3.33166399,-27.35097891,-27.74363787,13652850676.04961,0.3972,17020467156.229874
2026-03-21 02:32:28.831091,2026-03-21,1958,8,94752429950.6453,94752422083.0646,0.4374667286993818,770982234.5768591,770859612.3672949,122622.20956427256,-10.3468,-0.03215031,1.23414759,5.0130898,10.08385715,-0.73943938,9.18612134,41451035566.82613,1.206,41451032125.02599
2026-03-21 02:32:28.831091,2026-03-21,5805,22,431771961.1772119,463441061.1772119,13.582923016082786,349553338.11478466,341173569.40202105,8379768.712763609,0.9152,-0.03199121,0.4537554,-1.26114732,7.29750066,-24.35473246,-21.12007868,5864725309.173154,0.1706,9721959749.04231
2026-03-21 02:32:28.831091,2026-03-21,11419,29,2459453034.168671,5157345422.490568,1.767113506473578,179663697.74809927,176546161.7631504,3117535.98494891,16.6576,-0.26062216,2.47552192,-4.71674092,-12.05530104,-20.67713299,-15.70056478,4346132675.216881,0.1265,9113614753.638206
2026-03-21 02:32:28.831091,2026-03-21,1975,14,708099970.4525867,1000000000.0,12.973304952059689,856763777.7638645,851151719.5260092,5612058.237855573,-15.3329,-0.19464943,0.6724485,0.64002261,5.3286414,-28.75029673,-26.47486885,9186396853.22586,0.2671,12973304952.056398
2026-03-21 02:32:28.831091,2026-03-21,5994,27,589243645389849.0,589500194593058.6,8.499215308574337e-06,262932013.7678852,262448076.65216887,483937.1157163028,51.7952,0.55603851,1.50293136,0.98939569,-5.15450062,-25.14995644,-18.94032231,5008108611.377553,0.1456,5010735293.39608
2026-03-21 02:32:28.831091,2026-03-21,6636,33,1675369765.0823898,1675369765.0823898,2.1435192910971548,226979115.06188628,226913352.41279653,65762.64908977054,-17.5985,0.02334347,-1.68029776,4.70663897,14.39937615,-25.26023622,-16.4318623,3591187411.1750107,0.1045,4501390511.309741
2026-03-21 02:32:28.831091,2026-03-21,28321,53,10611709811.151634,10611709821.151634,0.1389498986051246,104788462.01903675,104611183.4617254,177278.55731138025,50.581,-0.10492878,0.7291305,2.10446365,-9.96318434,-28.0919092,-10.19527932,1474496002.2865255,0.0429,1474496003.6785088
2026-03-21 02:32:28.831091,2026-03-21,2,21,76971870.73347135,84000000.0,79.87492078452732,379929773.1562665,379418767.9578207,511005.198445849,-6.3102,-0.32285277,0.87916039,1.44823722,5.09765358,-20.04738023,-26.97283749,6148122077.472901,0.1789,6709493345.895952
2026-03-21 02:32:28.831091,2026-03-21,1831,12,20010159.375,20010159.375,670.1533221875011,391576702.5717306,388735764.2542852,2840938.31744528,-1.4114,-0.00306339,2.38603523,2.78529684,-15.51014883,-18.82261993,-20.84866146,13409874782.657623,0.3902,14073219765.934189
2026-03-21 02:32:28.831091,2026-03-21,7083,35,633273562.7465303,897908420.0366303,5.128835566491835,290907251.12699974,289534895.6540129,1372355.4729868425,-17.4235,-0.05612171,0.565866,-9.57489198,4.82544581,-27.67849988,-41.63276746,3247955971.933403,0.0945,4605224640.13153
2026-03-21 02:32:28.831091,2026-03-21,6535,43,1290732007.0,1290732007.0,1.8718557827319453,231392307.6787295,231381142.74023432,11164.938495186432,-11.0211,0.21176807,-2.55241441,-0.65803617,29.75367879,-16.7486524,-11.99938479,2416064171.26016,0.0703,2416064171.258888
2026-03-21 02:32:28.831091,2026-03-21,512,18,33011222252.10553,50001786883.65895,0.2349160796954814,118767800.29443224,118487482.19631076,280318.09812148084,-13.0478,0.01135208,-0.33126284,0.40928511,2.20534392,-22.8235468,-23.58895023,7754866917.420874,0.2257,11746228433.965538
2026-03-21 02:32:28.831091,2026-03-21,3794,58,498755900.0,498755900.0,2.634576443436293,72995880.03532214,72408498.6622647,587381.373057427,-2.582,0.80384545,2.71904687,-0.78767907,-20.23376555,-24.08243925,-5.59863528,1314010545.1648676,0.0382,1314010545.1675613
2026-03-22 02:48:40.590817,2026-03-22,1,1,20003043.0,20003043.0,98275.85487645517,36174608969.429634,36147872907.20662,26736062.223018706,-30.0197,0.48171736,-2.09836694,-3.1141925,2.8958754,-22.26978736,-21.78141254,1965816150955.492,58.2136,2063792952405.556
2026-03-22 02:48:40.590817,2026-03-22,1027,2,120691743.12389752,120691743.12389752,2980.9767708290256,16378854060.30162,16281527153.35854,97326906.94308078,-32.4596,0.65021201,-2.50650531,-0.12365144,7.51487829,-29.13513297,-30.25419455,359779282683.2023,10.6541,359779282683.2066
2026-03-22 02:48:40.590817,2026-03-22,1839,5,136357629.43,136357629.43,899.8004919149205,1931237473.0981112,1846060558.2910216,85176914.80708961,-14.2791,0.59693046,-1.2477743,-3.75768774,4.37499361,-27.71500809,-25.88462113,122694662037.46645,3.6333,122694662820.29826
2026-03-22 02:48:40.590817,2026-03-22,5426,7,572016948.8572687,622797791.1305271,125.1277020739993,3336214585.7782154,3336140407.7394404,74178.03877525023,-19.8312,1.12586772,-2.36250626,-0.17298638,6.09302302,-30.58270618,-29.61681392,71575166357.89041,2.1196,77929256460.9289
2026-03-22 02:48:40.590817,2026-03-22,52,4,61344583754.0,99985695443.0,2.008540156288741,1955180081.8611748,1953841837.7233224,1338244.137852687,-22.2246,0.47594582,-2.22651943,-0.16990645,-0.5133858,-25.39490957,-26.19345713,123213059840.72691,3.6487,200854015628.8776
2026-03-22 02:48:40.590817,2026-03-22,74,9,169220903126.5791,169220903126.5791,0.1306404801072258,999384996.5170708,998525870.1225564,859126.3945143379,-3.658,0.87603909,-2.84442689,-5.17606964,-7.34646294,-26.90413741,-29.54033676,22107100028.63465,0.6547,22107100028.636738
2026-03-22 02:48:40.590817,2026-03-22,2010,11,36096440525.57868,44994439995.92189,0.3659671931502618,518991142.09719145,517582915.270062,1408226.8271293312,-2.7586,0.56751172,-3.37061185,-2.77775214,-6.03779036,-28.11179089,-29.41070317,13210113021.861391,0.3911,16468523691.758991
2026-03-22 02:48:40.590817,2026-03-22,1958,8,94754206331.0116,94754198546.3692,0.4385045326543205,876285766.7848513,875905984.9673514,379781.8175001482,13.7688,-0.54628027,0.24628148,3.89232641,8.96197318,3.89005988,7.15307565,41550148964.211296,1.23,41550145550.60873
2026-03-22 02:48:40.590817,2026-03-22,5805,23,431771961.1772119,463441061.1772119,13.175224732342157,283687600.4305517,276823845.3075541,6863755.1229975615,-18.5238,0.73504719,-3.22404566,-4.82099698,3.82878801,-24.40305097,-23.19868292,5688692621.633878,0.1685,9430150224.71476
2026-03-22 02:48:40.590817,2026-03-22,11419,29,2459552996.3528924,5157442837.877459,1.785324599647404,130132577.6970594,128326401.32795551,1806176.3691039088,-25.9939,0.58412853,0.7894988,-3.30511576,-8.33443591,-18.39206061,-12.67202099,4391100468.525301,0.13,9207709569.743814
2026-03-22 02:48:40.590817,2026-03-22,1975,14,708099970.4525867,1000000000.0,12.621525829879744,615593614.6483039,612533812.8553494,3059801.792954277,-27.8022,0.70465881,-2.77318481,-3.598672,3.30619599,-27.74448575,-28.8184341,8937302067.204407,0.2646,12621525829.880438
2026-03-22 02:48:40.590817,2026-03-22,5994,27,589243643703767.2,589500192906977.0,8.294863667449606e-06,152964398.79546973,152785235.8179352,179162.97753451098,-41.5202,0.34271087,-2.26516887,-0.87605257,-6.73305363,-26.19933693,-19.38261791,4887695691.433999,0.1447,4890259232.57697
2026-03-22 02:48:40.590817,2026-03-22,6636,33,1675526736.9832375,1675526736.9832375,2.088733468978461,188287284.0659636,188179811.90136212,107472.16460133392,-16.9926,0.60425862,-2.84003399,3.25321242,13.638784,-24.53798068,-18.07267776,3499728773.70516,0.1036,4386340284.851504
2026-03-22 02:48:40.590817,2026-03-22,28321,54,10612285632.035912,10612285642.035912,0.1344476178856811,66292603.88556696,66231530.02753809,61073.85802884775,-37.0646,0.50644298,-2.96909966,-2.61669703,-10.46278977,-29.82628208,-11.19714161,1426796523.5496686,0.0423,1426796524.8996348
2026-03-22 02:48:40.590817,2026-03-22,2,21,76975383.23347135,84000000.0,77.68770656917187,364283396.48348665,363603620.4747645,679776.008722029,-4.0805,0.24109404,-2.83209368,-0.87371741,2.89699599,-20.44536709,-29.14094211,5980040985.691474,0.1771,6525767351.816249
2026-03-22 02:48:40.590817,2026-03-22,1831,12,20010543.75,20010543.75,653.5583348405114,296390668.8694925,293602519.4478112,2788149.421681344,-24.1438,0.26481217,-2.38955845,-1.13635578,-17.84608929,-21.81297018,-20.53106719,13078057652.503202,0.3873,13724725031.653738
2026-03-22 02:48:40.590817,2026-03-22,7083,36,633253562.7465303,897888420.0366303,4.979041108043089,210370617.8630684,209570680.821832,799937.0412364143,-27.6117,0.68443688,-2.96896691,-11.69523287,3.51829728,-28.48274948,-42.90653914,3152995520.7297177,0.0933,4470623353.803645
2026-03-22 02:48:40.590817,2026-03-22,6535,43,1290809788.0,1290809788.0,1.839788841094825,143456101.34065238,143446830.56235942,9270.778292956717,-37.9196,0.65300177,-1.90638569,-4.14601747,27.9007221,-16.15914093,-13.72916176,2374817443.9383774,0.0703,2374817443.940196
2026-03-22 02:48:40.590817,2026-03-22,512,19,33011217372.91982,50001786883.65895,0.2303954157134652,103276762.71779644,103170387.1690182,106375.54877822884,-13.409,0.56678344,-2.05996369,-3.16017573,1.0164317,-23.68363512,-25.06441612,7605633149.841428,0.2252,11520187066.876352
2026-03-22 02:48:40.590817,2026-03-22,3794,58,499099840.0,499099840.0,2.5465144631907046,49615415.35619277,49142841.705933765,472573.6502589851,-31.6123,0.3890292,-3.18227775,-3.94058477,-21.25930365,-25.48002762,-7.28263342,1270964961.1361666,0.0376,1270964961.1313453
2026-03-23 02:48:54.773111,2026-03-23,1,1,20003043.0,20003043.0,97726.74077798816,40060211140.363525,39986351311.18957,73859829.17395711,9.7934,0.21947203,-1.40983736,-5.83052984,0.38511936,-24.1687397,-22.61736807,1954832198031.9507,58.1052,2052261556337.7488
2026-03-23 02:48:54.773111,2026-03-23,1027,2,120691596.75839175,120691596.75839175,2950.636256824012,20947688212.54768,20782525729.143707,165162483.40396035,26.8001,0.18885624,-1.86496514,-5.36431177,4.82777235,-31.82084605,-31.12580952,356117001289.2941,10.5852,356117001289.294
2026-03-23 02:48:54.773111,2026-03-23,1839,4,136357579.29,136357579.29,900.4287813211233,2238394898.0412807,2142510119.254828,95884778.78645304,14.9127,0.27389236,-0.78664401,-6.40973432,0.16152676,-29.45827767,-26.49210432,122780288943.99312,3.6475,122780289898.44373
2026-03-23 02:48:54.773111,2026-03-23,5426,7,572016240.6453283,622797083.3477681,124.14043856888424,3788664003.139877,3788602972.5995846,61030.54029211487,12.5898,0.392683,-1.63812368,-5.18255757,2.1205883,-33.39388254,-31.00532304,71010346982.23547,2.1095,77314303066.22072
2026-03-23 02:48:54.773111,2026-03-23,52,5,61344583754.0,99985695443.0,1.9870803644298576,2270267054.555037,2268477668.7371216,1789385.8179150133,15.1217,0.06686468,-1.91515476,-3.54925068,-3.12190609,-28.85395931,-26.69949782,121896617841.69624,3.6232,198708036442.9866
2026-03-23 02:48:54.773111,2026-03-23,74,9,169234663126.57907,169234663126.57907,0.1303712491111314,1134390226.5228968,1133661601.4384778,728625.0844188447,12.5373,0.26254403,-1.06019341,-6.55698021,-9.12403906,-28.47978798,-31.12918182,22063334424.71365,0.6558,22063334424.709995
2026-03-23 02:48:54.773111,2026-03-23,2010,12,36096440525.57868,44994439995.92189,0.3621533400779069,581380181.0801497,580302287.126706,1077893.9534435854,11.0625,0.29078253,-1.88908228,-6.24648539,-10.91000592,-30.93162228,-31.30273015,13072446501.26184,0.3885,16296900303.506956
2026-03-23 02:48:54.773111,2026-03-23,1958,8,94756036194.191,94756030345.2437,0.4431531762670805,1121915226.4690883,1121670114.002405,245112.46668334617,26.935,-0.41174644,0.195168,4.00653001,8.57347575,3.12642571,8.96182315,41991438409.93419,1.248,41991435817.95351
2026-03-23 02:48:54.773111,2026-03-23,5805,23,431771961.1772119,463441061.1772119,13.051527945921157,301832509.5536323,296477228.00218564,5355281.551446641,5.4855,0.26068228,-1.7866954,-8.19060759,-0.74548475,-27.49156132,-26.56203011,5635283817.569566,0.1675,9341614408.285534
2026-03-23 02:48:54.773111,2026-03-23,11419,29,2459734670.800456,5157537775.926358,1.8002263275994528,106333360.87963612,104858733.16267012,1474627.7169659734,-18.9878,0.09260772,-0.02833667,-4.69303052,-5.93056324,-19.86441528,-13.93239002,4428079113.284153,0.1316,9284735289.815693
2026-03-23 02:48:54.773111,2026-03-23,1975,15,708099970.4525567,1000000000.0,12.512479189590676,804675474.3781482,800755548.1908795,3919926.187269137,29.5966,0.23816966,-1.71245081,-7.51308444,-2.46475372,-30.30084954,-30.26756347,8860086144.437387,0.2633,12512479189.59391
2026-03-23 02:48:54.773111,2026-03-23,5994,27,589243635632184.8,589500184835394.5,8.319054493482292e-06,140094768.16906092,139918905.5640639,175862.60499699225,-9.1985,-0.22107287,-0.57110777,-2.52307913,-9.71749963,-27.79731176,-19.50667956,4901949914.761768,0.1456,4904520999.256767
2026-03-23 02:48:54.773111,2026-03-23,6636,33,1675652347.876663,1675652347.876663,2.051032060546829,174549969.62855703,174410710.92019308,139258.70836395805,-8.0894,0.24086604,-2.64541237,-0.49581625,6.74745939,-27.32119359,-19.24637706,3436816687.825604,0.1022,4307167327.146733
2026-03-23 02:48:54.773111,2026-03-23,28321,54,10612861404.195309,10612861414.195309,0.1340429830344098,67232532.25821225,67171043.64705622,61488.61115603633,0.5498,0.58086406,-1.15425693,-4.0932479,-12.67005936,-31.36258734,-13.0844187,1422579601.1490948,0.0423,1422579602.48493
2026-03-23 02:48:54.773111,2026-03-23,2,21,76978889.48347135,84000000.0,77.26729497837648,384217144.2462964,383637424.6685949,579719.5777015748,4.5693,0.37089073,-1.39239608,-3.5069263,-2.283115,-22.01465794,-29.45944433,5947950560.827225,0.1768,6490452778.188594
2026-03-23 02:48:54.773111,2026-03-23,1831,11,20011043.75,20011043.75,675.0583195197567,344370569.0763919,341838264.05374354,2532305.02264833,15.1936,0.33184519,2.40565379,1.05969055,-16.73991066,-20.705326,-20.06628323,13508621565.711329,0.4015,14176224709.911682
2026-03-23 02:48:54.773111,2026-03-23,7083,35,633223562.7465303,897858420.0366303,5.014102018916112,261442547.2052037,260333048.6138577,1109498.5913460285,23.2135,0.31443966,-0.15772865,-13.97860184,-0.59925129,-29.71110478,-42.1237877,3175047544.39263,0.0944,4501953716.60697
2026-03-23 02:48:54.773111,2026-03-23,6535,42,1290887342.0,1290887342.0,1.8396987805889768,160377422.89779168,160367866.29235503,9556.605436656097,10.8386,0.32510122,-0.86072506,-5.5760402,21.50632879,-16.96346896,-13.85128908,2374843868.9551454,0.0706,2374843868.96112
2026-03-23 02:48:54.773111,2026-03-23,512,19,33011212563.656822,50001786883.65895,0.2252148758837984,130783850.12254304,130655083.65467297,128766.46787012268,25.5863,0.157133,-3.08790619,-6.07514392,-3.38341379,-26.91394682,-28.14725531,7434616140.297658,0.221,11261150715.137056
2026-03-23 02:48:54.773111,2026-03-23,3794,57,499271040.0,499271040.0,2.5507621278289765,54825153.98632468,54344009.65349452,481144.3328301697,9.5545,0.21157106,-0.69049634,-4.57653098,-25.91456429,-26.04402923,-8.36163961,1273521660.353786,0.0379,1273521660.357803
2026-03-24 02:40:19.209221,2026-03-24,1,1,20003043.0,20003043.0,101209.38149475136,72513733887.65536,72411200317.31595,102533570.33942096,80.6743,-0.05786305,3.45855203,-6.36731213,3.82246712,-21.29460978,-19.10748099,2024495610042.916,58.5309,2125397011389.7727
2026-03-24 02:40:19.209221,2026-03-24,1027,2,120691566.15898126,120691566.15898126,3069.6727728743995,40189010935.42535,39918827417.83399,270183517.5913551,91.9269,0.02630005,3.76493422,-9.18617877,8.51256017,-27.62132163,-27.05578093,370483614553.794,10.7112,370483614553.7947
2026-03-24 02:40:19.209221,2026-03-24,1839,5,136357501.11,136357501.11,907.7957409694204,3331507626.898716,3224026730.711884,107480896.18683168,48.6157,-0.37398165,0.65265458,-7.06605676,1.36011902,-28.73358687,-24.69685424,123784758756.89104,3.5801,123784758756.89156
2026-03-24 02:40:19.209221,2026-03-24,5426,7,572136980.1232015,622930677.9170185,129.7041854212465,7737155574.898772,7737089806.007466,65768.89130385466,103.9792,-0.34042592,4.26796508,-5.0393041,6.45468021,-29.5136133,-26.19959388,74208560956.25174,2.1455,80796716153.1323
2026-03-24 02:40:19.209221,2026-03-24,52,4,61344583754.0,99985695443.0,2.028840380468228,4841826193.322588,4838179921.682195,3646271.64039366,113.2835,-0.28290473,1.9078808,-10.38173282,-0.79801941,-26.129835,-23.95040434,124458368643.13042,3.5983,202884038046.82748
2026-03-24 02:40:19.209221,2026-03-24,74,9,153536136383.7052,153536136383.7052,0.1341508551157776,2334465018.5121136,2332562389.2380075,1902629.2741059272,105.5156,0.25342595,2.70203217,-9.28928099,-4.04953072,-25.07696266,-27.31938182,20597003987.046715,0.5955,20597003987.046333
2026-03-24 02:40:19.209221,2026-03-24,2010,12,36096440525.57868,44994439995.92189,0.372389801336104,975441425.5651878,972695554.6455904,2745870.9195973617,67.5148,0.02723702,2.55874066,-10.79999851,-6.65091579,-27.83151506,-27.67561475,13441946316.26074,0.3886,16757541060.11998
2026-03-24 02:40:19.209221,2026-03-24,1958,8,94756314867.4673,94756308827.74088,0.4429034564430018,925993555.7301323,925769400.774746,224154.955386245,-17.4076,-0.05961746,-0.2749607,4.33469371,6.97863373,0.51360753,9.01913276,41967899374.60267,1.2133,41967896699.58257
2026-03-24 02:40:19.209221,2026-03-24,5805,22,431771961.1772119,463441061.1772119,13.666186949347326,572671204.5626835,564168347.6935622,8502856.869121348,89.5795,0.181667,4.52224918,-9.01405179,5.26556662,-22.09861127,-20.95455445,5900676340.9341135,0.1706,9781555802.612131
2026-03-24 02:40:19.209221,2026-03-24,11419,28,2459819075.600601,5157627653.197975,1.904403880641834,146444833.90842506,143506884.38199678,2937949.526428268,37.3515,0.47832904,5.58888502,-0.07251317,0.05014766,-13.51714828,-9.49690794,4684488993.250594,0.1354,9822206117.652197
2026-03-24 02:40:19.209221,2026-03-24,1975,15,708099970.4525567,1000000000.0,13.011491675541496,1351801383.6345448,1342116471.3448534,9684912.289691877,68.1259,0.10715368,3.7258156,-8.48955822,2.65463726,-26.18238825,-26.07225757,9213436870.99462,0.2664,13011491675.539778
2026-03-24 02:40:19.209221,2026-03-24,5994,27,589243633663590.9,589500182866800.6,8.691253304629449e-06,279144171.3520341,278736575.74435824,407595.6076758003,100.4443,0.52072015,4.06155904,-2.33305719,-3.83700017,-23.0702528,-14.30150338,5121265678.310549,0.1481,5123951811.569515
2026-03-24 02:40:19.209221,2026-03-24,6636,33,1675845290.349131,1675845290.349131,2.0362798812128013,307695194.9327826,307319961.1326107,375233.8001719383,76.0317,0.22120999,-0.85787009,-12.28279739,4.55000595,-26.95159069,-18.67173818,3412490048.7631617,0.0987,4276187750.546081
2026-03-24 02:40:19.209221,2026-03-24,28321,53,10613437127.618498,10613437137.618498,0.1372320246788852,105602083.05191308,105321536.3916006,280546.6603124922,56.7157,0.23625687,2.16739942,-5.75040474,-11.95862791,-28.36030943,-9.70717948,1456503465.8251386,0.0421,1456503467.1979003
2026-03-24 02:40:19.209221,2026-03-24,2,21,76982164.48347135,84000000.0,79.33065903645982,485728955.3593524,485255555.1811913,473400.1781610168,25.9968,0.01298237,2.50700789,-5.93410904,1.51802173,-19.95012938,-27.98367191,6107045842.526933,0.1766,6663775359.056997
2026-03-24 02:40:19.209221,2026-03-24,1831,11,20011446.875,20011446.875,680.1835426656205,466283425.3662322,463352178.5981984,2931246.768033751,35.3701,-0.18929506,0.69471425,-0.64742858,-15.39045496,-20.43473123,-17.08008433,13611456829.30236,0.3935,14283854395.97438
2026-03-24 02:40:19.209221,2026-03-24,7083,35,633167562.7465303,897802420.0366303,5.128061009991455,378643321.6529176,376372860.9156148,2270460.737302855,44.5933,0.17491451,2.04838022,-13.66137085,-0.46729412,-26.38890398,-38.05402801,3246921891.3117995,0.0939,4603985584.865121
2026-03-24 02:40:19.209221,2026-03-24,6535,42,1290990658.0,1290990658.0,1.8708912439539016,311074737.31272954,311049266.3249353,25470.987794184184,93.6441,-0.06185774,1.52724225,-10.80209931,26.29941162,-14.39710228,-10.89996753,2415303118.0784864,0.0699,2415303118.072656
2026-03-24 02:40:19.209221,2026-03-24,512,18,33018450313.580605,50001786883.65895,0.2367247807338892,210544221.83844432,210255378.2754222,288843.5630220856,60.3642,0.07934472,4.89634165,-8.00834333,5.18821469,-22.43681462,-23.47307641,7816285410.655185,0.226,11836666753.874157
2026-03-24 02:40:19.209221,2026-03-24,3794,57,499271040.0,499271040.0,2.565532052361904,85180141.53542799,84006248.51668248,1173893.0187454885,55.1838,0.00433238,0.42100601,-9.36073761,-22.13098968,-24.5554382,-8.66322111,1280895855.936062,0.037,1280895855.933903
2026-03-25 02:45:29.685276,2026-03-25,1,1,20003043.0,20003043.0,101305.79832358815,57112428331.42766,57068668590.00336,43759741.42429277,-21.2018,-0.08468749,0.26776872,-4.95817751,9.21090011,-21.04385821,-19.47243837,2026424240016.0625,58.3697,2127421764795.3584
2026-03-25 02:45:29.685276,2026-03-25,1027,2,120691548.95290218,120691548.95290218,3093.791154576975,25882330057.29032,25746800275.89711,135529781.39323065,-35.5521,-0.19123328,0.99410972,-7.59361183,15.93189801,-26.9368527,-26.89471399,373394446582.6827,10.7554,373394446582.67896
2026-03-25 02:45:29.685276,2026-03-25,1839,4,136357438.39,136357438.39,916.1217002209288,2357641271.6306686,2277928277.673256,79712993.95741308,-29.2375,0.01040298,1.0181504,-4.87648503,8.79286351,-28.27269365,-24.4533582,124920008295.61736,3.6019,124920008918.58284
2026-03-25 02:45:29.685276,2026-03-25,5426,7,572257430.3586655,623064170.5725999,130.6688466572038,5898058608.395016,5897988742.798921,69865.59609515624,-23.7397,0.03519818,0.95341706,-4.04206364,17.09887109,-28.48959141,-25.76154956,74776218415.98195,2.1539,81415076562.15317
2026-03-25 02:45:29.685276,2026-03-25,52,5,61344583754.0,99985695443.0,2.02492774620696,3031162436.599763,3029145602.9282007,2016833.671562217,-37.4501,-0.41472917,0.02771739,-7.58957361,5.58611425,-26.49778834,-24.32784015,124218349722.99129,3.578,202492774620.6912
2026-03-25 02:45:29.685276,2026-03-25,74,9,169261833126.5791,169261833126.5791,0.1358653916423101,1501168151.662472,1499990276.980463,1177874.682009255,-35.7284,-0.14034233,1.60013082,-6.24179182,2.50781166,-23.68562156,-26.33697403,22996825247.83801,0.6624,22996825247.83372
2026-03-25 02:45:29.685276,2026-03-25,2010,11,36096440525.57868,44994439995.92189,0.3822061975932503,661030101.6478893,659009850.0478851,2020251.6000042304,-32.1432,-0.54143723,2.87333159,-8.28264898,2.59685924,-25.79278765,-25.68607482,13796283279.932331,0.3974,17199278891.69488
2026-03-25 02:45:29.685276,2026-03-25,1958,8,94756934356.6862,94756929854.3368,0.4402082874921803,757978009.2624913,757629556.6179446,348452.64454681,-18.0357,0.19473262,-0.55821872,-0.39019856,6.91050436,3.28212401,9.68150025,41712787801.16578,1.2015,41712785819.19822
2026-03-25 02:45:29.685276,2026-03-25,5805,22,431771961.1772119,463441061.1772119,13.750972680760144,338809984.42930484,331316749.4515184,7493234.977786523,-40.8494,-0.20618066,0.81870555,-6.64697327,14.05285235,-20.8515549,-20.85913907,5937284442.46607,0.171,9842241081.25897
2026-03-25 02:45:29.685276,2026-03-25,11419,29,2461927202.970995,5157726979.858515,1.894856836286376,140750914.03834546,138568276.9927682,2182637.045577239,-4.2029,0.18928462,-0.45255835,-2.38400428,0.66194748,-13.06361082,-12.62057446,4664999590.988985,0.1344,9773154227.483244
2026-03-25 02:45:29.685276,2026-03-25,1975,14,708099970.4525567,1000000000.0,13.21754481421523,966288081.272626,962861161.6984578,3426919.574168057,-28.5397,-0.37780351,1.73438659,-6.53159033,12.11839453,-24.47474808,-25.19492777,9359343092.40115,0.2696,13217544814.215736
2026-03-25 02:45:29.685276,2026-03-25,5994,27,589243632068722.0,589500181271931.8,8.846609560488805e-06,186238516.08491907,186064225.4933276,174290.5915914158,-33.266,-0.09287022,2.06199772,0.37424078,3.03942487,-21.34518921,-14.65884961,5212808348.916304,0.1502,5215542510.946714
2026-03-25 02:45:29.685276,2026-03-25,6636,34,1675987100.9463787,1675987100.9463787,2.009244539245584,300606333.5900931,300377842.62854433,228490.96154871865,-2.258,-0.32862004,-1.06362802,-14.79241238,12.21588955,-27.26975976,-19.79395616,3367467930.422549,0.097,4219413532.418103
2026-03-25 02:45:29.685276,2026-03-25,28321,54,10614012962.252567,10614012972.252567,0.1378528482269862,77451169.4103382,77360837.65825653,90331.75208165337,-26.7476,0.08099815,0.60335474,-3.91296393,-6.5974079,-24.39340966,-9.81681419,1463171917.964668,0.0421,1463171919.3447342
2026-03-25 02:45:29.685276,2026-03-25,2,21,76985833.23347135,84000000.0,80.58710049439317,410020737.08582014,409697951.7654357,322785.3203844479,-15.5939,-0.08894761,1.77132149,-3.72955352,9.72102778,-17.4513432,-26.11329438,6204065079.430348,0.1787,6769316441.534182
2026-03-25 02:45:29.685276,2026-03-25,1831,12,20011890.625,20011890.625,684.1141652351129,418093494.3333117,416656657.5197601,1436836.8135516464,-10.8289,-0.01306135,0.98375783,1.11332976,-12.0837152,-19.46494991,-16.59253049,13690417849.698254,0.3943,14366397469.938528
2026-03-25 02:45:29.685276,2026-03-25,7083,36,633145562.7465303,897780420.0366303,5.16394851181386,275795742.9830774,275033126.9686903,762616.0143870201,-26.9439,0.0296599,0.87132092,-9.85145248,9.05619419,-25.91928396,-38.3212672,3269531086.5064945,0.0942,4636091863.990544
2026-03-25 02:45:29.685276,2026-03-25,6535,42,1291067659.0,1291067659.0,1.8569074803671348,207414151.80216843,207412800.8210264,1350.9811420201086,-33.3005,0.10019681,-0.36882502,-11.28774453,31.70047681,-13.85155241,-12.10114299,2397393193.657185,0.0691,2397393193.662575
2026-03-25 02:45:29.685276,2026-03-25,512,17,33018445502.68337,50001786883.65895,0.2523056700444143,221600291.2152916,221377678.7945423,222612.420749272,5.2636,-2.0050462,6.7592221,0.30498534,17.14728596,-16.64501832,-17.49949946,8330741016.379505,0.24,12615739371.13614
2026-03-25 02:45:29.685276,2026-03-25,3794,60,499616450.0,499616450.0,2.563813181370405,65200969.97120867,64356538.05599612,844431.9152125666,-23.4641,-0.03753473,0.02643204,-9.79684136,-18.20337138,-23.96648171,-10.50457172,1280923240.139488,0.0369,1280923240.1374607
2026-03-26 02:52:29.251422,2026-03-26,1,1,20003043.0,20003043.0,102134.09913190584,50814277886.03823,50773459781.47737,40818104.56086875,-11.762,-0.48676317,0.33856439,-0.35322139,10.52852392,-20.38630537,-20.38971087,2042992776701.7751,58.4273,2144816081770.024
2026-03-26 02:52:29.251422,2026-03-26,1027,2,120691533.06780007,120691533.06780007,3097.720964721655,24040773839.6703,23895070466.49204,145703373.1782485,-8.3623,-0.65345852,-0.35011864,-2.30786273,16.58340023,-27.11962923,-27.66141391,373868692248.5213,10.6922,373868692248.5213
2026-03-26 02:52:29.251422,2026-03-26,1839,4,136357388.55,136357388.55,927.1884963756823,2391425904.474367,2327068369.7979026,64357534.67646432,0.7956,-0.49262805,0.58172206,-1.25112879,7.44584199,-27.11948813,-23.54131013,126429002059.3892,3.6157,126429002606.436
2026-03-26 02:52:29.251422,2026-03-26,5426,7,572256452.8697085,623063414.4711604,130.96321260261826,5284257774.384559,5284184159.429811,73614.95475044945,-11.0858,-0.99936467,-0.49377948,0.75452497,16.99719082,-28.38039089,-26.39656423,74944543500.39583,2.1433,81598386414.30246
2026-03-26 02:52:29.251422,2026-03-26,52,5,61344583754.0,99985695443.0,2.0203584344381422,2674748350.028449,2671903973.811528,2844376.216922471,-12.3096,-0.67173044,-0.80791178,-4.02008233,4.03279818,-26.3793537,-25.0950213,123938047194.49094,3.5445,202035843443.80945
2026-03-26 02:52:29.251422,2026-03-26,74,9,169275463126.57907,169275463126.57907,0.1365719647905545,1735352418.2654877,1733954996.2737246,1397421.991763333,14.8946,-1.09819832,-0.1066671,0.00924407,2.35247771,-23.36909222,-25.01782332,23118282590.027977,0.6612,23118282590.023136
2026-03-26 02:52:29.251422,2026-03-26,2010,11,36096440525.57868,44994439995.92189,0.3851183223810885,688093730.3835262,685763382.0028123,2330348.380713903,3.5272,-0.83051129,0.16525406,-1.92735144,2.65181188,-25.00879268,-24.70691747,13901400619.1396,0.3976,17330324507.15218
2026-03-26 02:52:29.251422,2026-03-26,1958,8,94757773172.9047,94757771486.072,0.4521933981487345,729939976.2374961,729513592.8417794,426383.3957168666,-4.1651,-0.08604879,2.16724299,3.21889293,11.1485046,6.29128781,12.20073213,42848839452.06277,1.2254,42848838689.28572
2026-03-26 02:52:29.251422,2026-03-26,5805,22,431771961.1772119,463441061.1772119,13.80216796185035,332857265.828349,324433249.0542764,8424016.774072548,-2.3426,-0.9886556,-0.23469742,-0.629795,14.36440816,-20.08981232,-23.42985114,5959389129.385407,0.1704,9878884038.115486
2026-03-26 02:52:29.251422,2026-03-26,11419,29,2462019501.944293,5157821426.635608,1.9036585650406728,112717736.26499271,110984998.30490622,1732737.9600864546,-20.2155,-0.10030177,0.096473,2.22468755,-2.10007483,-13.37533698,-13.42449549,4686844512.173427,0.134,9818730935.769823
2026-03-26 02:52:29.251422,2026-03-26,1975,14,708099970.4525567,1000000000.0,13.342529177601108,896346793.6101017,887152129.3228905,9194664.287210798,-7.7979,-0.99457491,0.25316669,0.59606216,12.10095746,-23.67809399,-25.39999258,9447844516.421722,0.2702,13342529177.605783
2026-03-26 02:52:29.251422,2026-03-26,5994,28,589243614214737.6,589500165360857.6,8.749589526906128e-06,154089182.20766446,153931659.7253026,157522.48236185522,-17.651,-0.74312796,-1.5515748,4.61986662,1.3931479,-21.81221417,-16.20380863,5155639755.729584,0.1474,5158344088.648834
2026-03-26 02:52:29.251422,2026-03-26,6636,37,1676140038.834715,1676140038.834715,1.939351176331041,302668981.0249038,302285933.02924865,383047.9956551461,0.0574,-1.17945641,-4.01774837,-13.45226915,6.23061004,-29.78083823,-22.87358065,3250624156.009661,0.093,4072637470.301246
2026-03-26 02:52:29.251422,2026-03-26,28321,55,10614588908.112228,10614588918.112228,0.1401784774633075,73775493.51051758,73686767.14092018,88726.36959740125,-5.1354,-0.32922547,1.08697792,1.06034561,-7.78190535,-22.31900333,-8.18685131,1487936912.038084,0.0426,1487936913.4341934
2026-03-26 02:52:29.251422,2026-03-26,2,21,76989533.23347135,84000000.0,80.67274322083185,417003647.0656857,416630915.5615391,372731.5041467212,1.1289,-0.64786025,-0.49211367,0.16178524,9.04181181,-17.87411059,-27.68529912,6210956845.235535,0.1776,6776510430.556814
2026-03-26 02:52:29.251422,2026-03-26,1831,12,20012334.375,20012334.375,679.6387946856015,371323481.2660195,368712209.0710157,2611272.1950038145,-11.5233,-0.20605067,-1.29830233,3.32461881,-2.6549787,-20.37435257,-21.14753065,13601158813.47023,0.389,14272414688.39069
2026-03-26 02:52:29.251422,2026-03-26,7083,35,633075562.7465303,897710420.0366303,5.2950342663806245,355120155.4434959,353465286.5894813,1654868.8540145538,28.2532,-0.88610379,1.86506437,0.1131112,10.39561243,-24.25532928,-38.04707133,3352156797.951075,0.0959,4753407435.373878
2026-03-26 02:52:29.251422,2026-03-26,6535,45,1291144649.0,1291144648.0,1.8137989610077605,277592036.55609584,277576130.3339197,15906.222176130954,33.3456,-1.04629298,-2.89542859,-8.88843134,28.16616076,-16.29703794,-17.73472447,2341876822.866929,0.067,2341876821.052618
2026-03-26 02:52:29.251422,2026-03-26,512,17,33034895483.0123,50001786883.65895,0.2534611571681464,254001809.5817368,253755522.42260912,246287.159127622,13.2934,-0.69968773,0.19702792,4.16871891,16.3609675,-16.4245829,-18.07117401,8373062836.053072,0.2395,12673515815.062702
2026-03-26 02:52:29.251422,2026-03-26,3794,61,499788100.0,499788100.0,2.5135335713018803,88743699.79096964,88317331.88621253,426367.9047571161,35.3792,-0.46075896,-2.63370772,-8.67611346,-17.21271188,-24.64563488,-14.3512589,1256234167.8871813,0.0359,1256234167.8922496
2026-03-27 02:54:34.270753,2026-03-27,1,1,20003043.0,20003043.0,99980.98063394793,56377044698.31344,56310544580.21674,66500118.09670462,10.2346,0.0189728,-2.7037676,-2.10831688,4.47665459,-21.17893311,-21.14012631,1999923854803.028,58.3428,2099600593312.912
2026-03-27 02:54:34.270753,2026-03-27,1027,2,120691513.64140886,120691513.64140886,3001.249279878854,26584619214.683228,26424267536.068764,160351678.61446157,9.8319,-0.05149548,-3.72397556,-3.57140003,7.49282612,-27.82829595,-29.30302409,362225318403.7672,10.5665,362225318403.76776
2026-03-27 02:54:34.270753,2026-03-27,1839,4,136357341.13,136357341.13,914.4491095270894,2282137366.484504,2201246063.724925,80891302.75957869,-5.1802,0.0202196,-2.01696581,-1.78455634,5.21565568,-27.62750481,-24.47666065,124691849173.81004,3.6374,124691850271.14384
2026-03-27 02:54:34.270753,2026-03-27,5426,7,572376864.8025359,623196847.221084,125.71059965184868,6135753808.026172,6135705557.970544,48250.055627360336,15.3705,-0.04762287,-4.66649689,-2.93403224,5.01627875,-29.00574527,-29.14155428,71953838901.17189,2.099,78342449365.2988
2026-03-27 02:54:34.270753,2026-03-27,52,5,61344583754.0,99985695443.0,1.987406345258996,3559833343.677204,3556744085.3888645,3089258.288340036,32.2728,0.34585919,-2.27888615,-5.58134779,-1.0331246,-27.0054294,-25.88599712,121916614999.97153,3.5564,198740634525.89893
2026-03-27 02:54:34.270753,2026-03-27,74,9,153577036383.70523,153577036383.70523,0.1340149877915146,1698826901.573634,1697719487.8145602,1107413.7590742009,-2.7908,0.23223735,-2.53472285,-1.67947652,-1.75105896,-24.17885453,-24.66947308,20581624656.01926,0.6004,20581624656.01649
2026-03-27 02:54:34.270753,2026-03-27,2010,12,36096440525.57868,44994439995.92189,0.3703946311434215,736277749.2256602,733782986.8934536,2494762.3322065,6.1595,0.07176095,-4.49103709,-5.17633581,-5.34833365,-26.27278686,-27.63208264,13369927774.06217,0.39,16667758401.44749
2026-03-27 02:54:34.270753,2026-03-27,1958,8,94758509348.6305,94758502215.8098,0.4504874847991033,802868797.3978914,802369819.5234094,498977.8744820541,9.265,-0.07834084,-1.0573141,2.162772,8.6969774,4.80933731,10.95874416,42687522539.77686,1.2453,42687519326.5279
2026-03-27 02:54:34.270753,2026-03-27,5805,23,431771961.1772119,463441061.1772119,13.227510295318034,386589920.0619784,377014533.8560199,9575386.20595831,15.4723,0.12176774,-4.81174842,-4.4566393,5.31832566,-21.58637059,-26.15183707,5711268061.701228,0.1666,9467573549.43274
2026-03-27 02:54:34.270753,2026-03-27,11419,30,2462112232.321253,5157916658.4843445,1.8105240021247508,120406979.2012188,118655693.02660172,1751286.1746170751,6.116,0.08168228,-5.54074774,3.15703707,-4.56788242,-18.15538301,-18.99274541,4457713292.542579,0.13,9338531911.144146
2026-03-27 02:54:34.270753,2026-03-27,1975,14,708099970.4525567,1000000000.0,12.98182726290808,885541897.3128471,881160946.3202629,4380950.99258433,-1.7676,0.04004784,-3.36403363,-1.51700963,3.8913,-23.78925974,-26.78543592,9192431501.285408,0.2682,12981827262.911797
2026-03-27 02:54:34.270753,2026-03-27,5994,28,589243606276846.4,589500157883123.1,8.61996432680375e-06,146287483.30232713,146250558.0715932,36925.23073394036,-5.6502,0.16562441,-2.13307274,0.68896922,-1.91044126,-22.39554212,-16.76897684,5079258865.90361,0.1482,5081923202.542132
2026-03-27 02:54:34.270753,2026-03-27,6636,37,1676281349.605629,1676281349.605629,1.92592117000594,301217324.7990911,300849206.5757807,368118.2233104715,-1.1259,-0.3151796,-1.40959369,-13.61684912,2.96367426,-27.95866688,-24.00702893,3228385738.091609,0.0942,4044434457.0129385
2026-03-27 02:54:34.270753,2026-03-27,28321,54,10615164885.224314,10615164895.224314,0.1390829098799519,82322858.93188085,82253139.38546176,69719.54641909382,10.8402,0.89679796,-1.43063306,-1.28953303,-17.4829222,-20.4696942,-8.40189057,1476388021.0924835,0.0431,1476388022.488174
2026-03-27 02:54:34.270753,2026-03-27,2,21,76993233.23347135,84000000.0,79.62026523590957,453524705.4381467,452878759.9747784,645945.4633683879,8.0478,0.03895785,-1.97523723,-1.59484541,3.94562831,-19.00192943,-28.9194354,6130221651.419236,0.1788,6688102279.822176
2026-03-27 02:54:34.270753,2026-03-27,1831,11,20012793.75,20012793.75,674.6544033999837,392167715.5949651,388573721.3782494,3593994.2167157265,4.9486,0.3332598,-1.37822704,1.06924254,-6.94665588,-19.61434208,-22.36902484,13501719427.773174,0.3939,14167742471.398886
2026-03-27 02:54:34.270753,2026-03-27,7083,36,633041562.7465303,897676420.0366303,5.13900442985417,302243115.8824531,301522655.04251176,720460.8399413512,-15.4899,0.10478547,-3.66389568,-1.51884352,0.9082797,-23.70242113,-40.12635173,3253203395.236226,0.0949,4613163099.143086
2026-03-27 02:54:34.270753,2026-03-27,6535,44,1291249340.0,1291249340.0,1.7927714307868772,243557072.8862944,243539442.88352785,17630.00276663246,-12.8636,-0.03232499,-1.83500577,-8.66050756,23.32707022,-15.1667902,-18.66387548,2314914926.774411,0.0675,2314914926.7746434
2026-03-27 02:54:34.270753,2026-03-27,512,17,33035211703.79522,50001786883.65895,0.2532566684457407,184032911.2839594,183917670.1365893,115241.14737015445,-27.9735,0.1560216,-0.730196,4.9181299,13.06743743,-15.5324704,-18.17106616,8366387657.502921,0.2441,12663291009.470196
2026-03-27 02:54:34.270753,2026-03-27,3794,60,499960800.0,499960800.0,2.475729987330652,73478517.79865462,72885965.39132027,592552.4073343517,-17.8684,-0.04885495,-2.1657912,-5.85853278,-18.15224187,-24.21217844,-16.26584773,1237767945.049822,0.0361,1237767945.0526276
2026-03-28 02:44:23.343329,2026-03-28,1,1,20006365.0,20006365.0,95878.6878173123,66922655198.90144,66850732364.59072,71922834.31070952,18.7658,-0.19314011,-4.21663272,-6.69998695,-3.08370313,-25.59271217,-24.83791847,1918184024194.2031,57.8893,2013452444163.56
2026-03-28 02:44:23.343329,2026-03-28,1027,2,120691485.3866902,120691485.3866902,2883.9924793557743,27847481184.31581,27728649572.2794,118831612.03641264,4.2233,-0.11752,-4.05856748,-7.84061854,-3.30282379,-32.46905082,-32.64270139,348073336177.4918,10.5046,348073336177.4889
2026-03-28 02:44:23.343329,2026-03-28,1839,4,136357296.55,136357296.55,887.5673709964408,2411274669.1514263,2361363511.2351527,49911157.91627296,5.4255,0.06873722,-3.13600293,-4.84031654,-2.50226864,-30.85528454,-27.3960501,121026287215.06557,3.6525,121026288271.27312
2026-03-28 02:44:23.343329,2026-03-28,5426,7,572375922.2965378,623196108.6104645,119.82824030109953,5294668802.092279,5294604705.723559,64096.368718327125,-13.9381,0.03894313,-4.89706708,-8.59802954,-6.33851683,-33.95992604,-33.59308254,68586799559.51299,2.0699,74676493057.2913
2026-03-28 02:44:23.343329,2026-03-28,52,5,61344583754.0,99985695443.0,1.922938230562577,3234577017.5198536,3231264567.3793826,3312450.140471809,-9.3334,0.14139272,-3.40984707,-8.54956755,-7.6314601,-30.71556772,-29.39654963,117961845338.51456,3.56,192293823056.2593
2026-03-28 02:44:23.343329,2026-03-28,74,9,153590316383.70523,153590316383.70523,0.1309585152759169,1238211548.004874,1237616933.0743997,594614.9304744097,-27.8459,0.05637167,-2.50211868,-4.87917695,-10.52225484,-26.69372579,-27.37064454,20113959794.36838,0.607,20113959794.365147
2026-03-28 02:44:23.343329,2026-03-28,2010,12,36096440525.57868,44994439995.92189,0.3562188771165129,710709664.601067,709186347.8341432,1523316.7669235584,-3.7882,-0.04900165,-4.04750631,-8.10585894,-17.38693423,-30.7252348,-33.7474063,12858233511.924631,0.3881,16029849470.241476
2026-03-28 02:44:23.343329,2026-03-28,1958,8,94759276519.5641,94759264583.09727,0.450570834598599,1125957261.050969,1125808936.305225,148324.7457441013,40.0008,0.05251182,-0.21759041,0.6421038,8.62284848,4.8863783,9.28678075,42695766307.37942,1.2887,42695760929.160805
2026-03-28 02:44:23.343329,2026-03-28,5805,24,431771961.1772119,463441061.1772119,12.679351309870857,339199202.27476585,331223532.66027164,7975669.614494215,-12.5787,0.03599162,-4.39953534,-8.96891689,-7.90493497,-26.16203804,-32.03601676,5474588381.517789,0.1652,9075229457.790928
2026-03-28 02:44:23.343329,2026-03-28,11419,30,2462197558.280637,5158011347.206864,1.7614053441742072,147663693.07491913,145750056.81834802,1913636.2565711013,22.6064,0.41299116,-2.86482561,-2.8426929,-5.87311827,-20.11629594,-24.38410415,4336927937.568197,0.1309,9085348752.2779
2026-03-28 02:44:23.343329,2026-03-28,1975,14,708099970.4525567,1000000000.0,12.362282897861837,570875540.3873415,568325485.1950037,2550055.19233777,-35.7213,-0.10055391,-4.97449907,-6.93013775,-7.6998781,-29.22076837,-31.99788773,8753732154.702114,0.2642,12362282897.856846
2026-03-28 02:44:23.343329,2026-03-28,5994,27,589243603620317.5,589500157169907.1,8.358988814274788e-06,128991203.31081872,128927354.8591096,63848.45170911961,-12.2781,0.00480624,-3.24060949,-3.81407798,-7.13510816,-25.8234192,-21.83546531,4925480691.5452,0.1487,4928064385.721879
2026-03-28 02:44:23.343329,2026-03-28,6636,36,1676445738.6043863,1676445738.6043863,1.855157720803126,215956494.0825025,215683965.1628928,272528.9196097962,-28.5502,0.15305568,-3.83387737,-15.66032124,-22.64872933,-32.09796385,-32.11215693,3110071255.4794264,0.0939,3895831213.6816216
2026-03-28 02:44:23.343329,2026-03-28,28321,54,10615740653.613852,10615740663.613852,0.1313135525383171,103389436.4031472,103281090.01616952,108346.38697770328,25.4091,0.09889333,-5.71589811,-7.43768453,-20.42296923,-23.82950494,-16.67680452,1393990618.0514717,0.0421,1393990619.360193
2026-03-28 02:44:23.343329,2026-03-28,2,21,76996926.98347135,84000000.0,77.56301633816003,406970051.21004575,406547847.0616064,422204.148439356,-10.4721,0.00579846,-2.78942557,-5.21737395,-5.28352931,-23.36280728,-33.10507638,5972113905.607102,0.1803,6515293372.399014
2026-03-28 02:44:23.343329,2026-03-28,1831,11,20013325.0,20013325.0,688.4620137759899,650108276.8022145,645867651.1462803,4240625.655934019,64.9998,0.0745855,1.83186818,0.44894617,-4.59071602,-18.72866922,-23.08808205,13778414031.853365,0.4158,14457702289.301804
2026-03-28 02:44:23.343329,2026-03-28,7083,37,633009562.7465303,897644420.0366303,4.882679279848784,205740632.7198987,205179465.8514472,561166.868451464,-32.4585,-0.06202506,-5.18607356,-7.03906344,-16.69873338,-28.65216608,-44.42107648,3090782675.968622,0.0933,4382909810.382493
2026-03-28 02:44:23.343329,2026-03-28,6535,43,1291326401.0,1291326401.0,1.6951706809946323,269967670.8091879,269967670.8091879,0.0,10.6122,-0.08002342,-5.61318777,-11.72858448,0.69257987,-20.8391989,-26.66817188,2189018654.5695176,0.0661,2189018654.572919
2026-03-28 02:44:23.343329,2026-03-28,512,17,33037014986.745533,50001786883.65895,0.2402792557145142,147926459.43454945,147764369.72575837,162089.7087910756,-19.8114,-0.04040915,-5.40974658,-0.21460912,1.60250459,-20.62943881,-25.74228795,7938109372.044471,0.2396,12014396925.171371
2026-03-28 02:44:23.343329,2026-03-28,3794,58,500132830.0,500132830.0,2.4148807499438663,68008586.99456292,67416668.61465693,591918.3799059929,-7.9137,0.06719107,-2.68800446,-10.3372954,-14.99886627,-25.70370981,-20.29512935,1207761143.581948,0.0364,1207761143.5870616
2026-03-29 03:16:57.776684,2026-03-29,1,1,20008518.0,20008518.0,96949.42592046606,29855787177.91257,29816278026.065487,39509151.847087264,-54.795,0.2313144,0.99013107,-3.71164506,-0.680617,-24.97852184,-25.32139541,1939814333619.312,57.9774,2035937944329.7825
2026-03-29 03:16:57.776684,2026-03-29,1027,2,120691469.99744011,120691469.99744011,2914.798354899812,12619121147.479628,12545026233.996307,74094913.48331751,-54.1638,0.10274553,0.98652281,-4.66556512,-0.79476062,-33.11287981,-33.31676534,351791298198.9784,10.5144,351791298198.97455
2026-03-29 03:16:57.776684,2026-03-29,1839,4,136357259.47,136357259.47,890.5405722962273,1260461264.9532793,1220945209.047791,39516055.90548887,-47.5823,0.09634416,0.38755653,-3.26041636,-2.55507614,-31.49628882,-29.3026515,121431671885.15897,3.6294,121431672374.96307
2026-03-29 03:16:57.776684,2026-03-29,5426,7,572496421.3135145,623329482.2387681,120.14492252928352,3319726486.8098183,3319686385.117864,40101.691955022965,-36.8204,0.24004011,0.19896867,-6.09399191,-4.36795561,-34.77484127,-35.87518975,68782538187.00426,2.0558,74889872353.79434
2026-03-29 03:16:57.776684,2026-03-29,52,5,61344583754.0,99985695443.0,1.9399260664727136,1542870015.0681837,1541551116.727486,1318898.3406980466,-51.9017,-0.00565389,0.81329971,-5.6736296,-4.76254504,-29.6334782,-29.52752158,119003957061.30316,3.5568,193992606647.27863
2026-03-29 03:16:57.776684,2026-03-29,74,9,153604566383.70523,153604566383.70523,0.1322727605748215,1453325871.9721513,1452426306.334871,899565.6372801926,17.9346,0.05588103,1.17387163,-1.02807766,-6.02866607,-26.85882151,-28.03453533,20317700032.47112,0.6073,20317700032.47636
2026-03-29 03:16:57.776684,2026-03-29,2010,12,36096440525.57868,44994439995.92189,0.3573256162761557,471517733.47302,469792574.4996545,1725158.9733656156,-33.0486,-0.08637137,0.41119921,-4.54831337,-14.38741026,-31.03470597,-34.79445282,12898182856.178003,0.3855,16079652732.426537
2026-03-29 03:16:57.776684,2026-03-29,1958,8,94761102771.9193,94761094955.2777,0.4583997149992039,750513955.6530752,750372216.7580702,141738.8950051664,-33.3345,-0.22358311,1.58838574,2.25298947,10.82506414,7.47019071,10.61103832,43438462503.65807,1.2983,43438458920.51557
2026-03-29 03:16:57.776684,2026-03-29,5805,24,431771961.1772119,463441061.1772119,12.734007482015434,181543735.9266832,173243159.73671502,8300576.189968136,-46.194,0.06320898,0.39893727,-5.5238447,-6.21148725,-27.31493454,-31.96534019,5498187384.155093,0.1643,9114349542.985985
2026-03-29 03:16:57.776684,2026-03-29,11419,29,2462300088.346979,5158109314.226931,1.795748495380658,87487372.871249,86180649.94872542,1306722.9225235698,-40.3047,0.0703344,1.68355847,-2.03875311,-4.52221782,-18.20834087,-26.67158949,4421671678.824749,0.1322,9262667040.026058
2026-03-29 03:16:57.776684,2026-03-29,1975,15,708099970.4525567,1000000000.0,12.343582510736612,377483704.4892804,374078710.6950925,3404993.7941877856,-33.2398,0.13322337,-0.1536401,-4.44664514,-6.71894621,-29.0505984,-33.51379894,8740490411.13129,0.2612,12343582510.739157
2026-03-29 03:16:57.776684,2026-03-29,5994,26,589243602543317.5,589500156092907.1,8.471542551342206e-06,106104474.81154291,106056755.9764052,47718.83513770143,-17.4326,0.06938874,1.44203944,-0.20112766,-2.05750074,-24.87702494,-22.04768583,4991802252.051888,0.1492,4994420744.778308
2026-03-29 03:16:57.776684,2026-03-29,6636,37,1676574566.9200048,1676574566.9200048,1.8384972413381613,150241380.66278762,150115163.4637209,126217.19906673902,-29.9766,0.11900905,-0.80270482,-13.99824839,-23.07951687,-32.11293704,-32.47711738,3082377716.180151,0.0921,3860844206.815092
2026-03-29 03:16:57.776684,2026-03-29,28321,55,10616316693.22285,10616316703.22285,0.1335551143006577,63517864.80222881,63468295.69431616,49569.10791262167,-38.2332,0.08368695,1.71398582,-2.91985353,-17.75659015,-22.67907773,-15.22951707,1417863389.415358,0.0424,1417863390.756818
2026-03-29 03:16:57.776684,2026-03-29,2,21,77000901.98347135,84000000.0,78.59881464766465,385006750.74053645,384673882.6977512,332868.0427853065,-5.3045,0.1599188,1.34128624,-1.09723695,-2.91260239,-22.33144993,-31.74443671,6052179622.7018585,0.1809,6602300430.411091
2026-03-29 03:16:57.776684,2026-03-29,1831,11,20013831.25,20013831.25,702.28985342387,390006144.98748887,384692175.2481103,5313969.739378591,-40.1804,-0.04560537,2.06749487,5.00489244,0.99059201,-18.78837178,-22.20878927,14055510615.012568,0.4201,14748086921.898045
2026-03-29 03:16:57.776684,2026-03-29,7083,36,632955562.7465303,897590420.0366303,4.930126063258392,115056586.19199684,114458318.36832376,598267.8236730811,-44.1,0.22969355,0.85774891,-3.26413131,-12.18746894,-29.05541613,-46.06810913,3120550716.781051,0.0933,4425233923.960571
2026-03-29 03:16:57.776684,2026-03-29,6535,43,1291403376.0,1291403376.0,1.6975000611510744,168187057.05179662,168187057.05179662,0.0,-37.234,0.05968504,0.38715786,-9.90475914,4.3327399,-20.99341427,-26.66208443,2192157309.730704,0.0655,2192157309.7281923
2026-03-29 03:16:57.776684,2026-03-29,512,18,33037010631.04653,50001786883.65895,0.2440001339596421,122687737.21421944,122576535.3579337,111201.85628572755,-16.1242,-0.04267084,1.63672897,3.33499113,3.89978218,-19.06278622,-25.13401212,8061035019.601475,0.2409,12200447560.346914
2026-03-29 03:16:57.776684,2026-03-29,3794,61,500305950.0,500305950.0,2.4145565945816005,58250539.192593,57588468.86261035,662070.3299826462,-14.9512,0.32101579,-0.35563128,-7.33682725,-12.70968618,-25.60653795,-20.3591123,1208017030.8809123,0.0361,1208017030.876247
2026-03-30 03:20:20.172098,2026-03-30,1,1,20008959.0,20008959.0,97620.7911030322,36509707395.6511,36457266051.41892,52441344.2321781,21.6439,0.40657836,0.01869372,-1.73765024,1.68286629,-23.853536,-22.8125845,1953290406728.1365,57.9901,2050036613163.681
2026-03-30 03:20:20.172098,2026-03-30,1027,2,120691443.65863363,120691443.65863363,2956.5018801228075,16647984176.15146,16519488514.93683,128495661.21462788,31.6035,0.74795957,0.69360951,-1.32866137,5.17784621,-31.48678431,-30.57556077,356824480091.4862,10.5936,356824480091.4804
2026-03-30 03:20:20.172098,2026-03-30,1839,4,136357216.22,136357216.22,895.5016536888702,2083597443.3520231,2045248679.2072272,38348764.14479524,64.6355,0.08348295,0.21268416,-2.22357539,-0.05527022,-31.42047082,-27.58826279,122108112617.42084,3.6252,122108113584.56648
2026-03-30 03:20:20.172098,2026-03-30,5426,7,572495523.3891388,623328777.0983802,120.99852895853512,4067836599.684332,4067780400.331168,56199.353164155415,21.8441,0.26735963,0.25382078,-4.23062195,1.23529359,-32.60094138,-32.38829759,69271116165.43243,2.0566,75421865086.43141
2026-03-30 03:20:20.172098,2026-03-30,52,5,61344583754.0,99985695443.0,1.960503187718306,2013618759.0991783,2011847770.0488813,1770989.050297486,29.8318,0.21913719,0.67019449,-2.66510431,-1.05885497,-28.30864101,-27.23077876,120266251998.9696,3.5705,196050318771.8357
2026-03-30 03:20:20.172098,2026-03-30,74,9,153618056383.70523,153618056383.70523,0.1341528752078932,1223026481.727462,1222409907.46655,616574.2609126376,-16.5621,0.34078449,0.80640941,1.41484758,-1.65678953,-24.83830027,-24.86988787,20608303947.72231,0.6118,20608303947.722267
2026-03-30 03:20:20.172098,2026-03-30,2010,13,36096440525.57868,44994439995.92189,0.356311184058286,625808190.5157523,623080594.7218815,2727595.7938708905,31.8854,-0.00818551,-0.82435626,-2.99399562,-12.2690938,-30.42335437,-30.15659882,12861565463.95844,0.3818,16034003282.62962
2026-03-30 03:20:20.172098,2026-03-30,1958,8,94762962443.4262,94762956925.9035,0.4696792538351849,881651786.4418505,881485012.6501906,166773.79165996515,17.0802,0.13614896,2.14559866,4.2854685,14.03545027,9.54318631,13.32254234,44508197491.64007,1.3214,44508194900.17549
2026-03-30 03:20:20.172098,2026-03-30,5805,24,431771961.1772119,463441061.1772119,12.771998539706852,236687189.01815405,228516717.2871267,8170471.731027422,29.7148,0.07193742,-0.11024581,-3.94170203,-1.74511539,-25.83474501,-28.93903035,5514590857.641713,0.1637,9141541593.863838
2026-03-30 03:20:20.172098,2026-03-30,11419,29,2462393933.5938206,5158204680.94337,1.791975478738629,87177259.40513122,84477245.57575627,2700013.8293749504,-0.6677,-0.17887202,-0.54348454,-2.43370302,-5.49399938,-18.59951198,-20.88945508,4412549547.994883,0.131,9243376302.56573
2026-03-30 03:20:20.172098,2026-03-30,1975,15,708099970.4525567,1000000000.0,12.521511627846593,374759403.48961365,369709797.291065,5049606.198548741,-2.6989,0.41288996,0.60566377,-1.54249518,-1.59895172,-26.49746943,-29.99297517,8866482013.699518,0.2632,12521511627.842978
2026-03-30 03:20:20.172098,2026-03-30,5994,27,589243599447621.5,589500152997211.1,8.601830808828912e-06,102868240.13721088,102732627.1001924,135613.03701848493,-3.4808,0.10999059,0.93608238,1.44785146,2.00388983,-22.63859033,-17.44323019,5068573747.633794,0.1505,5071232538.15451
2026-03-30 03:20:20.172098,2026-03-30,6636,37,1676729098.3873005,1676729098.3873005,1.8530536972192653,124697352.75694008,124505563.11070704,191789.6462330028,-17.1977,-0.3021594,0.45518387,-11.1634771,-20.69776805,-30.15167529,-29.15608364,3107069055.0017123,0.0922,3891412764.160962
2026-03-30 03:20:20.172098,2026-03-30,28321,55,10616892524.086657,10616892534.086657,0.1351781547636382,70460408.96678205,70389758.96763393,70649.99914813663,10.1741,0.14010244,0.76622142,-1.4200666,-13.70820172,-20.5014539,-9.87618071,1435171940.7298996,0.0426,1435171942.074648
2026-03-30 03:20:20.172098,2026-03-30,2,21,77004426.98347135,84000000.0,78.59090605345989,374756851.6251199,374494024.04893285,262827.5761871111,-2.8358,-0.01237155,-0.41829402,-0.03561896,-1.6902755,-21.19524798,-30.66345589,6051847686.758509,0.1797,6601636108.488253
2026-03-30 03:20:20.172098,2026-03-30,1831,11,20014196.875,20014196.875,664.2178446250624,683101320.5263463,681328386.6464617,1772933.879884639,74.5013,0.03323311,-5.69146925,-3.06836552,-1.38520527,-21.96828225,-23.6688221,13293786710.21416,0.3947,13948574737.128298
2026-03-30 03:20:20.172098,2026-03-30,7083,36,632921562.7465303,897556420.0366303,4.988412552653215,141648514.00939295,140569628.97275525,1078885.036637713,22.4593,0.43826468,0.55863906,-2.39487212,-8.09124711,-27.51882478,-42.67657398,3157273868.4496813,0.0937,4477381712.421864
2026-03-30 03:20:20.172098,2026-03-30,6535,43,1291506745.0,1291506745.0,1.7269144927636724,185647247.01912665,185634802.5524054,12444.466721276354,9.8491,0.22126324,1.32145587,-7.76783237,8.67245884,-18.57956036,-21.85334102,2230321715.442537,0.0662,2230321715.4423428
2026-03-30 03:20:20.172098,2026-03-30,512,18,33037005565.00837,50001786883.65895,0.244837138661826,135278579.65206608,135138187.48457316,140392.167492898,10.06,0.15846238,-0.09247771,7.08818583,5.72363187,-18.55281532,-21.40691991,8088685912.491471,0.2401,12242299307.770847
2026-03-30 03:20:20.172098,2026-03-30,3794,60,500478750.0,500478750.0,2.423303884691105,67460235.39296894,66862821.531425446,597413.861543499,15.6474,0.0019451,-0.02685413,-6.67603296,-9.7647693,-23.9216464,-15.52126255,1212812099.0803487,0.036,1212812099.0745444
2026-03-31 02:53:42.244417,2026-03-31,1,1,20009368.0,20009368.0,99023.01006689972,54338733947.24309,54269985697.07712,68748250.16596353,49.7146,0.09662132,1.25087886,-3.58052279,0.24276012,-16.97855909,-23.21462154,1981387848896.3008,58.1679,2079483211404.8884
2026-03-31 02:53:42.244417,2026-03-31,1027,2,120691414.5176662,120691414.5176662,3023.310339229776,26178561751.352764,26000252702.71754,178309048.63520682,61.851,0.11034053,2.06434836,-2.9323096,1.78108153,-23.80889232,-30.24941676,364887601367.5269,10.7121,364887601367.5342
2026-03-31 02:53:42.244417,2026-03-31,1839,4,136357156.75,136357156.75,896.8804756130614,2465604911.6063976,2430025121.107846,35579790.498552084,19.4693,-0.04173325,-0.26578276,-2.78286132,-2.30215523,-26.80584297,-28.33037226,122296071599.18475,3.5903,122296072137.3134
2026-03-31 02:53:42.244417,2026-03-31,5426,7,572616047.2423964,623461998.3398201,122.21957678348952,5726839555.9924965,5726795037.485694,44518.506801907024,44.2007,0.20227951,0.43774538,-7.11252411,-4.80920775,-26.24393528,-33.18928019,69984890953.40031,2.0546,76199261577.68651
2026-03-31 02:53:42.244417,2026-03-31,52,5,61344583754.0,99985695443.0,1.9474126503396527,2652285460.044763,2649828610.778546,2456849.26621677,32.4025,-0.02908034,-0.98753855,-5.35015354,-6.33168656,-23.41948743,-28.74618308,119463218432.36,3.5071,194741265033.9716
2026-03-31 02:53:42.244417,2026-03-31,74,9,153631366383.7052,153631366383.7052,0.1342978261820982,1696130454.3391588,1695533030.815935,597423.5232238794,39.8186,0.10670001,-0.34772358,-1.136772,-5.12243138,-19.44069824,-25.246168,20632358538.717087,0.6057,20632358538.714108
2026-03-31 02:53:42.244417,2026-03-31,2010,13,36096440525.57868,44994439995.92189,0.3617560444730764,598329104.6955175,594972779.5951408,3356325.100376744,-3.6855,0.19646233,0.85189454,-4.17096266,-14.44395415,-23.59360831,-29.58257094,13058105544.091002,0.3835,16279022001.29317
2026-03-31 02:53:42.244417,2026-03-31,1958,8,94763511254.4819,94763504204.05788,0.4651900653186659,984461128.6038226,983602269.5524389,858859.0513836597,11.762,-0.16206902,-1.02463069,3.26623192,13.0276747,9.49983137,11.71166632,44083043990.29857,1.2947,44083040710.50607
2026-03-31 02:53:42.244417,2026-03-31,5805,23,431771961.1772119,463441061.1772119,13.169722821704193,285542520.0597841,272465265.90026724,13077254.159516942,21.8036,0.66678874,2.46716172,-5.16889362,-3.5014999,-17.02332655,-28.33677156,5686317050.887504,0.1669,9426212239.219587
2026-03-31 02:53:42.244417,2026-03-31,11419,29,2462475255.771209,5158296368.918646,1.796273189754198,116038673.0486582,114314473.73807225,1724199.3105859305,33.4134,-0.35814819,-0.29981697,-7.09322642,-4.46003511,-13.27569295,-23.51329695,4423278282.374935,0.1299,9265709472.301792
2026-03-31 02:53:42.244417,2026-03-31,1975,14,708099970.4525567,1000000000.0,12.799097589188138,494471141.87647694,484695402.9195812,9775738.956895906,31.6982,0.08370782,1.73230298,-3.13065035,-3.66485289,-18.89984077,-29.13661391,9063040624.72351,0.2662,12799097589.183935
2026-03-31 02:53:42.244417,2026-03-31,5994,26,589243598958162.5,589500152507752.1,8.692407295739882e-06,174881440.1062112,174622967.69501716,258472.41119401285,70.4286,0.18712438,0.70028357,-1.35399891,0.51862265,-17.28409621,-15.50747555,5121945358.551957,0.1504,5124632150.142368
2026-03-31 02:53:42.244417,2026-03-31,6636,37,1676917660.483008,1676917660.483008,1.833989738118457,163454969.6191313,163354623.88350016,100345.7356311036,31.9864,0.36388669,-1.37318361,-11.10603462,-23.23103285,-26.06660956,-30.83454003,3075449780.995448,0.0903,3851378450.0545454
2026-03-31 02:53:42.244417,2026-03-31,28321,55,10617468706.204592,10617468716.204592,0.1352071313944872,84293260.28064415,84215434.37275174,77825.90789241693,22.4356,0.45540962,-0.30932985,-2.97630967,-16.60940905,-15.79877396,-9.5790823,1435557486.4366603,0.0421,1435557487.7945905
2026-03-31 02:53:42.244417,2026-03-31,2,21,77007795.73347135,84000000.0,78.52608962564291,497414551.0719248,496845807.1816279,568743.8902969077,32.8916,-0.07144928,-0.34213038,-2.48855186,-2.63241481,-15.73377071,-30.93348423,6047121069.639772,0.1775,6596191528.548578
2026-03-31 02:53:42.244417,2026-03-31,1831,11,20014643.75,20014643.75,678.2239692179893,441594159.0787572,439569672.26085424,2024486.817902952,-34.9091,-0.20601239,1.61926783,-1.33640649,0.05303049,-13.46735112,-21.95319156,13574411126.60902,0.3985,14242703353.57419
2026-03-31 02:53:42.244417,2026-03-31,7083,36,632879562.7465303,897514420.0366303,5.182512436960409,181298571.6068191,179063797.0616549,2234774.545164173,28.4121,0.56247518,3.54593417,-0.37613763,-9.40195982,-16.17054436,-40.27572545,3279906205.0319586,0.0963,4651379644.194229
2026-03-31 02:53:42.244417,2026-03-31,6535,43,1291584286.0,1291584286.0,1.724274281024081,232410450.38576967,232319925.37201497,90525.01375476531,25.2182,-0.60035169,-0.61274901,-8.97390537,0.05845118,-11.0042532,-22.08908089,2227045566.124651,0.0654,2227045566.124744
2026-03-31 02:53:42.244417,2026-03-31,512,18,33042653001.92234,50001786883.65895,0.2479749748409021,146718304.7894478,146502158.06412372,216146.72532411024,8.6528,0.45948825,0.92722122,3.10677953,3.9302878,-11.94925466,-18.99362996,8193751046.828352,0.2405,12399196786.201242
2026-03-31 02:53:42.244417,2026-03-31,3794,60,500651140.0,500651140.0,2.462453567666143,62231899.14143326,61761556.31792636,470342.8235068777,-7.3398,0.29947912,1.12198194,-5.72247789,-9.67693291,-18.90503347,-14.11271305,1232830185.8491216,0.0362,1232830185.8520195
2026-04-01 03:24:39.128409,2026-04-01,1,1,20009800.0,20009800.0,98274.79364326468,60753041841.23417,60685879225.119774,67162616.11439314,14.3263,0.14063841,0.1408845,-3.56170895,1.77467886,-19.22457002,-22.65397579,1966458965842.9976,58.0614,2063770666508.557
2026-04-01 03:24:39.128409,2026-04-01,1027,2,120691362.3964843,120691362.3964843,3034.4285808091504,28855251408.95565,28674274446.905365,180976962.05028903,13.2622,0.2316434,1.50701611,-2.43761137,6.24704174,-22.34552478,-29.6064296,366229319512.6867,10.8132,366229319512.6899
2026-04-01 03:24:39.128409,2026-04-01,1839,4,136357084.39,136357084.39,890.6344714835582,2532027904.306217,2450786690.4349585,81241213.87125877,4.5629,0.00018966,0.32615692,-3.72054625,-1.32086808,-27.94044231,-29.35594257,121444319788.72658,3.5857,121444320875.29855
2026-04-01 03:24:39.128409,2026-04-01,5426,7,572611110.7979977,623461214.4426378,120.3306934773595,6783208670.620232,6783146905.523328,61765.09690190568,22.1758,0.46042083,-0.41250871,-8.46271663,-1.77025695,-29.72319032,-33.51401596,68902692055.16422,2.0344,75021520290.12271
2026-04-01 03:24:39.128409,2026-04-01,52,5,61405531717.0,99985687636.0,1.9400386252375244,2894507742.926072,2891937392.770409,2570350.1556622586,10.4376,0.37160751,0.75358665,-4.77054068,-2.21530518,-23.24015682,-27.06660512,119129103334.22787,3.5174,194003862523.7552
2026-04-01 03:24:39.128409,2026-04-01,74,9,169357163126.57907,169357163126.57907,0.1334031878825528,1477039156.027583,1475947153.389474,1092002.638109073,-10.919,0.25463031,0.65279714,-2.49618027,-1.15871216,-20.0083557,-21.9557162,22592785451.831184,0.6671,22592785451.83652
2026-04-01 03:24:39.128409,2026-04-01,2010,13,36096440525.57868,44994439995.92189,0.3528549963274989,740151089.7687224,736555137.0423543,3595952.7263681646,26.0329,0.43534623,-1.03812341,-8.329454,-12.00497945,-23.6580721,-26.68798848,12736809389.088848,0.3761,15878474834.737425
2026-04-01 03:24:39.128409,2026-04-01,1958,8,94763759805.1057,94763753878.96268,0.4555580379455849,888319272.1537747,884098292.0205759,4220980.133198735,-8.9611,0.16487441,-1.11887479,2.66683077,11.88355947,7.60973927,11.0152708,43170392485.16064,1.2746,43170389785.45722
2026-04-01 03:24:39.128409,2026-04-01,5805,24,431771961.1772119,463441061.1772119,12.940036904359811,301445110.74728125,292535555.33729154,8909555.409989769,7.7528,0.44576394,-0.42353743,-6.54995829,-1.68724137,-17.61719765,-27.3389574,5587145111.900933,0.165,9261814838.109505
2026-04-01 03:24:39.128409,2026-04-01,11419,29,2472579245.7950644,5158392965.523543,1.759169180910083,95234190.03348348,93418849.80871733,1815340.224766167,-17.2429,-0.16931865,-0.97640363,-7.90227648,1.05638821,-15.10679304,-27.24272899,4349685206.560574,0.1284,9074485927.97037
2026-04-01 03:24:39.128409,2026-04-01,1975,14,708099970.4525567,1000000000.0,12.717137747164896,646100042.4550656,638926868.635115,7173173.819950741,32.7537,0.13394887,0.41079226,-4.28594802,-0.33985099,-18.53334443,-28.09598094,9005004863.008556,0.2659,12717137747.167517
2026-04-01 03:24:39.128409,2026-04-01,5994,26,589243591806060.4,589500145355650.0,8.568572486404765e-06,153402387.01830503,153249246.5805531,153140.43775194755,-11.7338,0.12506888,-0.24208628,-3.25656755,5.46609603,-17.28030634,-14.67799301,5048976428.539729,0.1491,5051625004.514996
2026-04-01 03:24:39.128409,2026-04-01,6636,37,1677063221.088066,1677063221.088066,1.821898776094444,182599261.2598549,182465486.7369638,133774.522891126,13.2606,0.57265604,0.35947586,-9.57535555,-19.3515094,-25.12506133,-29.17512236,3055439429.933352,0.0902,3825987429.8005314
2026-04-01 03:24:39.128409,2026-04-01,28321,54,10618044679.563364,10618044689.563364,0.1331139009867535,96752597.5996942,96646098.77292778,106498.8267664389,18.0339,0.95528674,-0.47291702,-4.10558147,-14.87443658,-17.86347687,-7.27138235,1413409348.1483228,0.0417,1413409349.475042
2026-04-01 03:24:39.128409,2026-04-01,2,21,77011401.98347135,84000000.0,78.15551895402216,400072060.46772194,399606882.83116096,465177.6365610132,-18.6654,0.03576485,0.68753767,-3.61295348,-0.17584121,-16.96804899,-29.91337372,6018866087.395015,0.1777,6565063592.140815
2026-04-01 03:24:39.128409,2026-04-01,1831,12,20015068.75,20015068.75,667.3353541599428,489305473.1315786,486444405.7261674,2861067.40541122,13.024,0.02401454,-0.84246425,-3.33540879,2.34863617,-16.16964971,-22.72118253,13356762992.816854,0.3944,14014042437.356186
2026-04-01 03:24:39.128409,2026-04-01,7083,36,632839562.7465303,897474420.0366303,5.1575460160931215,257976982.39396533,256504645.3943165,1472336.9996487536,43.0221,0.49185936,0.69500821,-0.89084395,-7.0878595,-16.54607853,-37.06074725,3263899165.6694803,0.0964,4628765619.603921
2026-04-01 03:24:39.128409,2026-04-01,6535,43,1291661205.0,1291661204.0,1.7150445015367046,273735464.1169934,273723420.02300864,12044.093984754038,18.591,0.20131101,0.46237328,-8.00968207,-0.70291342,-10.54514651,-21.59902614,2215256447.4835243,0.0654,2215256445.773344
2026-04-01 03:24:39.128409,2026-04-01,512,18,33048968965.41227,50001786883.65895,0.2440642518766534,154965533.78579056,154837123.0868368,128410.69895374228,7.2012,0.51449761,-0.43910485,-4.07356309,8.18572469,-12.0792949,-16.92827213,8066071885.838083,0.2382,12203653572.051662
2026-04-01 03:24:39.128409,2026-04-01,3794,59,500822900.0,500822900.0,2.4600408499101425,73820101.72653988,73091500.62160967,728601.104930191,20.2614,0.04172799,0.80998519,-5.01111657,-6.14366714,-18.71054842,-11.67927669,1232044792.5704625,0.0364,1232044792.5686584
2026-04-02 02:50:06.919350,2026-04-02,1,1,20010306.0,20010306.0,97001.68768442044,55042522097.05203,55001616154.28548,40905942.76655286,-9.6398,-0.53976395,-1.19614154,-5.73376869,-2.61614188,-15.21070119,-24.45554553,1941033453081.6848,58.0489,2037035441372.8303
2026-04-02 02:50:06.919350,2026-04-02,1027,2,120691323.2285034,120691323.2285034,3005.5602930756013,31161878487.384663,30965906731.334324,195971756.05033827,6.3619,-1.25570186,-0.78102387,-3.68950157,2.41381979,-15.67673214,-30.89271525,362745048814.3428,10.8483,362745048814.3431
2026-04-02 02:50:06.919350,2026-04-02,1839,4,136357023.0,136357023.0,868.0941070760006,2645547244.980196,2547547629.146945,97999615.83325052,4.1308,-0.90316286,-2.73667202,-7.07622116,-6.11382575,-24.15037241,-30.51791581,118370728124.72668,3.54,118370728741.07198
2026-04-02 02:50:06.919350,2026-04-02,5426,7,572731095.5616337,623594354.4878721,114.04365610221568,8299764891.090369,8299616578.258826,148312.83154312582,21.8885,-0.81290743,-4.9654662,-13.57052526,-8.88050776,-25.56254967,-37.70538052,65316348101.27618,1.9534,71116980110.49155
2026-04-02 02:50:06.919350,2026-04-02,52,5,61405531717.0,99985687636.0,1.9167964029382447,2876543421.6714463,2874719911.187818,1823510.4836277624,-0.8634,-0.30467386,-0.95407365,-5.83643712,-4.41121808,-20.95201249,-29.46925089,117701902315.65591,3.52,191679640293.82147
2026-04-02 02:50:06.919350,2026-04-02,74,9,153658546383.70523,153658546383.70523,0.1306484221218199,1737346240.969633,1736430957.5349612,915283.4346719136,17.022,-0.31441848,-1.92533872,-5.05638158,-3.08260562,-14.47105811,-28.89718585,20075246630.56357,0.6004,20075246630.559635
2026-04-02 02:50:06.919350,2026-04-02,2010,13,36096440525.57868,44994439995.92189,0.348962315844745,881595161.1313611,878025030.123807,3570131.0075538945,18.8776,-0.7224578,-0.82797706,-10.06927093,-12.44152133,-18.64947154,-32.62027001,12596297479.558044,0.3767,15703304213.011232
2026-04-02 02:50:06.919350,2026-04-02,1958,8,94763915738.5461,94763916389.54108,0.4575209019462309,919416314.69079,919288060.9847728,128253.70601726243,3.6844,-0.28151925,0.19061129,0.41588991,11.24922295,10.16985685,10.20199193,43356472200.65624,1.2966,43356472498.498924
2026-04-02 02:50:06.919350,2026-04-02,5805,24,431771961.1772119,463441061.1772119,12.759204599276208,499023480.1694104,488833947.7661513,10189532.40325934,65.5324,-1.24930875,-1.0543679,-8.2461884,-4.10963529,-13.84755786,-36.07005863,5509066792.89079,0.1648,9132384347.38718
2026-04-02 02:50:06.919350,2026-04-02,11419,30,2472661128.9043727,5158484327.704691,1.7602242178521708,115650715.2147816,113914440.28596348,1736274.92881811,21.1378,-0.99904593,-0.33329042,-8.23551575,-1.9167646,-10.17205669,-27.59943478,4352438001.639165,0.1302,9080089041.040403
2026-04-02 02:50:06.919350,2026-04-02,1975,15,708099970.4525567,1000000000.0,12.522610433190392,1038274503.0365548,1025684736.145912,12589766.890642852,62.283,-1.00348631,-1.53401333,-6.8444513,-3.46218489,-14.19268413,-31.73557972,8867260077.730995,0.2652,12522610433.187124
2026-04-02 02:50:06.919350,2026-04-02,5994,26,589243583895497.6,589500137445087.4,8.491425951902489e-06,160853416.75207353,160631858.60670185,221558.1453716559,4.3119,-0.53681662,-0.93330259,-3.67345122,7.29743899,-14.35034624,-20.62221762,5003518260.28226,0.1496,5006143057.1644535
2026-04-02 02:50:06.919350,2026-04-02,6636,37,1677215747.139012,1677215747.139012,1.7741145769078228,188811933.09442365,188672577.6176748,139355.47674895,2.6748,-1.02839029,-2.40564912,-9.20425642,-18.74203261,-21.39471906,-38.82102879,2975572905.618666,0.089,3725640611.506176
2026-04-02 02:50:06.919350,2026-04-02,28321,54,10618620844.195215,10618620854.195215,0.1309637329502551,99837279.52854156,99711296.4740055,125983.05453604832,3.2841,-0.70487023,-1.07459793,-7.27489393,-10.79130958,-15.57672201,-15.09747159,1390654224.5391953,0.0416,1390654225.854256
2026-04-02 02:50:06.919350,2026-04-02,2,21,77015020.73347135,84000000.0,76.39749394552038,417546872.0285915,417206954.79945886,339917.2291325156,3.566,-0.63826541,-2.27708409,-6.00353942,-3.37983095,-11.86969091,-33.68061779,5883754580.199504,0.176,6417389491.426311
2026-04-02 02:50:06.919350,2026-04-02,1831,12,20015487.5,20015487.5,650.7633415542128,467187158.2165609,464307360.739026,2879797.477534893,-4.5705,-0.37563017,-2.91824334,-4.96836844,0.93596483,-13.07071594,-23.77551643,13025345528.336578,0.3895,13666030172.643951
2026-04-02 02:50:06.919350,2026-04-02,7083,36,632805562.7465303,897440420.0366303,5.028432200568951,280764564.331939,279215035.42223704,1549528.90970184,8.5602,-0.88155785,-2.31881491,-5.74782451,-11.61697747,-13.44285215,-39.84571792,3182019868.413809,0.0952,4512718306.205871
2026-04-02 02:50:06.919350,2026-04-02,6535,44,1291765592.0,1291765592.0,1.6861618802776122,267732808.42200908,267716674.57541272,16133.846596308356,-2.8602,-0.44480042,-1.63445066,-7.71603384,-15.91374369,-3.5289726,-29.28653079,2178125899.484643,0.0651,2178125899.478328
2026-04-02 02:50:06.919350,2026-04-02,512,17,33064470988.013977,50001786883.65895,0.2392534867748587,169248486.77597144,169095089.1910607,153397.58491075746,10.3026,-1.07838954,-1.73266459,-6.31514953,7.50523576,-8.94409068,-19.85641903,7910789972.2485,0.2366,11963106624.814877
2026-04-02 02:50:06.919350,2026-04-02,3794,60,500822900.0,500822900.0,2.3825393985107,80676563.11889146,79922662.47695798,753900.6419334958,9.1949,-0.89123562,-3.22205343,-5.92325852,-11.18395939,-16.9694009,-20.93575384,1193230290.9263844,0.0357,1193230290.9216173
2026-04-03 02:52:31.539588,2026-04-03,1,1,20010768.0,20010768.0,96074.4413060408,51629199832.39414,51585906325.5352,43293506.85893949,-6.0397,-0.3197044,-0.6582373,-3.68602704,-2.87210957,-13.52990592,-26.53972206,1922523355704.8,58.0238,2017563267426.8533
2026-04-03 02:52:31.539588,2026-04-03,1027,2,120691290.39099292,120691290.39099292,2961.516972472052,23377117139.41772,23235239474.24223,141877665.17548206,-25.2258,-0.12956703,-1.20438962,-1.1240542,3.31110472,-9.9517809,-34.57289041,357429304922.47864,10.7876,357429304922.4843
2026-04-03 02:52:31.539588,2026-04-03,1839,5,136356974.17000002,136356974.17000002,843.4374940739541,3082087881.4805427,3033456216.0857763,48631665.394765206,16.7788,-0.27276164,-2.4433682,-7.57034116,-7.93245887,-23.41276028,-33.69271742,115008584593.45168,3.4711,115008585369.41124
2026-04-03 02:52:31.539588,2026-04-03,5426,7,572729956.9036671,623593647.5619851,114.46012648198422,6053802840.227155,6053765186.537702,37653.68945242064,-26.9345,-0.05767615,0.69908368,-8.7365978,-9.09895794,-21.76882999,-40.50485826,65554743307.21511,1.9785,71376607773.30188
2026-04-03 02:52:31.539588,2026-04-03,52,4,61405531717.0,99985687636.0,1.8884506946165631,3274460051.030136,3272501611.224696,1958439.8054408503,13.8084,-0.71535776,-1.16282654,-4.76633909,-4.08521086,-17.98828022,-35.61205518,115961319024.26808,3.4998,188845069461.66025
2026-04-03 02:52:31.539588,2026-04-03,74,9,153672006383.7052,153672006383.7052,0.1304151814078698,1174541431.8633914,1173756076.8081532,785355.055238081,-32.2961,-0.19779052,0.06712347,-2.48117243,0.27544516,-13.29827595,-37.09625093,20041162589.842247,0.6049,20041162589.83751
2026-04-03 02:52:31.539588,2026-04-03,2010,13,36096440525.57868,44994439995.92189,0.34638235809754,707484919.2794658,705776817.2127959,1708102.0666699803,-19.5205,-0.02379533,-0.44109978,-6.31023789,-9.43345481,-16.97332281,-39.57263069,12503170188.177547,0.3774,15587206114.3918
2026-04-03 02:52:31.539588,2026-04-03,1958,8,94764308444.0268,94764300653.0757,0.4554944548330469,847775111.3228185,847679581.3696129,95529.953205539,-7.5383,-0.12144186,-0.14324837,1.29958384,12.22706144,10.94794372,8.81512056,43164617012.34269,1.3028,43164613463.60487
2026-04-03 02:52:31.539588,2026-04-03,5805,25,431771961.1772119,463441061.1772119,12.658607907738205,349300095.1901245,342137481.0709301,7162614.119194241,-29.874,-0.09931428,-0.51844373,-4.11452754,-4.98564355,-12.12990538,-37.3511908,5465631962.097487,0.165,9060382394.29147
2026-04-03 02:52:31.539588,2026-04-03,11419,31,2472761614.36532,5158579450.141524,1.7847700352279054,113857145.59379482,111877531.3194033,1979614.274391494,-1.297,0.15996965,1.63083247,-1.18777918,-0.64023604,-8.34217253,-32.50009895,4413310833.581004,0.1332,9206878026.960531
2026-04-03 02:52:31.539588,2026-04-03,1975,14,708099970.4525567,1000000000.0,12.448505975259888,860135185.1427428,853327201.6685176,6807983.474225418,-16.9098,-0.22622508,-0.29125259,-3.92825722,-2.53991049,-9.1075804,-35.20894093,8814786713.260002,0.266,12448505975.2565
2026-04-03 02:52:31.539588,2026-04-03,5994,26,589243582958128.5,589500136507718.1,8.442094537263912e-06,157347500.90357265,157218148.8647672,129352.03880546732,-1.9166,-0.75525292,-0.28185354,-1.87635244,6.21509613,-13.35236315,-28.3290734,4974450032.808631,0.1501,4977059588.712315
2026-04-03 02:52:31.539588,2026-04-03,6636,36,1677366293.5950477,1677366293.5950477,1.7829685715358503,149614261.04863933,149507954.54992995,106306.49870940569,-20.5992,-0.29172109,0.62391493,-7.25009486,-19.55577722,-18.68867671,-43.12604174,2990691384.4335456,0.0903,3744234000.2181177
2026-04-03 02:52:31.539588,2026-04-03,28321,55,10619196960.0731,10619196970.0731,0.1333521835358584,80306027.76049104,80242125.30409095,63902.45640010024,-19.3268,0.49161189,2.03381635,-3.89495551,-9.19466149,-11.57496151,-19.69974281,1416093102.0230985,0.0427,1416093103.3546867
2026-04-03 02:52:31.539588,2026-04-03,2,22,77018539.48347135,84000000.0,75.54988650276684,380194965.6032664,378595495.2391715,1599470.364094858,-8.7577,-0.18097409,-0.82982059,-4.91138447,-4.91446958,-11.40790715,-36.87165004,5818741916.585126,0.1756,6346190466.227181
2026-04-03 02:52:31.539588,2026-04-03,1831,12,20015959.375,20015959.375,641.7947687522744,336171689.56207764,333232305.0989534,2939384.46312425,-27.9452,-0.10656505,-1.04363738,-4.67446425,0.12772603,-14.08291693,-29.49225092,12846138018.433044,0.3877,13477690143.802317
2026-04-03 02:52:31.539588,2026-04-03,7083,37,632721562.7465303,897356420.0366303,4.615705937630731,642695672.1167768,636535975.8247075,6159696.292069412,129.5984,0.41086013,-7.93646353,-10.01597952,-19.13954606,-18.12400787,-47.56236182,2920456674.0361547,0.0881,4141933356.128131
2026-04-03 02:52:31.539588,2026-04-03,6535,44,1291844791.0,1291844791.0,1.683407238052966,250085027.72637773,250075766.64897692,9261.077400711723,-6.3871,0.1891582,0.08069197,-5.90742752,-16.73772402,-2.04758757,-31.44732993,2174700871.6104207,0.0656,2174700871.61688
2026-04-03 02:52:31.539588,2026-04-03,512,18,33071095802.95583,50001786883.65895,0.2365111529331037,150832586.39360416,150684904.73102218,147681.66258200788,-10.6403,0.13672475,-0.96291193,-6.43317257,7.76240026,-7.07117094,-26.87643549,7821682997.118212,0.2361,11825984977.850626
2026-04-03 02:52:31.539588,2026-04-03,3794,60,501164600.0,501164600.0,2.424131472759791,68443621.44488622,67912104.21648566,531517.2284005516,-14.9354,0.34874583,1.9636013,-1.87884334,-8.27780724,-13.42256004,-23.50097882,1214888879.8930717,0.0367,1214888879.8873842
2026-04-04 02:43:14.310807,2026-04-04,1,1,20011162.0,20011162.0,96956.4079076165,30736369740.176205,30696218585.95744,40151154.21877251,-40.8418,-0.01350062,0.75771271,1.32212577,-7.63820359,-14.74584726,-26.69999317,1940210385577.395,58.0341,2036084566059.9463
2026-04-04 02:43:14.310807,2026-04-04,1027,2,120691261.24517275,120691261.24517275,2972.432419710029,12960588895.838428,12893346555.908312,67242339.93011503,-45.1312,-0.08766045,0.22738264,3.26846539,-3.23611622,-11.47330857,-34.85200061,358746617700.8441,10.7306,358746617700.8388
2026-04-04 02:43:14.310807,2026-04-04,1839,5,136356922.57,136356922.57,853.4995569249534,1229143708.5644624,1193696087.8615022,35447620.70296043,-60.1813,0.11853775,0.94232307,-3.64997555,-9.98239591,-23.43720274,-33.19154663,116380572997.14516,3.4811,116380573449.50038
2026-04-04 02:43:14.310807,2026-04-04,5426,7,572849967.6079456,623726775.2476604,116.36527588703748,4168738407.337183,4168659686.445053,78720.89212997053,-31.8802,0.12301924,1.49876367,-2.69972242,-11.08630849,-22.21388838,-40.04176546,66659844522.57907,1.9939,72580138279.82872
2026-04-04 02:43:14.310807,2026-04-04,52,4,61405531717.0,99985687636.0,1.9070434909860223,1757676829.196573,1756816170.3366838,860658.8598890714,-46.7597,-0.13319191,0.67537121,-0.63232668,-7.36124213,-17.94632067,-35.36493813,117103019571.4406,3.5027,190704349098.6049
2026-04-04 02:43:14.310807,2026-04-04,74,9,153685546383.7052,153685546383.7052,0.1321283654810431,947576642.4965588,946856026.7038316,720615.7927271187,-20.5737,-0.14750388,1.04497387,1.09092658,-5.43569491,-14.76286886,-38.05123025,20306220041.740013,0.6074,20306220041.73782
2026-04-04 02:43:14.310807,2026-04-04,2010,13,36096440525.57868,44994439995.92189,0.3553336639299119,580618674.9040227,578848722.3918686,1769952.5121540911,-18.7639,0.02341566,2.24828,-0.05311088,-10.30874138,-17.26447743,-37.8946456,12826280466.782026,0.3836,15990014876.84392
2026-04-04 02:43:14.310807,2026-04-04,1958,8,94765278097.251,94765271513.1008,0.4571415839836973,642030634.2823358,641800296.6258463,230337.6564895394,-24.7006,-0.22453345,0.14798391,1.65705164,9.6912279,11.31434274,6.80905434,43321149336.0329,1.2958,43321146326.1387
2026-04-04 02:43:14.310807,2026-04-04,5805,24,431771961.1772119,463441061.1772119,12.92120755585995,258530718.89935985,249492089.5479831,9038629.351376742,-26.8488,0.45396483,1.72704116,2.10709606,-5.77764684,-11.23661334,-36.1864793,5579015127.171459,0.1669,9248337756.03685
2026-04-04 02:43:14.310807,2026-04-04,11419,30,2472915035.113975,5158735097.472557,1.7893766011241965,120768649.77152176,118671831.5615294,2096818.2099923475,5.6664,-0.05206608,-0.06549994,1.6954601,-6.52520576,-8.78836914,-33.63797314,4424976300.401167,0.1324,9230919874.813702
2026-04-04 02:43:14.310807,2026-04-04,1975,14,727099970.4523478,1000000000.0,12.52084608586961,530786218.58351177,529565842.1830132,1220376.4004987322,-38.9256,0.01330432,0.25338304,1.48102769,-6.73318073,-10.87976508,-35.19201427,9103906819.074188,0.2723,12520846085.875368
2026-04-04 02:43:14.310807,2026-04-04,5994,26,589243558198118.6,589500111747708.4,8.58324377330976e-06,130975165.24244924,130850461.02573586,124704.21671340024,-17.2054,0.10258917,1.24615671,2.88393361,5.17392098,-13.25480033,-28.68189484,5057621101.866889,0.1513,5060274501.263724
2026-04-04 02:43:14.310807,2026-04-04,6636,36,1677512574.2685857,1677512574.2685857,1.799128238887577,100619215.51063402,100511076.75175184,108138.75888222449,-33.3779,0.38922658,0.57807491,-2.83023789,-18.56476674,-18.53532531,-41.6907233,3018060243.455605,0.0903,3778169301.6685457
2026-04-04 02:43:14.310807,2026-04-04,28321,56,10619773027.185686,10619773037.185686,0.1338467263296119,70689932.0254578,70632668.9329053,57263.09255248833,-12.4614,0.06407576,0.07970182,2.12876027,-11.29174217,-16.7188554,-21.05205634,1421421854.052317,0.0425,1421421855.3946085
2026-04-04 02:43:14.310807,2026-04-04,2,21,77022220.73347135,84000000.0,77.11392640847076,294625273.2548371,294397825.5767157,227447.67812134896,-22.9387,-0.13339809,1.82254454,-0.38425573,-5.99892939,-10.58262096,-35.33636168,5939485861.457901,0.1777,6477569818.304464
2026-04-04 02:43:14.310807,2026-04-04,1831,12,20016437.5,20016437.5,641.7967012791638,222298850.11976844,219527397.3392713,2771452.7804971496,-34.3962,-0.06815017,-0.17052566,-6.59559567,-3.5858099,-16.51946583,-31.31173969,12846483558.860552,0.3843,13477730726.868551
2026-04-04 02:43:14.310807,2026-04-04,7083,37,632705562.7465303,897340420.0366303,4.587231262139911,218984694.5826296,218222588.7605308,762105.822098774,-66.0171,-0.19498267,-0.78021573,-5.86691449,-20.43237538,-18.31400419,-46.80518025,2902366737.1607084,0.0868,4116308027.576346
2026-04-04 02:43:14.310807,2026-04-04,6535,43,1291923115.0,1291923115.0,1.7594568771917938,189048351.9280788,189032713.48020208,15638.44787675031,-24.786,0.40277005,4.31493916,3.99562089,-4.20215286,2.62161543,-28.7406415,2273083009.4897947,0.068,2273083009.494796
2026-04-04 02:43:14.310807,2026-04-04,512,17,33075484202.76868,50001786883.65895,0.2355048994063825,109002265.38074955,108927204.7548618,75060.62588774566,-28.3648,-0.23868242,-0.76396451,-1.79501674,2.73275346,-7.9491913,-28.19755016,7789438579.99043,0.233,11775670483.392286
2026-04-04 02:43:14.310807,2026-04-04,3794,59,501337000.0,501337000.0,2.4513758430457706,60758787.68526702,59926179.47864393,832608.2066231002,-11.4582,0.10290194,0.6975635,1.71009733,-9.89994076,-13.41454555,-24.77066428,1228965411.0250375,0.0368,1228965411.0215466
2026-04-05 03:19:13.400355,2026-04-05,1,1,20011571.0,20011571.0,97412.03769751782,23588685510.52991,23558009914.078228,30675596.45167629,-21.7922,0.22456109,0.42609653,0.23223191,-5.50409416,-12.10483754,-27.74230869,1949367908638.5544,58.0983,2045652791647.8755
2026-04-05 03:19:13.400355,2026-04-05,1027,2,120691237.98093912,120691237.98093912,2986.971728773768,10085100246.584492,10037101242.856886,47999003.72761203,-20.1048,0.20716148,0.41374076,2.16703247,-0.91538153,-9.20249605,-35.36644106,360501315759.772,10.7443,360501315759.7789
2026-04-05 03:19:13.400355,2026-04-05,1839,4,136356886.78,136356886.78,860.2378885781706,1049137677.472437,1009020701.4277726,40116976.04466413,-13.0293,0.20211895,0.74018656,-3.32130338,-8.67836313,-21.93282333,-34.09009057,117299360376.71986,3.496,117299360781.02489
2026-04-05 03:19:13.400355,2026-04-05,5426,7,572849163.3713584,623726102.7556679,116.88247892112965,2976343962.478599,2976207606.474318,136356.00428100035,-27.4043,0.19350869,0.41805426,-2.74181203,-8.79640195,-18.55824197,-41.07964443,66956030262.73955,1.9955,72902653057.90036
2026-04-05 03:19:13.400355,2026-04-05,52,5,61405531717.0,99985687636.0,1.910101172402676,1262824652.4555995,1262181822.0988202,642830.3567791048,-25.7744,0.25635588,0.09583473,-1.49786507,-6.39460912,-17.55973024,-38.47595677,117290778124.6514,3.4957,191010117240.26947
2026-04-05 03:19:13.400355,2026-04-05,74,9,153699316383.7052,153699316383.7052,0.1327372125807809,712664376.1653215,712213199.3909444,451176.7743771135,-23.6312,0.07549036,0.27341753,0.34524611,-2.419762,-15.46091559,-39.71134834,20401618832.344585,0.608,20401618832.34788
2026-04-05 03:19:13.400355,2026-04-05,2010,12,36096440525.57868,44994439995.92189,0.3585994971290839,361984812.5834232,360641075.77803135,1343736.8053918672,-37.3116,-0.0090833,0.54498634,0.24002525,-8.39299668,-17.03646654,-38.6409363,12944165420.622404,0.3859,16136977370.814692
2026-04-05 03:19:13.400355,2026-04-05,1958,8,94766832045.601,94766825667.33607,0.4609688301208497,563023753.4145261,562988437.9573643,35315.45716177356,-10.9677,0.13284295,0.80602151,0.68059149,11.36561772,10.93192606,7.93977716,43684555702.31976,1.3023,43684552762.14193
2026-04-05 03:19:13.400355,2026-04-05,5805,24,431771961.1772119,463441061.1772119,13.022294440899824,168961021.20248723,162079781.17048442,6881240.0320027685,-33.8043,0.12909265,0.88503458,2.28348395,-4.47859135,-10.90782864,-37.47307488,5622661609.774421,0.1676,9320690564.515335
2026-04-05 03:19:13.400355,2026-04-05,11419,30,2472022096.7580247,5157843384.863277,1.8009677343460693,67389129.21642154,66313187.19421303,1075942.0222085267,-43.4806,0.46795959,0.66124478,0.38366008,-7.14052526,-11.15908476,-33.78895216,4452032034.851719,0.1327,9289109514.94438
2026-04-05 03:19:13.400355,2026-04-05,1975,14,727099970.4523478,1000000000.0,12.56889627225835,377997219.00032026,376867697.1565034,1129521.843816853,-27.1625,0.1555159,0.20256309,1.41886109,-6.29441081,-10.46667876,-36.59346229,9138844108.17767,0.2724,12568896272.259964
2026-04-05 03:19:13.400355,2026-04-05,5994,26,589243557423033.6,589500110972623.4,8.624630211083473e-06,106750487.72303528,106663118.1249185,87369.59811679991,-18.1906,0.0337805,0.70209038,1.63702614,6.94955704,-12.35187693,-33.08904648,5082007787.036995,0.1515,5084673987.201358
2026-04-05 03:19:13.400355,2026-04-05,6636,36,1677637848.9321086,1677637848.9321086,1.8130535678240405,105091328.0204583,104987039.73773994,104288.2827183446,5.1738,0.23093249,0.96438902,-1.4790518,-18.12330472,-17.70303136,-41.62793959,3041647287.523008,0.0907,3807412492.427612
2026-04-05 03:19:13.400355,2026-04-05,28321,55,10620349205.57554,10620349215.57554,0.1335870387442169,53475768.52911478,53460899.44749049,14869.081624302782,-23.0474,0.00068246,-0.18410497,0.00660863,-9.04148821,-14.72049798,-25.00026423,1418741000.802333,0.0423,1418741002.1395288
2026-04-05 03:19:13.400355,2026-04-05,2,21,77025764.48347135,84000000.0,77.56571682597595,249556508.3634411,249356294.64938363,200213.71405747623,-14.2204,-0.11575063,0.51124669,-1.29639969,-3.78523281,-11.38606077,-35.07402243,5974558636.229255,0.1781,6515520213.382317
2026-04-05 03:19:13.400355,2026-04-05,1831,13,20016896.875,20016896.875,639.1607129123059,194717194.76791075,192190230.8292781,2526963.9386326456,-11.6587,0.09739382,-0.66675495,-8.86054445,-4.45967151,-17.29140251,-32.14178476,12794014076.917109,0.3813,13422374971.15327
2026-04-05 03:19:13.400355,2026-04-05,7083,37,632687562.7465303,897322420.0366303,4.512320590482028,182879978.1297945,182580304.36707005,299673.7627245012,-15.098,0.09024009,-1.60026503,-8.6490877,-22.17176928,-20.77841271,-47.7627303,2854889116.723058,0.0851,4049006432.230474
2026-04-05 03:19:13.400355,2026-04-05,6535,43,1292027124.0,1292027124.0,1.8269471790131924,236143625.89367583,236111575.9932448,32049.900431116737,25.8382,0.42687643,3.60478407,7.64961869,-1.63368696,5.46415467,-28.43148251,2360465309.400328,0.0704,2360465309.4050817
2026-04-05 03:19:13.400355,2026-04-05,512,19,33075479102.38251,50001786883.65895,0.2344810195639132,105956267.42337126,105881131.78212918,75135.64124207766,-3.0065,0.13218816,-0.16215375,-3.90860363,1.55889397,-8.87477094,-30.97663324,7755572062.491555,0.2311,11724474641.320662
2026-04-05 03:19:13.400355,2026-04-05,3794,58,501508380.0,501508380.0,2.4927197692150536,68825446.24136998,68047149.51029648,778296.7310734849,13.4634,0.42447956,1.78904722,3.27729518,-7.07200521,-17.42523147,-26.6255778,1250119853.2530153,0.0373,1250119853.247436
2026-04-06 03:22:17.357491,2026-04-06,1,1,20012046.0,20012046.0,100043.7044758681,40263673153.01445,40213049391.15344,50623761.86100536,70.4649,-0.24246463,2.86288303,2.96230978,1.14134074,-3.43040696,-26.36408099,2002079215981.478,58.3705,2100917793993.224
2026-04-06 03:22:17.357491,2026-04-06,1027,2,120691214.83174507,120691214.83174507,3084.8053707326258,17758544739.57354,17643979878.475853,114564861.09768131,76.0299,-0.34010602,3.47063496,4.74252574,7.16438058,0.60599954,-33.86987222,372308907713.2124,10.8546,372308907713.2106
2026-04-06 03:22:17.357491,2026-04-06,1839,5,136356857.06,136356857.06,871.8478546201483,1911807596.7436285,1867867049.6399257,43940547.10370279,82.5658,-0.29081613,1.51237348,-2.11710926,-4.23459147,-13.27583674,-33.59237648,118882433290.50722,3.466,118882433892.07738
2026-04-06 03:22:17.357491,2026-04-06,5426,7,572969128.3760021,623859133.1452523,118.90847923876642,4178166956.806046,4178029403.495439,137553.31060667735,40.609,-0.46304515,1.89561968,-1.20803838,-3.19834114,-9.39182363,-40.52738346,68130887705.951935,1.9864,74182140781.51625
2026-04-06 03:22:17.357491,2026-04-06,52,4,61405531717.0,99985687636.0,1.9397499789373387,2570370694.232206,2568942525.6414185,1428168.5907875798,104.3321,-0.30585635,1.72592312,-0.58550947,-2.34435309,-7.73986782,-44.10053335,119111378854.68684,3.4727,193974997893.7324
2026-04-06 03:22:17.357491,2026-04-06,74,9,153712926383.7052,153712926383.7052,0.1343600567274873,1297631146.2827828,1296755668.1340215,875478.14876167,82.3294,-0.42376756,1.41530359,0.71522954,0.92685357,-9.65506734,-38.80029098,20652877508.662712,0.6021,20652877508.66878
2026-04-06 03:22:17.357491,2026-04-06,2010,12,36096440525.57868,44994439995.92189,0.3725352058831271,582796472.416627,581219007.8976579,1577464.5189691528,61.4693,-0.15653537,4.0709219,5.028654,-1.15437798,-9.8076903,-39.58496411,13447194902.844507,0.3921,16764084264.74099
2026-04-06 03:22:17.357491,2026-04-06,1958,8,94768621720.8373,94768615609.0249,0.4611973904172429,701446355.4740195,701408200.9888949,38154.48512461079,24.3849,-0.15419079,0.21816833,-1.21520378,11.93399883,13.17617472,8.69984362,43707041031.08901,1.2743,43707038212.33444
2026-04-06 03:22:17.357491,2026-04-06,5805,23,431771961.1772119,463441061.1772119,13.86539332079722,367356657.34652096,361863618.7482168,5493038.5983041935,117.8512,0.07806154,6.66371715,9.1164641,5.68864566,-0.61785532,-33.32173839,5986688066.61403,0.1745,9924137507.794931
2026-04-06 03:22:17.357491,2026-04-06,11419,30,2473246082.4763374,5159069323.475943,1.8144189565253752,107629833.04625772,106347866.12415735,1281966.922100352,59.8565,0.05240467,0.86922478,1.77998907,-6.32509379,-8.64055287,-33.8878196,4487504576.197188,0.1308,9360713178.543743
2026-04-06 03:22:17.357491,2026-04-06,1975,14,727099970.4523478,1000000000.0,12.981301618816689,596797836.4629921,593092401.6180414,3705434.844950615,57.837,-0.32984953,3.49107904,4.1756394,1.52599407,-2.20386493,-35.06342656,9438704023.474628,0.2752,12981301618.810385
2026-04-06 03:22:17.357491,2026-04-06,5994,26,589243547305020.6,589500106032623.4,8.742178563764539e-06,158885648.12291542,158746543.4433494,139104.67956600373,49.3054,-0.50275705,1.51506306,2.25768641,11.25163858,-8.23785676,-35.71064541,5151272308.086527,0.1502,5153974935.355029
2026-04-06 03:22:17.357491,2026-04-06,6636,36,1677791867.3892713,1677791867.3892713,1.8281482754402376,160799442.71452922,160765727.2713327,33715.44319652478,53.3136,-0.26649542,1.01423327,-0.88571504,-16.72442826,-12.98010416,-43.01856241,3067252308.9153523,0.0894,3839111378.423435
2026-04-06 03:22:17.357491,2026-04-06,28321,56,10620925335.194807,10620925345.194807,0.1345687729478863,74580951.38037105,74502369.93483849,78581.44553254455,39.5146,-0.77964182,0.87961628,0.11029237,-6.32068474,-13.04068231,-26.33949147,1429244889.928283,0.0417,1429244891.280898
2026-04-06 03:22:17.357491,2026-04-06,2,22,77029608.23347135,84000000.0,78.71529397828753,285193799.0233975,284951804.50423026,241994.5191672225,14.3865,-0.01618132,1.66544459,0.69790402,0.43108883,-6.63828704,-35.10077717,6063408257.130015,0.1768,6612084694.176055
2026-04-06 03:22:17.357491,2026-04-06,1831,13,20017306.25,20017306.25,628.0684293625975,330755614.7568397,326385125.42814934,4370489.328690438,69.9216,0.04784226,-1.54721077,-4.94997521,-3.86531169,-18.20080543,-32.79146386,12572238096.507608,0.3665,13189437016.607544
2026-04-06 03:22:17.357491,2026-04-06,7083,37,632653562.7465303,897288420.0366303,4.595605220784933,196996846.349496,195961932.1751008,1034914.1743952748,7.8565,-0.41157359,2.04227944,-7.43014559,-17.74297913,-15.84248119,-48.31368653,2907426015.9061427,0.0848,4123583347.669338
2026-04-06 03:22:17.357491,2026-04-06,6535,43,1292105203.0,1292105203.0,1.8383942046924864,199615117.3216457,199615117.3216457,0.0,-15.2806,-0.23717474,0.79147141,7.10334061,2.17705646,11.23730233,-28.75056751,2375398717.048208,0.0693,2375398717.0417604
2026-04-06 03:22:17.357491,2026-04-06,512,17,33075474407.18053,50001786883.65895,0.235137035605929,144031144.1791616,143924200.56362006,106943.61554158476,36.1509,-0.37588849,0.46368726,-3.43412908,5.92848027,-2.41712331,-35.31404449,7777269003.364202,0.2267,11757276628.72055
2026-04-06 03:22:17.357491,2026-04-06,3794,58,501680580.0,501680580.0,2.4722033375403667,76637791.76813954,75890455.66131037,747336.1068291523,11.588,0.28764838,-0.73575016,2.4407268,-6.49986246,-14.51434822,-28.38567896,1240256404.2551868,0.0362,1240256404.249524
2026-04-07 02:55:23.991475,2026-04-07,1,1,20012437.0,20012437.0,99276.01792298382,52730737329.3876,52699407283.29197,31330046.09562752,33.1327,0.28166863,-0.9646041,0.85254233,2.36716685,5.81450633,-26.19625992,1986755054294.5847,58.4505,2084796376382.656
2026-04-07 02:55:23.991475,2026-04-07,1027,2,120691190.90800144,120691190.90800144,3046.044601057444,26162396138.40609,26004102789.27481,158293349.13125703,47.2338,0.25103997,-1.38494741,1.37986741,8.22822517,10.49325066,-35.64123829,367630750460.5112,10.8157,367630750460.5047
2026-04-07 02:55:23.991475,2026-04-07,1839,4,136356823.57999998,136356823.57999998,866.2142761988432,2177269124.419479,2125053967.0710728,52215157.34840586,14.4419,-0.02099263,-0.79737988,-2.79912648,-2.9775967,-4.07189147,-34.28009898,118114227242.12305,3.4749,118114227883.11987
2026-04-07 02:55:23.991475,2026-04-07,5426,7,573589957.7247936,623858450.8893603,115.41257367933012,4789853405.789453,4789800091.879796,53313.90965765632,16.1967,0.05277081,-3.39723348,-4.97754397,-3.31692025,3.26189899,-42.8561842,66199493257.63658,1.9476,72001109428.74774
2026-04-07 02:55:23.991475,2026-04-07,52,5,61405531717.0,99985687636.0,1.9052378155545664,2550559410.341498,2548814104.54811,1745305.7933877236,0.5747,-0.07559412,-1.85426831,-1.55298093,-2.39504065,4.37953623,-42.03058855,116992141111.46376,3.4419,190523781555.45483
2026-04-07 02:55:23.991475,2026-04-07,74,9,153725856383.7052,153725856383.7052,0.1309909167571381,1359902092.4694085,1359183693.862738,718398.6066707433,6.9635,-0.14587213,-2.66739202,-1.83640977,1.353775,1.13834383,-38.84502055,20136690856.97769,0.5924,20136690856.976234
2026-04-07 02:55:23.991475,2026-04-07,2010,12,36096440525.57868,44994439995.92189,0.3551485867932689,648611821.0699098,647173577.1448934,1438243.9250162125,14.7802,0.20496353,-4.66166013,-1.22115102,-2.70931275,-0.19550635,-40.65051467,12819599840.926548,0.3772,15981686405.703648
2026-04-07 02:55:23.991475,2026-04-07,1958,8,94769192235.5307,94769183472.398,0.4579956536165517,673347093.3975555,673239756.4783429,107336.9192126011,-3.7247,-0.00607072,-0.59969572,-0.85566982,10.26423262,17.11704543,7.44115885,43403878140.62452,1.2769,43403874127.14919
2026-04-07 02:55:23.991475,2026-04-07,5805,25,431771961.1772119,463441061.1772119,12.54648248419632,467099501.195542,460959174.8761483,6140326.319393636,31.7619,-0.71732503,-9.72932181,-4.12601957,-1.98938018,4.05116688,-40.21133714,5417219348.076983,0.1594,8980128766.022295
2026-04-07 02:55:23.991475,2026-04-07,11419,30,2473388281.221238,5159228326.756008,1.7847929108940543,129375032.95713326,127584663.73669134,1790369.2204419272,20.2207,0.03647652,-1.62410574,-0.0021473,-5.03595795,-1.27499813,-34.51703367,4414485870.212095,0.1299,9208154143.272251
2026-04-07 02:55:23.991475,2026-04-07,1975,14,727099970.4523478,1000000000.0,12.703283960074751,792497973.7788899,787467817.06951,5030156.709380107,34.0396,-0.03776521,-2.28277529,-0.13267312,1.93094445,8.99538388,-36.63390632,9236557392.018135,0.2717,12703283960.06922
2026-04-07 02:55:23.991475,2026-04-07,5994,27,589243546209600.6,589500104937203.4,8.474666753200153e-06,143033535.9777106,142882346.51857802,151189.45913257534,-8.8596,0.40108623,-3.33065042,-1.91007357,10.78396066,2.56935657,-34.80104074,4993642690.600261,0.1469,4996262626.407881
2026-04-07 02:55:23.991475,2026-04-07,6636,36,1677936137.841496,1677936137.841496,1.7947836489461897,149554095.2246759,149306513.6003365,247581.62433938272,-6.3687,0.2574642,-1.76995122,-1.52343895,-13.35864242,-0.4211576,-43.34539573,3011532344.1738367,0.0886,3769045662.782291
2026-04-07 02:55:23.991475,2026-04-07,28321,56,10621501656.139044,10621501666.139044,0.1304703899222474,80427132.82387365,80366692.05486666,60440.7690069825,8.9017,-0.04742138,-3.199742,-2.89907866,-3.98948779,-2.86653618,-28.55731037,1385791462.6362584,0.0408,1385791463.9449286
2026-04-07 02:55:23.991475,2026-04-07,2,22,77033014.48347135,84000000.0,77.48427594409843,340452210.43780655,340123342.7895817,328867.6482247988,20.0095,0.02686536,-1.57951859,-0.6896799,0.6074881,6.79490045,-35.85350726,5968847351.043025,0.1756,6508679179.305436
2026-04-07 02:55:23.991475,2026-04-07,1831,13,20017750.0,20017750.0,626.2665982983804,305087999.36191976,298302341.6912827,6785657.670637125,-6.6477,0.11802425,-0.27228762,-7.06750802,-3.32129142,-3.72324918,-31.98496974,12536448198.087404,0.3688,13151598564.264069
2026-04-07 02:55:23.991475,2026-04-07,7083,37,632603562.7465303,897238420.0366303,4.44975089603559,222787309.3334677,221880063.66842923,907245.6650383855,14.9346,-0.32764095,-3.06753387,-13.63148458,-17.35605015,-2.87069677,-48.85307398,2814928270.16668,0.0828,3992487463.5169816
2026-04-07 02:55:23.991475,2026-04-07,6535,43,1292183313.0,1292183313.0,1.789426872774937,187643072.1732309,187632476.2784533,10595.894777550426,-5.4505,0.02471186,-2.58965559,4.4410829,2.64142326,29.22936351,-30.37997249,2312267544.833548,0.068,2312267544.837214
2026-04-07 02:55:23.991475,2026-04-07,512,19,33085167037.738945,50001786883.65895,0.2260122559819435,205787685.0156048,205668170.2331752,119514.78242956549,41.9667,0.24983463,-3.99344911,-8.27837092,4.75385922,2.68530643,-34.79324316,7477653241.738813,0.22,11301021160.746204
2026-04-07 02:55:23.991475,2026-04-07,3794,58,501853730.0,501853730.0,2.456564628807967,92755578.26061772,91883388.33176312,872189.9288546256,22.2104,-0.00041641,-0.38125105,0.40344176,-4.24128278,-4.87427811,-30.93959371,1232836121.9533436,0.0363,1232836121.9530127
2026-04-08 02:56:33.356999,2026-04-08,1,1,20012865.0,20012865.0,101124.5314709455,66619423195.44308,66546851899.37542,72571296.06765233,29.0435,-0.290268,4.00689042,5.53431132,7.09019886,1.55888798,-21.50240851,2023791596516.284,58.6289,2123615160889.8547
2026-04-08 02:56:33.356999,2026-04-08,1027,2,120691160.37324418,120691160.37324418,3169.001252972045,34416530223.352486,34184622619.6286,231907603.723916,34.3573,-0.09282736,6.21246197,7.07986679,13.97295852,8.82978012,-29.14389891,382470438445.4609,11.0801,382470438445.4547
2026-04-08 02:56:33.356999,2026-04-08,1839,5,136356769.73,136356769.73,872.0872832557026,2907830724.51167,2878874889.405489,28955835.10618198,36.4103,-0.11252337,2.83088098,0.09800622,-0.62286341,-6.10428816,-31.21814787,118915004867.35912,3.4449,118915005852.82304
2026-04-08 02:56:33.356999,2026-04-08,5426,7,573710017.8944278,623991355.7393612,120.03056698804504,8073691011.30951,8073619563.541975,71447.76753566235,72.1643,-0.08420791,6.21615309,2.4588502,2.27571889,-2.72375678,-38.42154212,68862738734.58963,1.9949,74898036225.02986
2026-04-08 02:56:33.356999,2026-04-08,52,4,61405531717.0,99985687636.0,1.9445229681511087,3906716153.215694,3900572093.049777,6144060.165917223,56.4513,0.12426831,4.23624953,2.86354433,1.69678509,-5.92129845,-36.66969158,119404466795.2379,3.4591,194452296815.1054
2026-04-08 02:56:33.356999,2026-04-08,74,9,153739476383.70523,153739476383.70523,0.1339231396015811,2309431136.5138884,2308321269.770726,1109866.7431625333,73.4567,0.07930987,4.42367923,2.95331535,5.09510871,-3.49161363,-35.25265205,20589273358.00894,0.5965,20589273358.016
2026-04-08 02:56:33.356999,2026-04-08,2010,11,36096440525.57868,44994439995.92189,0.3704239630240831,903635327.736905,901255805.9967356,2379521.7401693654,41.8948,-0.25794479,6.75717749,7.88104484,3.61204074,-4.09596314,-34.65986885,13370986550.547972,0.3874,16669078336.076906
2026-04-08 02:56:33.356999,2026-04-08,1958,8,94769275475.8774,94769269056.1872,0.4467040922762281,722340590.8305485,722225127.2626387,115463.56790996843,9.7305,0.07864919,-0.3919273,0.18270524,8.8971767,15.1611293,6.01605516,42333823177.12762,1.2264,42333820309.426056
2026-04-08 02:56:33.356999,2026-04-08,5805,23,431771961.1772119,463441061.1772119,13.364499544379566,840422138.0642931,833669828.3233507,6752309.740942301,83.7446,0.10397554,8.79422635,6.20390641,5.61488054,2.29881986,-33.18295892,5770416178.42872,0.1672,9565623428.965237
2026-04-08 02:56:33.356999,2026-04-08,11419,31,2473566444.9057345,5159393660.808836,1.764548421144475,135025090.4936215,133230692.63043708,1794397.8631844122,6.5889,0.25081048,0.98743178,2.32095895,-5.33804496,-10.89421276,-33.25782544,4364727764.954366,0.1264,9103999938.244926
2026-04-08 02:56:33.356999,2026-04-08,1975,14,727099970.4523478,1000000000.0,13.04165026252286,1240592476.7524962,1234525721.5832608,6066755.169235223,59.6301,-0.39504645,4.87404106,5.0631676,6.66220893,3.83748797,-31.42297237,9482583520.530224,0.2747,13041650262.522287
2026-04-08 02:56:33.356999,2026-04-08,5994,28,589243542129466.1,589500100872967.4,8.66351675816179e-06,193713632.56561053,193515823.1842788,197809.38133169696,38.2664,0.16136721,4.43995449,3.7131189,14.76543961,-2.42167499,-30.40430142,5104921301.877241,0.1479,5107599655.845568
2026-04-08 02:56:33.356999,2026-04-08,6636,36,1678095749.6648026,1678095749.6648026,1.854890712002788,278895532.92682225,278611086.71924406,284446.20757819584,90.3532,-0.2208103,5.55450535,4.50222797,-11.2502781,-3.55680194,-38.64840551,3112684219.9045978,0.0902,3895270495.212136
2026-04-08 02:56:33.356999,2026-04-08,28321,56,10622077848.276114,10622077858.276114,0.130812668608676,90085469.09659909,90004836.40637729,80632.69022179545,14.4807,-0.01133001,2.44555729,1.17423498,-4.09650935,-3.30513104,-28.36221013,1389502349.5021017,0.0403,1389502350.8076754
2026-04-08 02:56:33.356999,2026-04-08,2,22,77036458.23347135,84000000.0,78.04468770830954,424539683.8459338,423165433.6368267,1374250.2091070816,27.366,0.11834719,2.87141491,2.2857349,3.76453806,0.82064842,-32.68939298,6012286324.985503,0.1742,6555753767.497684
2026-04-08 02:56:33.356999,2026-04-08,1831,13,20018200.0,20018200.0,629.3268649719016,374216711.4190425,371915349.7257891,2301361.693253521,25.2992,0.22258981,2.63251109,-3.73712246,-0.94805058,-15.80864389,-30.72388155,12597991048.38052,0.365,13215864164.411703
2026-04-08 02:56:33.356999,2026-04-08,7083,37,632557562.7465303,897192420.0366303,4.556312387757476,351527980.2687016,348426130.3401309,3101849.928570729,61.2407,-0.66072681,4.58162792,-9.35550221,-13.58973058,-8.99413351,-44.02006745,2882129859.111693,0.0835,4087888937.611243
2026-04-08 02:56:33.356999,2026-04-08,6535,43,1292287900.0,1292287900.0,1.8358579591763784,307503523.2230733,307436375.7749473,67147.44812596693,67.3504,-0.1554617,4.81738404,9.7032772,4.7561281,19.92879268,-24.37180993,2372457026.762328,0.0687,2372457026.764836
2026-04-08 02:56:33.356999,2026-04-08,512,18,33091073233.488163,50001786883.65895,0.230498510247961,200788944.8588477,200664616.3465004,124328.51234736425,-0.346,-1.09915747,4.16266479,-2.93356113,8.621932,0.43987832,-30.34850982,7627443082.8252,0.221,11525341979.868393
2026-04-08 02:56:33.356999,2026-04-08,3794,58,502025120.0,502025120.0,2.545507607648377,105661068.40431803,104669891.4798862,991176.9244318192,16.4118,-0.17883237,5.82562592,5.97866472,3.8002043,-9.75200576,-25.58228118,1277908762.1905894,0.037,1277908762.1865072
2026-04-09 02:51:13.100466,2026-04-09,1,1,20013337.0,20013337.0,101056.94763260784,56903589663.41101,56772241321.45249,131348341.95851757,-14.7258,0.5615187,-0.32342647,6.46643247,0.78566311,2.64506841,-21.8703629,2022486749162.733,59.0041,2122195900284.7583
2026-04-09 02:51:13.100466,2026-04-09,1027,2,120691115.86624774,120691115.86624774,3101.319558881528,28005876863.48125,27828802126.74491,177074736.7363298,-18.7449,0.42784857,-2.21954827,5.41258707,6.32270638,4.52882086,-29.80095537,374301718219.2308,10.9199,374301718219.2326
2026-04-09 02:51:13.100466,2026-04-09,1839,4,136356722.67000002,136356722.67000002,855.3642857774641,2839423202.2758403,2813654460.9611,25768741.314741,-2.5213,0.37160228,-2.1127573,0.80394732,-6.66370043,-6.88168772,-32.50607155,116634670697.58032,3.4041,116634671270.6789
2026-04-09 02:51:13.100466,2026-04-09,5426,7,574084238.1065176,623990652.5596532,116.84397659422773,6394232688.904431,6394167665.413093,65023.491339437205,-20.8969,0.36946869,-2.74947804,4.73700656,-5.18826025,-5.75877764,-40.82760617,67078285280.43299,1.9569,72909549202.70084
2026-04-09 02:51:13.100466,2026-04-09,52,5,61405531717.0,99985687636.0,1.895983156473121,3580286292.2154417,3578936220.046885,1350072.1685566576,-8.4667,0.26071268,-2.67289657,1.1047763,-3.96431509,-6.51502645,-37.16181574,116423853849.708,3.3979,189598315647.30823
2026-04-09 02:51:13.100466,2026-04-09,74,9,153752986383.7052,153752986383.7052,0.1303856948048364,1984521041.948351,1983578670.365901,942371.5824502876,-14.1095,0.46520944,-2.78630797,1.93321982,-0.39089442,-6.02930721,-35.49782611,20047189957.95797,0.5851,20047189957.953453
2026-04-09 02:51:13.100466,2026-04-09,2010,12,36096440525.57868,44994439995.92189,0.3547279910157055,651297782.7781184,650012407.2876405,1285375.49047797,-28.4525,0.41816482,-4.35480313,3.88248178,-5.01738576,-7.66352888,-37.03575203,12804417830.456429,0.3732,15962759595.703314
2026-04-09 02:51:13.100466,2026-04-09,1958,8,94769674304.06,94769668872.50787,0.450579409870016,766981633.3590244,766909619.1671764,72014.19184794421,6.3768,-0.0712424,0.72086706,0.64407507,10.7413685,14.26436985,7.74065292,42701263921.49697,1.2445,42701261474.15226
2026-04-09 02:51:13.100466,2026-04-09,5805,24,431771961.1772119,463441061.1772119,12.832672756831396,466645372.4481294,460669203.5486158,5976168.899513691,-44.7732,0.87831564,-4.09903121,2.75341708,-4.7819185,-1.64206034,-35.24086252,5540788283.362471,0.1616,9184969087.042816
2026-04-09 02:51:13.100466,2026-04-09,11419,30,2473728852.206841,5159557364.962595,1.7384700379582818,113025063.08460012,109878973.54783186,3146089.5367682264,-16.5063,0.15104132,-1.66321521,0.86325012,-9.0122567,-12.45227434,-33.73679654,4300503491.594524,0.1255,8969735888.121012
2026-04-09 02:51:13.100466,2026-04-09,1975,14,727099970.4523478,1000000000.0,12.454137227533264,919660224.877908,914831995.7370512,4828229.140856653,-25.816,0.53528481,-4.70778471,1.63708628,-3.21809952,-1.28306278,-33.85928972,9055402810.148922,0.2642,12454137227.531569
2026-04-09 02:51:13.100466,2026-04-09,5994,29,589243541390502.9,589500100134004.1,8.393362500166073e-06,156554441.25084478,156407032.07065895,147409.18018586416,-19.3383,0.64959221,-3.18905396,1.01421599,6.45794306,-5.45013308,-32.18105851,4945734643.772102,0.1441,4948329484.892411
2026-04-09 02:51:13.100466,2026-04-09,6636,36,1678279112.4295952,1678279112.4295952,1.787406438386652,195374075.280312,195272564.28795373,101510.99235821172,-30.0471,0.49494228,-3.72183425,2.77875946,-17.69422279,-7.4368495,-40.05699066,2999766890.9664946,0.0876,3753553520.6095953
2026-04-09 02:51:13.100466,2026-04-09,28321,56,10622654311.803234,10622654321.803234,0.1237021436722755,124551276.94169503,124467819.62618622,83457.31550880284,38.2085,0.69352474,-5.59241654,-3.56298565,-10.44707377,-9.94494508,-37.50716912,1314045109.8596008,0.0383,1314045111.0898676
2026-04-09 02:51:13.100466,2026-04-09,2,22,77039758.23347135,84000000.0,76.83861791065368,341946366.2908934,341579644.3100631,366721.98083028855,-19.6467,0.52553328,-1.77222133,2.76597772,-0.89962367,-1.88454338,-33.58240043,5919628546.830841,0.1726,6454443904.497529
2026-04-09 02:51:13.100466,2026-04-09,1831,13,20018612.5,20018612.5,627.4928395020877,324847136.48504114,324644320.74399966,202815.74104139363,-13.3791,0.30108973,-0.50435498,-1.42226029,-2.62697108,-15.37032902,-31.01979718,12561536000.516985,0.3663,13177349629.542862
2026-04-09 02:51:13.100466,2026-04-09,7083,38,632489562.7465303,897124420.0366303,4.4102240433653135,253617648.19363165,252460396.2634444,1157251.930187293,-27.9182,0.21133259,-3.37404821,-10.37427025,-21.90901859,-11.8344391,-43.27701409,2789420676.802362,0.0813,3956519687.141069
2026-04-09 02:51:13.100466,2026-04-09,6535,41,1292366170.0,1292366170.0,1.896039135596008,422993479.8873212,422974436.90926826,19042.97805285804,37.3784,0.89537093,3.13328907,14.84998364,6.00120336,25.18966918,-20.64433834,2450376835.840323,0.0715,2450376835.834183
2026-04-09 02:51:13.100466,2026-04-09,512,20,33092253569.772003,50001786883.65895,0.222098535470234,156966862.30402535,156886340.06402576,80522.23999963958,-21.9348,0.05899666,-3.85043723,-5.24231035,1.18272085,-3.21507927,-32.03836457,7349741053.255986,0.2143,11105328063.804785
2026-04-09 02:51:13.100466,2026-04-09,3794,57,502197180.0,502197180.0,2.5285835546984003,89505360.8888756,88769893.35591173,735467.5329639037,-15.4591,0.20664582,-0.83540344,8.36495033,0.56094836,-10.16636004,-26.72094623,1269847530.5639126,0.0371,1269847530.5653222
2026-04-10 03:22:43.592274,2026-04-10,1,1,20013796.0,20013796.0,101682.85024150656,54808481618.68857,54747913633.69074,60567984.997832656,-2.2422,-0.4171515,1.32174887,7.80144329,3.29701392,1.59315281,-20.55231797,2035059821432.064,59.078,2135339855071.6404
2026-04-10 03:22:43.592274,2026-04-10,1027,2,120691091.65442428,120691091.65442428,3092.50951461674,24702591577.255413,24560676585.66853,141914991.58688998,-10.7524,-0.36497179,0.33189008,6.35691428,8.25559004,4.81965193,-29.01866305,373238349270.788,10.8337,373238349270.7811
2026-04-10 03:22:43.592274,2026-04-10,1839,5,136356654.0,136356654.0,849.5382904972261,2562029426.3595934,2526175110.1011467,35854316.25844592,-8.6579,-0.35059671,0.02307802,2.56939125,-6.24720266,-6.36091025,-33.21032463,115840198737.08174,3.3632,115840199620.59828
2026-04-10 03:22:43.592274,2026-04-10,5426,7,574204109.2600491,624123461.8281466,117.55205744069352,6272370165.001537,6272321149.416697,49015.584839250114,-0.6303,-0.26536226,1.36236536,4.85698799,-2.99560247,-4.52780531,-38.85683179,67498874434.41955,1.9597,73366997034.91068
2026-04-10 03:22:43.592274,2026-04-10,52,4,61405531717.0,99985687636.0,1.9002618283172543,3515011184.654094,3512730515.52178,2280669.132314333,-0.6364,-0.15409817,0.69932752,2.2744365,-2.65627595,-7.0034087,-35.74345465,116686587969.33955,3.3878,190026182831.7302
2026-04-10 03:22:43.592274,2026-04-10,74,9,153766876383.70523,153766876383.70523,0.1308012836143492,1985201288.2918348,1983971828.5191808,1229459.7726541848,1.2696,-0.18721154,0.85560371,2.39187752,-0.14450802,-4.30508848,-33.90695634,20112904808.35761,0.5839,20112904808.353657
2026-04-10 03:22:43.592274,2026-04-10,2010,12,36096440525.57868,44994439995.92189,0.3564430465107305,520768054.7695703,519459612.5957995,1308442.1737708426,-17.7442,-0.36657738,1.07428208,4.73707275,-3.02225127,-7.40396387,-34.91648545,12866325229.130665,0.3736,16039937092.976778
2026-04-10 03:22:43.592274,2026-04-10,1958,8,94770290123.0002,94770283879.068,0.452479249798734,742504221.9877983,739940801.5884463,2563420.399352116,-2.6498,-0.11548762,0.91608727,1.56293499,11.81877449,14.9665714,7.42611739,42881589778.0635,1.245,42881586952.81456
2026-04-10 03:22:43.592274,2026-04-10,5805,23,431771961.1772119,463441061.1772119,13.184832148593657,433905070.3626509,427382946.8131784,6522123.549472557,-5.5269,-0.23860403,3.05439032,5.90534853,-2.5490364,2.13453071,-31.75876819,5692840834.590635,0.1652,9437026720.581629
2026-04-10 03:22:43.592274,2026-04-10,11419,30,2474230721.989849,5160060566.380654,1.7735723280205284,213373924.8783292,207307105.07441092,6066819.803918165,91.0195,-0.17658581,2.61477009,1.06358642,-3.43987811,-10.2934504,-27.13825413,4388227141.65945,0.1274,9151740631.448908
2026-04-10 03:22:43.592274,2026-04-10,1975,14,727099970.4523478,1000000000.0,12.627270063274702,926891047.0722286,919960034.9422468,6931012.129981962,2.4415,-0.41020546,1.83551023,3.10193729,-0.19530793,1.34255374,-31.74479585,9181287689.90085,0.2665,12627270063.272787
2026-04-10 03:22:43.592274,2026-04-10,5994,27,589243537072206.8,589500098254723.9,8.33472523912171e-06,180734891.6627456,180604063.7997719,130827.86297358912,16.1963,-0.18055884,-0.06812851,0.23054628,4.89505458,-4.06599788,-31.53518875,4911182980.425071,0.1426,4913759729.589909
2026-04-10 03:22:43.592274,2026-04-10,6636,36,1678403526.927261,1678403526.927261,1.822835750579782,226234724.4765191,225856354.97923893,378369.4972801552,18.0689,-0.78277179,2.66739059,4.22534806,-13.5519725,-3.61335963,-37.76774737,3059453952.7822075,0.0888,3827955076.222932
2026-04-10 03:22:43.592274,2026-04-10,28321,56,10623230646.51789,10623230656.51789,0.123019625835883,116537221.98413584,116465893.39221697,71328.59191889162,-5.7804,-0.96353271,0.1101571,-6.34344098,-9.68085361,-9.6227129,-44.62734326,1306865859.3029163,0.0379,1306865860.5363855
2026-04-10 03:22:43.592274,2026-04-10,2,22,77043445.73347135,84000000.0,76.92061711825374,333344273.7827115,333130381.72685033,213892.05586113696,-1.8064,-0.28948247,0.61629645,3.78777079,0.84810455,-0.26492256,-32.77741386,5926229390.73531,0.1721,6461331837.935775
2026-04-10 03:22:43.592274,2026-04-10,1831,13,20019059.375,20019059.375,627.2737287467909,313465773.9677199,312781056.2742969,684717.6934229628,-2.3982,-0.22414375,0.47619208,-0.24965667,-1.12088418,-15.81735863,-30.03014635,12557430020.15965,0.3646,13172748303.682318
2026-04-10 03:22:43.592274,2026-04-10,7083,38,632463562.7465303,897098420.0366303,4.397960667153932,235047616.56109336,233769844.88965017,1277771.6714431718,-8.1805,-0.4481512,1.23996893,-2.54748772,-18.96048658,-10.60801594,-43.03327233,2781549872.3672824,0.0807,3945403565.8927417
2026-04-10 03:22:43.592274,2026-04-10,6535,41,1292444802.0,1292444802.0,1.9160459275961632,359639950.81314903,359617379.5695092,22571.243639857294,-16.4708,-0.92221177,1.26053765,15.76373336,4.71924854,30.21770309,-19.32164007,2476383599.5149293,0.0719,2476383599.518008
2026-04-10 03:22:43.592274,2026-04-10,512,20,33097879475.998714,50001786883.65895,0.2197816570303341,216640639.85485324,216530465.3876768,110174.4671764476,40.9145,-0.4393214,-0.54208268,-5.55450392,-0.7285382,-4.12519867,-31.3797614,7274306795.425286,0.2112,10989479955.658108
2026-04-10 03:22:43.592274,2026-04-10,3794,58,502369120.0,502369120.0,2.5645293319815017,94802667.56275757,94076832.88079098,725834.6819665778,6.3196,-0.22664618,1.52892655,7.67530624,0.50166563,-7.51530351,-29.05586947,1288340343.7217348,0.0374,1288340343.7273293
2026-04-11 02:47:27.840154,2026-04-11,1,1,20014175.0,20014175.0,103383.53163419824,51616391592.12086,51564404992.2598,51986599.861060575,-7.2852,0.15008162,1.24049618,9.24058532,5.07196664,4.20553247,-19.39815874,2069136094244.8792,59.1268,2171054164318.1584
2026-04-11 02:47:27.840154,2026-04-11,1027,2,120691070.9400624,120691070.9400624,3182.1979845590827,23019869949.01036,22913817534.557312,106052414.45303687,-6.526,0.21111976,2.41116809,9.67711527,10.54792736,6.73435172,-27.28258946,384062882699.74384,10.9748,384062882699.7423
2026-04-11 02:47:27.840154,2026-04-11,1839,5,136356600.13,136356600.13,858.3639156312237,2484022080.748906,2461689748.8788795,22332331.87002681,-2.837,0.3028851,0.53275557,3.05319485,-5.90774797,-4.92123213,-33.26536162,117043585209.74782,3.3446,117043585939.35538
2026-04-11 02:47:27.840154,2026-04-11,5426,7,574401810.3695081,624122764.5198481,120.1045519729174,18527749475.42971,18527701040.98037,48434.44933972842,195.8499,0.31632097,1.71073915,5.84945106,-0.95614695,-1.94464361,-37.69754428,68988272086.86244,1.9714,74959985008.75665
2026-04-11 02:47:27.840154,2026-04-11,52,4,61405531717.0,99985687636.0,1.919387247465544,2774284591.250791,2773507787.359414,776803.8913775745,-21.6894,0.21745488,0.72658932,3.13237126,-1.34845664,-6.16200586,-35.21086186,117860994501.45074,3.368,191938724746.5592
2026-04-11 02:47:27.840154,2026-04-11,74,9,153779976383.7052,153779976383.7052,0.1328198027209829,1788476118.3712733,1787805240.5773757,670877.7938979622,-10.1578,0.30761868,1.14497835,3.01841204,1.85145829,-2.18099889,-32.54943696,20425026125.72113,0.5837,20425026125.71649
2026-04-11 02:47:27.840154,2026-04-11,2010,12,36113714118.03928,44994545487.75309,0.35901205216924,580105328.4824609,578963872.551515,1141455.9309458078,11.406,0.17813495,0.25179024,3.56143214,-2.34942725,-5.73115747,-35.04473454,12965258616.97054,0.3705,16155542347.619951
2026-04-11 02:47:27.840154,2026-04-11,1958,8,94770643536.531,94770636897.0188,0.4516067850387145,734752017.8637961,734632280.6859432,119737.17785313976,-2.5104,-0.02871535,-0.37313204,1.21041499,9.92153868,13.93915937,6.25087717,42799065643.5828,1.223,42799062645.12707
2026-04-11 02:47:27.840154,2026-04-11,5805,23,431771961.1772119,463441061.1772119,13.25199037688808,323659923.8183334,317793372.6483011,5866551.170032216,-25.3957,0.31913295,0.25395633,5.2579292,-1.39583452,3.80962323,-31.68846688,5721837874.530505,0.1635,9485095136.464731
2026-04-11 02:47:27.840154,2026-04-11,11419,29,2475447775.296912,5160610742.139718,1.854859735915851,162580423.892787,159891928.97964048,2688494.913146539,-23.857,0.67183131,4.19769031,6.16283255,-1.43720493,-3.7846172,-24.58216381,4591608406.760711,0.1312,9572209078.33199
2026-04-11 02:47:27.840154,2026-04-11,1975,14,727099970.4523478,1000000000.0,12.863424396775104,686841874.1767017,683394826.993902,3447047.1827996364,-26.0905,0.2870464,1.23821964,5.25353246,2.02611812,3.04984169,-31.07588886,9352995498.811188,0.2673,12863424396.77231
2026-04-11 02:47:27.840154,2026-04-11,5994,28,589243525753958.0,589500090061029.5,8.422745054161526e-06,153405652.03259158,153280504.69696602,125147.33562557198,-15.7445,0.35595722,0.73862147,0.61325312,3.84795819,-2.35027443,-31.40862952,4963047992.24085,0.1418,4965652048.785665
2026-04-11 02:47:27.840154,2026-04-11,6636,36,1678568136.1523783,1678568136.1523783,1.8350203695353744,162606452.71408296,162494874.14831218,111578.56577079585,-27.7564,0.45339887,-0.04762153,4.54717072,-14.03495617,-1.31949684,-38.23481721,3080206721.492642,0.088,3853542776.0253935
2026-04-11 02:47:27.840154,2026-04-11,28321,58,10623806852.395723,10623806862.395723,0.1212711155438118,124554355.72045916,124506477.22780669,47878.492652501074,6.4626,0.50668699,-1.98506842,-7.17887495,-12.18504141,-10.35020356,-50.49397202,1288360908.3120222,0.0368,1288360909.5274446
2026-04-11 02:47:27.840154,2026-04-11,2,21,77047120.73347135,84000000.0,77.56613178327596,310652231.111441,310381340.49652845,270890.6149125174,-7.6101,0.08038351,0.33667604,3.08683986,0.73301366,0.88620528,-32.74661907,5976247120.334413,0.1708,6515555069.789421
2026-04-11 02:47:27.840154,2026-04-11,1831,13,20019546.875,20019546.875,630.0946181744708,284175887.847714,284010085.02375275,165802.8239612208,-9.1831,0.27986823,-0.0022776,0.58703904,-1.74839774,-15.87072172,-31.26005901,12614208744.229046,0.3605,13231986981.659897
2026-04-11 02:47:27.840154,2026-04-11,7083,38,637419562.7465303,897054420.0366303,4.4668276433085055,248434147.92324767,247522205.03153387,911942.89171385,2.5603,0.2102425,0.95249584,-0.15539106,-18.5147391,-8.63870784,-42.69331648,2847243323.2618217,0.0814,4006987480.9786167
2026-04-11 02:47:27.840154,2026-04-11,6535,41,1292549411.0,1292549411.0,1.91487957553051,275181381.3144091,275157501.7488945,23879.56551454907,-24.9611,0.59974085,-1.12025449,11.57263312,4.56494933,31.69422612,-20.1751545,2475076467.487891,0.0707,2475076467.486183
2026-04-11 02:47:27.840154,2026-04-11,512,20,33098689694.30078,50001786883.65895,0.2187120355940589,156692721.19920456,156629629.78256443,63091.416640136245,-27.75,0.25763797,-1.0548517,-4.72921065,-2.69314518,-3.41080384,-32.06582813,7239081798.536625,0.2069,10935996951.227983
2026-04-11 02:47:27.840154,2026-04-11,3794,60,502541150.0,502541150.0,2.5473863943314323,84729417.06333746,84142623.2762524,586793.7870850491,-10.8661,0.14770355,-0.96903634,6.46768684,-1.92436085,-8.40071077,-30.90915143,1280166488.1016717,0.0366,1280166488.0976193
2026-04-12 03:26:42.727158,2026-04-12,1,1,20014593.0,20014593.0,101466.0092489143,36871396962.78233,36814477054.06903,56919908.71330605,-27.9893,-0.04997613,-1.85359839,6.77181141,0.65150323,4.94350794,-22.31446119,2030800878451.2551,58.9149,2130786194227.199
2026-04-12 03:26:42.727158,2026-04-12,1027,2,120691054.31567648,120691054.31567648,3141.114084629133,21197545472.51892,21082129439.732563,115416032.78634731,-6.8337,-0.2565441,-1.35106807,7.8423039,5.07170573,10.54846258,-29.88019228,379104370599.7111,10.9981,379104370599.7058
2026-04-12 03:26:42.727158,2026-04-12,1839,5,136356549.37,136356549.37,843.9977070634551,2593920336.508287,2557520001.681729,36400334.8265582,5.0462,0.0136747,-1.77274356,0.56292009,-9.57271552,-3.37242361,-34.36766303,115084615011.36482,3.3387,115084615762.519
2026-04-12 03:26:42.727158,2026-04-12,5426,7,574521754.9706233,624255524.5936273,116.90909273062876,20194202178.615726,20194156358.45195,45820.163779915005,7.6572,-0.14407689,-2.69337642,2.56305483,-7.75292934,-0.38693321,-42.44947647,67166817127.62416,1.9486,72981147012.32837
2026-04-12 03:26:42.727158,2026-04-12,52,4,61405531717.0,99985687636.0,1.888619488526958,2641269724.326428,2640176090.606344,1093633.7200847513,-3.6811,-0.00854904,-1.69474535,1.40750529,-5.07335412,-4.72611663,-36.47475587,115971683904.08644,3.3644,188861948852.7021
2026-04-12 03:26:42.727158,2026-04-12,74,9,169505833126.57913,169505833126.57913,0.1293425416308028,1874187392.6340027,1873580171.9569385,607220.6770639317,5.0582,0.0504148,-2.71445772,-0.06758452,-5.12739827,-1.20977298,-35.55482057,21924315277.83848,0.636,21924315277.842026
2026-04-12 03:26:42.727158,2026-04-12,2010,12,36113714118.03928,44994545487.75309,0.3459672712044872,766567728.8804301,765666511.9844989,901216.8959311564,31.068,0.02170684,-4.09718631,-1.05936755,-9.54224009,-6.49193466,-39.24890934,12494163126.477016,0.3625,15568527204.20161
2026-04-12 03:26:42.727158,2026-04-12,1958,8,94772245368.8503,94772240245.1041,0.452937942433453,706441120.4088395,706260738.5367814,180381.8720579797,-4.576,0.01969139,0.47452446,0.73152973,10.29728991,15.52533267,7.00057397,42925945817.1654,1.2453,42925943496.42242
2026-04-12 03:26:42.727158,2026-04-12,5805,24,431771961.1772119,463441061.1772119,12.895013638240671,322334184.9274242,315554436.2348064,6779748.692617853,0.6662,0.08848649,-2.75259681,1.57230434,-8.24682878,3.46175605,-35.75061063,5567705327.990069,0.1615,9229589493.05976
2026-04-12 03:26:42.727158,2026-04-12,11419,28,2479275823.942156,5161196510.019674,2.0248901415498395,397428841.3488528,390694190.44494176,6734650.903911184,145.5039,0.53964186,9.17867986,15.23210656,8.88380643,7.84349714,-19.16836419,5020261174.083325,0.1456,10450855931.738695
2026-04-12 03:26:42.727158,2026-04-12,1975,14,727099970.4523478,1000000000.0,12.483348104282484,683888466.6704814,678905919.9893609,4982546.6811203975,0.5167,-0.03496709,-3.21582715,1.8768423,-4.59793395,3.76033773,-34.57978303,9076642037.770166,0.2633,12483348104.275434
2026-04-12 03:26:42.727158,2026-04-12,5994,29,589243525163568.1,589500089470639.5,8.250173187261404e-06,151715602.904667,151621655.38068524,93947.52398174924,0.0775,0.14634275,-2.28775446,-1.95146672,-2.32834518,-2.76478823,-33.02371195,4861361132.071861,0.141,4863911839.519056
2026-04-12 03:26:42.727158,2026-04-12,6636,37,1678707499.3881204,1678707499.3881204,1.7658624947732144,188340005.10587984,188277575.14320603,62429.96267378723,17.1766,0.12509434,-4.18277165,-0.17159337,-18.51063505,-1.94103948,-41.81458812,2964366612.8640103,0.086,3708311239.022194
2026-04-12 03:26:42.727158,2026-04-12,28321,58,10624383329.6991,10624383339.6991,0.1190015249031354,90136390.68765824,90118315.78296424,18074.90469399751,-27.2175,-0.14252747,-1.8385721,-8.71599195,-15.33581724,-7.57534574,-48.21137055,1264317817.3896444,0.0367,1264317818.58118
2026-04-12 03:26:42.727158,2026-04-12,2,21,77051064.48347135,84000000.0,76.61521282879819,290759498.1838188,289656016.4079222,1103481.7758965658,-6.1215,0.0098787,-1.17097582,1.25262938,-1.88245538,2.11532638,-32.09516618,5903283704.08661,0.1713,6435677877.617521
2026-04-12 03:26:42.727158,2026-04-12,1831,13,20019984.375,20019984.375,605.6202152475975,280318819.9799517,280149423.1888673,169396.79108436804,-0.7504,0.22035449,-3.73842891,-2.81273004,-8.37594911,-17.56606476,-33.99840913,12124507246.441036,0.3517,12718024520.192957
2026-04-12 03:26:42.727158,2026-04-12,7083,38,637405562.7465303,897040420.0366303,4.356018233606413,241157174.7183661,240023528.3900672,1133646.3282988044,-2.7946,0.11482531,-2.79316207,-1.09002354,-23.31444312,-8.10196106,-44.70847138,2776550253.5260425,0.0805,3907524425.960895
2026-04-12 03:26:42.727158,2026-04-12,6535,41,1292628253.0,1292628253.0,1.9069612827869,269923414.14449465,269920011.10840994,3403.036084726195,0.6181,0.34031058,-0.99368144,7.09610617,-2.73475889,36.23399068,-23.53900618,2464992031.507469,0.0715,2464992031.508825
2026-04-12 03:26:42.727158,2026-04-12,512,20,33098684461.44769,50001786883.65895,0.2147038037814796,132279754.2902252,132200819.58028896,78934.70993629051,-15.3326,-0.04945059,-2.52257081,-6.1109671,-6.44879708,-3.34250307,-33.48965292,7106413454.035774,0.2062,10735578118.481176
2026-04-12 03:26:42.727158,2026-04-12,3794,60,502713280.0,502713280.0,2.4769651466232543,74433959.00682874,74108564.19095035,325394.8158783965,-11.9789,-0.35714594,-2.63548841,1.75236507,-5.29944441,-8.81167862,-33.60447542,1245203273.3046572,0.0361,1245203273.306619
2026-04-13 03:33:42.238128,2026-04-13,1,1,20015059.0,20015059.0,100986.5847075228,38918716016.30791,38888378069.53967,30337946.768247884,4.8374,-0.27883179,-0.97686993,2.70427775,-0.07817238,5.56151524,-22.16168302,2021252451129.567,58.8346,2120718278857.974
2026-04-13 03:33:42.238128,2026-04-13,1027,2,120691023.57940784,120691023.57940784,3118.5606533810283,18771226515.75069,18680139869.560097,91086646.19061136,-12.0542,-0.38506394,-1.20717959,2.77288576,4.40771757,11.92142084,-29.48215685,376382277351.02325,10.9557,376382277351.0221
2026-04-13 03:33:42.238128,2026-04-13,1839,5,136356502.49,136356502.49,846.0285541974862,2375717097.080307,2337619043.669913,38098053.41039395,-8.8186,-0.3417953,-0.19765393,-1.06412727,-9.32165328,-2.94450156,-34.19040083,115361494657.04063,3.3579,115361494657.03534
2026-04-13 03:33:42.238128,2026-04-13,5426,7,574520333.7149664,624254852.5086185,116.5434072362506,4891339936.657221,4891297469.946985,42466.71023566039,-75.8878,-0.43867737,-0.7183471,-0.02446714,-7.3075582,2.30336835,-40.76003102,66956557217.649925,1.949,72752787495.12401
2026-04-13 03:33:42.238128,2026-04-13,52,4,61405531717.0,99985687636.0,1.885958515119288,2274203855.3231425,2273341671.2810163,862184.0421262232,-14.7365,-0.22717863,-0.47300455,-0.94606552,-5.31817076,-3.33437926,-35.35113986,115808285417.10364,3.3709,188595851511.92896
2026-04-13 03:33:42.238128,2026-04-13,74,9,169519273126.57907,169519273126.57907,0.1295651026178393,1363653781.46812,1363286087.9291446,367693.5389754891,-27.6503,-0.19702222,-0.27352598,-1.54789276,-4.99504092,-0.62399733,-33.45470989,21963782018.34676,0.6393,21963782018.34614
2026-04-13 03:33:42.238128,2026-04-13,2010,12,36113714118.03928,44994545487.75309,0.3377446875504284,745936254.2555428,744464636.9096303,1471617.3459124388,-2.7327,-0.09925184,-2.78506467,-7.38728362,-10.5686043,-7.96075688,-38.60568103,12197215091.082674,0.355,15198510939.771324
2026-04-13 03:33:42.238128,2026-04-13,1958,8,94773992470.7334,94773983972.1748,0.4557822446826571,786044003.8456933,785913991.3260013,130012.5196919382,11.4034,-0.02283496,0.19523703,0.70739166,9.08297309,15.23959836,7.10653832,43196303025.84812,1.2569,43196299152.35312
2026-04-13 03:33:42.238128,2026-04-13,5805,24,431771961.1772119,463441061.1772119,12.874464512452114,271265135.4193022,266175165.8116513,5089969.6076508965,-16.4182,-0.65120646,-0.57731001,-5.12988038,-6.97263478,3.88466836,-33.20264386,5558832791.647866,0.1618,9214881482.592815
2026-04-13 03:33:42.238128,2026-04-13,11419,27,2480291182.1663594,5161751759.868118,2.0619368963606486,218931463.17327085,215244541.6862706,3686921.487000197,-45.1922,-0.02571821,1.13101875,15.79398185,11.27114969,6.9472051,-16.26995889,5114203902.226787,0.1488,10643206403.531384
2026-04-13 03:33:42.238128,2026-04-13,1975,14,727099970.4523478,1000000000.0,12.469931749361168,643990772.9570982,641644217.6385394,2346555.3185589486,-6.4807,-0.59630962,-0.5228151,-2.02948834,-3.75277346,4.7202295,-33.04264256,9066887006.5033,0.2638,12469931749.357576
2026-04-13 03:33:42.238128,2026-04-13,5994,29,589243522661783.0,589500088469854.5,8.232484312906543e-06,130903909.6382059,130842718.92504236,61190.71316353334,-14.2997,0.04373211,-0.59419728,-3.64246758,-2.59135377,-2.9947846,-31.32782605,4850938056.79492,0.1412,4853483315.972756
2026-04-13 03:33:42.238128,2026-04-13,6636,37,1678849323.0680263,1678849323.0680263,1.7491053137763897,197232485.5456637,197130684.82376173,101800.72190204127,3.7261,-0.31782999,-1.37312561,-2.34466408,-15.38296366,-3.55925346,-40.35184326,2936484272.00818,0.0854,3673121158.92634
2026-04-13 03:33:42.238128,2026-04-13,28321,59,10624959758.222048,10624959768.222048,0.1175079948831906,77547452.77409902,77517421.28450418,30031.489594863346,-14.3324,0.04401405,-1.87062515,-10.95890073,-14.22798441,-8.22193028,-45.35874875,1248517716.9032629,0.0363,1248517718.0720887
2026-04-13 03:33:42.238128,2026-04-13,2,21,77054633.23347135,84000000.0,76.47355953927077,263074059.612044,262931296.68899733,142762.923046694,-9.913,0.02241321,-0.60857165,-0.96428871,-3.38467394,2.2314295,-29.54161542,5892642082.356543,0.1715,6423779001.29551
2026-04-13 03:33:42.238128,2026-04-13,1831,13,20020428.125,20020428.125,604.0404033469051,270483092.77064526,270391088.4522364,92004.31840883556,-3.8727,-0.06853443,-0.70789694,-1.92438603,-7.67473494,-17.39464509,-31.53870667,12093147479.802725,0.3519,12684848470.281069
2026-04-13 03:33:42.238128,2026-04-13,7083,38,637381562.7465303,897016420.0366303,4.3220701252778975,218236383.03114435,217466025.93574595,770357.0953983731,-9.9851,-0.25306946,-1.17086415,-4.02661505,-24.22061121,-12.26576254,-43.43181059,2754807810.749718,0.0802,3876967870.9174914
2026-04-13 03:33:42.238128,2026-04-13,6535,39,1292732635.0,1292732635.0,1.9317535287871936,249681895.4178356,249664436.49786204,17458.919973529253,-7.9114,-1.49687462,0.94586215,6.98336746,1.84996422,39.29579828,-19.70739417,2497240829.439617,0.0727,2497240829.442897
2026-04-13 03:33:42.238128,2026-04-13,512,20,33098679840.084766,50001786883.65895,0.2141284534494874,99117041.1300568,99001992.02253456,115049.10752226728,-25.3213,-0.27684614,-0.74949327,-7.1792142,-8.91801905,-3.50492336,-31.7770985,7087369125.377079,0.2063,10706809562.33832
2026-04-13 03:33:42.238128,2026-04-13,3794,60,502885570.0,502885570.0,2.4622715062419456,70268831.85159364,69788859.90622933,479971.945364308,-5.7713,0.12062744,-0.97339399,1.80626605,-7.98425813,-11.83549027,-31.30199438,1238240809.9112394,0.036,1238240809.9100835
2026-04-14 03:22:57.848085,2026-04-14,1,1,20015512.0,20015512.0,104940.83041385809,72101380039.84346,72055793287.84933,45586751.99411948,87.398,-0.24123915,4.60652642,8.14167393,4.18784353,11.75134959,-22.03599128,2100444450438.5413,59.0899,2203757438691.0205
2026-04-14 03:22:57.848085,2026-04-14,1027,2,120690991.77499816,120690991.77499816,3340.629623099829,35515800390.5267,35326732639.76342,189067750.7632608,90.4319,-0.38507727,7.89887589,12.43024429,12.81519326,21.68831187,-28.78505087,403183902364.8566,11.342,403183902364.86206
2026-04-14 03:22:57.848085,2026-04-14,1839,5,136356378.53,136356378.53,868.4752034490983,2803047738.1828747,2764748612.5357223,38299125.64715231,18.7371,0.24220189,3.26031689,2.8712049,-6.63817621,1.20469599,-35.00549927,118422133585.42404,3.3313,118422134679.70612
2026-04-14 03:22:57.848085,2026-04-14,5426,7,575141718.3942971,624387500.9064537,121.5806969620904,7613195639.908161,7613151019.864947,44620.043214066274,56.6063,-0.12042811,5.060794,7.93516053,-2.18377481,9.15417593,-40.74201218,69926130974.35297,1.9668,75913467534.6279
2026-04-14 03:22:57.848085,2026-04-14,52,4,61405531717.0,99985687636.0,1.9291308732796904,3992389045.855694,3990977427.7331614,1411618.1225317037,76.1457,-0.11445458,2.96167173,3.90281241,-3.5094142,0.1753352,-37.01423251,118459307025.41994,3.3325,192913087327.9753
2026-04-14 03:22:57.848085,2026-04-14,74,9,169532933126.57907,169532933126.57907,0.1319065003960735,2320051005.7753053,2319118027.3204784,932978.4548265372,70.4579,-0.26258871,2.44700125,3.24493995,-3.15463601,0.89502336,-37.07499236,22362495910.608604,0.629,22362495910.60787
2026-04-14 03:22:57.848085,2026-04-14,2010,12,36113714118.03928,44994545487.75309,0.3456570993807144,777849933.8529111,776661628.335144,1188305.5177671616,5.1772,-0.45813369,3.11707951,-0.01081839,-7.52265586,-6.63646952,-42.06671129,12482961669.905811,0.3511,15554569472.12579
2026-04-14 03:22:57.848085,2026-04-14,1958,8,94774479880.09888,94774475529.7873,0.4526465309551954,959796862.6375768,959570607.7877748,226254.8498020688,23.0584,-0.26541917,0.02093946,1.37709293,8.03586532,15.06522541,5.43543749,42899339540.80973,1.2066,42899337571.66147
2026-04-14 03:22:57.848085,2026-04-14,5805,22,431771961.1772119,463441061.1772119,13.336654680944928,521867106.40046775,511834698.6635001,10032407.736967694,93.3438,-0.28569879,4.28729884,9.09438474,-3.29578065,7.12394003,-35.874724,5758393547.134834,0.162,9545693503.636236
2026-04-14 03:22:57.848085,2026-04-14,11419,28,2481982523.8368573,5162301713.349251,2.0165513930145336,174819522.1874057,172273460.73732242,2546061.4500832604,-19.6759,-0.72073248,-1.63763772,15.51770145,9.88269837,2.52387554,-19.70886408,5005045315.880942,0.1408,10410046711.217512
2026-04-14 03:22:57.848085,2026-04-14,1975,14,727099970.4523478,1000000000.0,13.01822099745074,979173724.9930372,977001284.1601466,2172440.8328902074,53.9015,-0.38707032,5.05387377,5.05969926,0.08527013,10.06633077,-34.32022557,9465548102.588566,0.2663,13018220997.453018
2026-04-14 03:22:57.848085,2026-04-14,5994,29,589243521963704.9,589500087771776.4,8.381996661290954e-06,164975886.82376575,164911428.902101,64457.9216647339,26.6673,-0.22771932,2.5930284,1.44251609,0.68665855,-0.67765853,-33.35541374,4939037233.787098,0.1389,4941628723.937485
2026-04-14 03:22:57.848085,2026-04-14,6636,39,1679037923.368424,1679037923.368424,1.7049227088717562,541101897.9342453,536335316.7423101,4766581.191935252,175.7007,-0.4915525,-1.77569916,-2.68810069,-15.05922054,-4.70601157,-46.67057766,2862629884.607702,0.0805,3580337688.625318
2026-04-14 03:22:57.848085,2026-04-14,28321,60,10625536298.0853,10625536308.0853,0.1188641259958322,87160929.98192972,87114752.45755018,46177.52437954256,13.0933,-0.64193693,1.77744486,-6.55225665,-13.26515975,-13.98132938,-46.60454406,1262995085.3089,0.0355,1262995086.4951296
2026-04-14 03:22:57.848085,2026-04-14,2,21,77058145.73347135,84000000.0,76.58966945313533,410133415.3121401,409762332.6975418,371082.6145982687,56.7756,-0.34705364,0.8930204,1.33939766,-1.71459095,2.46438721,-30.77607343,5901857910.398102,0.1661,6433532234.066887
2026-04-14 03:22:57.848085,2026-04-14,1831,13,20020815.625,20020815.625,613.6656004090739,340419835.57267773,340296494.75140744,123340.82127029596,26.7034,-0.47546231,2.27185545,0.3990507,-6.47030607,-14.91532702,-29.46107926,12286085841.194992,0.3456,12886977608.587135
2026-04-14 03:22:57.848085,2026-04-14,7083,38,637341562.7465303,896976420.0366303,4.5042103919665,335517986.64084417,332390606.24923885,3127380.3916052915,54.6391,-0.66367441,4.96298544,3.85940266,-19.36275644,-2.00000273,-44.4038246,2870720490.155091,0.0807,4040170512.480504
2026-04-14 03:22:57.848085,2026-04-14,6535,40,1292812283.0,1292812283.0,1.9893172867686533,355142864.6466336,355107245.81851774,35618.82811584585,44.4654,-0.41363926,3.88710305,13.91866978,2.96368624,47.12572758,-24.00424035,2571813823.118748,0.0723,2571813823.120282
2026-04-14 03:22:57.848085,2026-04-14,512,20,33101723026.52622,50001786883.65895,0.2203650455790096,137431388.0760377,136987337.2153846,444050.8606531036,38.9853,0.27419306,3.68628028,0.32955618,-7.28265419,0.36292656,-35.62012908,7294462703.484204,0.2052,11018650437.163734
2026-04-14 03:22:57.848085,2026-04-14,3794,61,503057820.0,503057820.0,2.4762177056305954,90647369.51907492,90031203.22080253,616166.2982723897,30.2549,-0.21799741,1.20805785,3.28908922,-5.81184193,-10.4360392,-33.42358723,1245680680.839929,0.035,1245680680.845681
2026-04-15 03:20:37.335467,2026-04-15,1,1,20016037.0,20016037.0,104109.86062474582,72570216151.7378,72481217768.95103,88998382.78676488,1.2719,-0.47281036,-0.13419259,4.10436304,2.20585794,7.80349648,-22.81994967,2083866822329.756,59.1441,2186307073119.6555
2026-04-15 03:20:37.335467,2026-04-15,1027,2,120690956.95702931,120690956.95702931,3258.217002228253,32394507344.70671,32217223704.602062,177283640.10465527,-8.7182,-0.53757118,-1.86730045,3.98609798,6.3269473,13.36173126,-29.90238266,393237327972.5913,11.1608,393237327972.5974
2026-04-15 03:20:37.335467,2026-04-15,1839,4,136356292.86,136356292.86,863.6056669077445,2752757439.450417,2673543416.8586745,79214022.59174293,-1.1443,-0.58198792,0.05768175,0.08830531,-8.54082587,-0.73616879,-34.08519172,117758067232.42804,3.3422,117758067232.43126
2026-04-15 03:20:37.335467,2026-04-15,5426,7,575141333.5620397,624386798.4142903,116.92964242177688,7706660404.343204,7706605015.970886,55388.37231700545,1.8902,-0.60125013,-3.24952776,-1.36196942,-8.99717793,-1.83341396,-42.26042201,67251070475.3932,1.9087,73009325071.45486
2026-04-15 03:20:37.335467,2026-04-15,52,5,61405531717.0,99985687636.0,1.9034713075602163,3740463587.6846623,3738784989.5174646,1678598.1671981276,-5.7311,-0.40117744,-0.72084701,-1.03473902,-6.05408384,-4.02447304,-35.49855047,116883667748.78831,3.3174,190347130756.026
2026-04-15 03:20:37.335467,2026-04-15,74,9,169546153126.57907,169546153126.57907,0.1307536367795665,3186287745.3352027,3184704912.544413,1582832.7907890058,38.156,-0.27479565,-0.28539261,-1.51617639,-5.49062272,-3.38671628,-35.26555362,22168776123.285484,0.6292,22168776123.28307
2026-04-15 03:20:37.335467,2026-04-15,2010,13,36166667713.5872,44994745704.792816,0.3357538773617746,692978741.2342266,689740450.8476255,3238290.3866011323,-10.2999,-0.73812816,-2.22453032,-8.29020472,-11.7575258,-13.30258681,-40.89253352,12143098916.09181,0.3446,15108924481.279346
2026-04-15 03:20:37.335467,2026-04-15,1958,8,94774667806.0488,94774664544.2605,0.4548993331285565,1004945462.8490552,1004740333.7602396,205129.0888157933,5.5415,0.01207924,1.09578778,2.79011739,9.02885161,14.71328089,6.18188175,43112933182.45207,1.2236,43112931698.667946
2026-04-15 03:20:37.335467,2026-04-15,5805,25,431771961.1772119,463441061.1772119,13.0477614260771,453765481.0868461,447703563.61063325,6061917.476212894,-12.4607,-0.6823574,-1.62721506,-1.50457276,-6.98267568,1.29095978,-35.06373224,5633657539.909684,0.1599,9338918526.5262
2026-04-15 03:20:37.335467,2026-04-15,11419,30,2483043540.228276,5162837874.299831,1.9432224409638308,158834885.3242757,155256204.93246186,3578680.39181389,-8.5425,-0.4820751,-3.20818356,10.9630683,4.64556012,-4.70292267,-21.66254076,4825105929.261861,0.1369,10032542416.395536
2026-04-15 03:20:37.335467,2026-04-15,1975,14,727099970.4523478,1000000000.0,12.694628198894282,898319466.7152493,892735178.5493605,5584288.165889058,-7.8096,-0.47770472,-1.86912782,-1.51341087,-4.66327331,2.60770668,-34.91054866,9230263788.319572,0.262,12694628198.887917
2026-04-15 03:20:37.335467,2026-04-15,5994,29,589243503127908.0,589500081367685.0,8.22490035734051e-06,173384287.52551603,173202964.64371577,181322.8818002388,5.7128,-0.20910838,-1.22257413,-4.29336175,-2.35734967,-7.52169502,-32.05187645,4846469099.437304,0.1376,4849012174.527321
2026-04-15 03:20:37.335467,2026-04-15,6636,39,1679184863.55348,1679184863.55348,1.630566652721826,385896667.2015748,385736626.6706012,160040.5309736041,-28.2272,-0.77966561,-3.81055152,-11.2038257,-19.84279434,-13.49564919,-47.05497903,2738022842.2655544,0.0777,3424189970.718262
2026-04-15 03:20:37.335467,2026-04-15,28321,60,10626112789.162828,10626112799.162828,0.1164517393111589,77807851.01159002,77776104.72478184,31746.286808175595,-10.2325,-0.49551321,-1.43258162,-10.06021579,-15.37220651,-17.34772948,-47.73620322,1237429316.4145615,0.0351,1237429317.580866
2026-04-15 03:20:37.335467,2026-04-15,2,22,77061708.23347135,84000000.0,75.86933637181465,368065579.25018096,367296379.4951514,769199.7550295608,-9.6297,-0.44378734,-0.30814133,-1.63321822,-3.44924136,-1.95803721,-28.56441137,5846620663.351876,0.1659,6373024255.227646
2026-04-15 03:20:37.335467,2026-04-15,1831,12,20021281.25,20021281.25,610.7061125594926,364225269.0919176,364027316.0514688,197953.04044876093,7.6917,-0.2595222,0.1238568,-1.66733435,-6.88816207,-22.48218369,-27.30802505,12227118840.647758,0.347,12824828363.753883
2026-04-15 03:20:37.335467,2026-04-15,7083,38,637263562.7465303,896898420.0366303,4.408852242628888,271030930.4560901,269463132.6485108,1567797.8075792708,-18.7273,-0.49399848,-1.48256658,-2.14204381,-22.83112122,-7.49495647,-43.54569631,2809600887.760715,0.0797,3954292610.587493
2026-04-15 03:20:37.335467,2026-04-15,6535,41,1292892200.0,1292892200.0,1.9152289700700964,322665015.1503398,322638193.5722719,26821.57806791717,-8.5401,-0.35849851,-3.03284049,5.51529686,-0.89203042,32.90586848,-23.39864151,2476184596.617661,0.0703,2476184596.6187205
2026-04-15 03:20:37.335467,2026-04-15,512,20,33114811171.214016,50001786883.65895,0.2181508604176067,136879980.25329348,136417687.56830895,462292.6849845355,0.2923,-1.00330089,-0.33282738,-4.41024529,-7.38967317,-6.19228332,-32.94751508,7224024549.566914,0.205,10907937178.478378
2026-04-15 03:20:37.335467,2026-04-15,3794,61,503230180.0,503230180.0,2.448492100860338,82174697.4223844,81778764.05129871,395933.3710857095,-8.8207,-0.33433586,-0.48598226,-2.86244634,-6.44489969,-18.17920728,-31.8591217,1232155120.6445262,0.035,1232155120.639977
2026-04-16 03:29:28.921890,2026-04-16,1,1,20016437.0,20016437.0,104374.34393508568,53296368013.59746,53235137990.39997,61230023.19747957,-25.6675,0.33763068,0.92838113,5.90356668,0.30764226,8.0267626,-21.36733893,2089202479792.9744,59.1832,2191861222636.7937
2026-04-16 03:29:28.921890,2026-04-16,1027,2,120690931.69949524,120690931.69949524,3285.791930876745,23519320694.17849,23367962729.02733,151357965.15115285,-27.7253,0.31583675,1.47550771,8.53012559,1.09575517,14.85981348,-28.46300035,396565289508.1979,11.2293,396565289508.1948
2026-04-16 03:29:28.921890,2026-04-16,1839,5,134786877.0,134786877.0,869.3640051918677,2255776005.56385,2210286433.831074,45489571.7327759,-17.1716,0.35677124,1.43972143,4.15470803,-8.06586018,-0.90315186,-32.83776589,117178859236.02364,3.3176,117178860861.73506
2026-04-16 03:29:28.921890,2026-04-16,5426,7,575261707.1306169,624519364.5556926,118.73090462057534,6241315513.329395,6241269753.025162,45760.30423246587,-18.1993,0.6025042,2.31194355,4.11561068,-9.86520361,-3.00006076,-39.96513209,68301342881.19463,1.9345,74149749106.76358
2026-04-16 03:29:28.921890,2026-04-16,52,4,61569680267.0,99985679023.0,1.9664153431015856,4125285467.1590514,4123420487.8345313,1864979.3245193472,11.1856,1.09229017,4.1607257,6.15672104,-9.83378397,-7.31353405,-31.77816411,121071563946.88774,3.4278,196641534310.1589
2026-04-16 03:29:28.921890,2026-04-16,74,9,153848236383.7052,153848236383.7052,0.13418175078583,1958246931.6060853,1957210950.0979648,1035981.5081202188,-38.0083,1.01777747,3.37948043,5.31227515,-6.00284257,-15.86061128,-31.00109975,20643625713.27781,0.5847,20643625713.27904
2026-04-16 03:29:28.921890,2026-04-16,2010,12,36166667713.5872,44994745704.792816,0.3458988422405313,674834330.5942708,672776938.193614,2057392.4006563467,-1.709,0.8281518,3.81401823,-0.17385423,-13.66859977,-16.14348174,-36.51937685,12510008489.827818,0.3543,15565447900.827965
2026-04-16 03:29:28.921890,2026-04-16,1958,8,94774616583.1676,94774610554.6564,0.4528523155167746,1173762493.5657363,1173662169.0408862,100324.52485038603,17.9645,-0.09114501,0.45219756,2.7642285,9.90374237,15.65479152,4.46123291,42918904571.90196,1.2156,42918901841.88114
2026-04-16 03:29:28.921890,2026-04-16,5805,23,431771961.1772119,463441061.1772119,13.143908167206316,380471721.1261862,375243051.59492725,5228669.531258879,-15.3461,0.60335472,1.20029757,4.60927915,-9.1708634,-1.14350006,-31.5238019,5675171006.887844,0.1607,9407735433.33553
2026-04-16 03:29:28.921890,2026-04-16,11419,29,2483591927.303725,5163391265.03124,1.9730829715419904,188144042.706688,185946668.2113084,2197374.495379703,19.8106,1.00041635,2.23848233,16.19672228,6.55812636,-3.96318992,-17.60480575,4900332940.022133,0.1388,10187799380.443895
2026-04-16 03:29:28.921890,2026-04-16,1975,14,727099970.4523478,1000000000.0,12.929630464018844,769069676.6913521,764997591.4140745,4072085.277277725,-13.6185,0.3528509,2.64319489,6.12567926,-5.7310059,2.79475038,-32.35122693,9401133928.347878,0.2662,12929630464.02354
2026-04-16 03:29:28.921890,2026-04-16,5994,28,589243495652812.6,589500073892589.6,8.44707252160691e-06,169718689.27303383,169611388.29191396,107300.98111990694,-1.2074,0.84084583,3.57288382,3.16339805,-1.72682454,-12.4141686,-27.88165656,4977382540.664474,0.1409,4979994372.798522
2026-04-16 03:29:28.921890,2026-04-16,6636,39,1679326910.8876202,1679326910.8876202,1.6665959464884383,320241403.12648183,320198745.4975036,42657.62897834648,-16.2717,1.55479897,3.02975707,-4.43373335,-25.5137903,-14.99398888,-43.36148259,2798759422.514259,0.0793,3499851487.626353
2026-04-16 03:29:28.921890,2026-04-16,28321,59,10626689311.518024,10626689321.518024,0.1199199698084661,76354073.45464155,76316812.79159594,37260.66304561892,-0.7683,0.71078363,3.7443524,-0.71799546,-14.61412314,-20.4399029,-41.99353963,1274352261.4011912,0.0361,1274352262.5951357
2026-04-16 03:29:28.921890,2026-04-16,2,21,77065258.23347135,84000000.0,76.82174120854235,349735640.46390724,349334161.8911067,401478.57280058,-4.2792,0.17574919,2.12748583,2.25281516,-5.11757374,-0.91163769,-23.53828963,5920287324.181224,0.1677,6453026261.513508
2026-04-16 03:29:28.921890,2026-04-16,1831,13,20021700.0,20021700.0,615.8814060966533,349828156.4555063,349250293.3233668,577863.132139552,-3.0459,0.35908925,1.73666377,0.34953966,-7.01878509,-20.84883056,-25.56470967,12330992748.445362,0.3493,12933509528.035786
2026-04-16 03:29:28.921890,2026-04-16,7083,38,637237562.7465303,896872420.0366303,4.500438294534331,263319719.19559216,261784382.2599561,1535336.935636045,-2.0822,0.36362773,2.92045894,5.49203057,-21.09584763,-10.11389051,-39.13095253,2867848330.1002088,0.0812,4036318984.450935
2026-04-16 03:29:28.921890,2026-04-16,6535,40,1292972019.0,1292972019.0,1.9772127701559088,283150693.2663155,283123575.8830664,27117.38324921626,-11.4009,0.85203238,4.10643003,6.39479836,-2.07594929,33.0764234,-17.37936449,2556480787.421069,0.0724,2556480787.41622
2026-04-16 03:29:28.921890,2026-04-16,512,20,33147970955.233345,50001786869.73595,0.2231518821269139,152302079.96332794,151378535.13908556,923544.8242423898,12.3777,1.18556287,3.1609977,2.8479156,-10.2816053,-8.70867495,-29.48628261,7397032107.348599,0.2095,11157997299.84192
2026-04-16 03:29:28.921890,2026-04-16,3794,62,503402780.0,503402780.0,2.474872997606392,82100485.1302621,81481413.70759475,619071.4226673439,0.5889,0.32794735,1.81940498,-0.29215252,-8.93119516,-17.74004407,-28.1113915,1245857947.1419911,0.0353,1245857947.137293
2026-04-17 03:24:10.800535,2026-04-17,1,1,20016921.0,20016921.0,104313.624451778,56142270720.11354,56058898066.70075,83372653.41279538,5.0243,0.07715308,-0.44408707,3.93791621,0.33740734,9.43220848,-21.57904907,2088037579874.908,58.905,2190586113487.3364
2026-04-17 03:24:10.800535,2026-04-17,1027,2,120690898.28926373,120690898.28926373,3252.002170148055,28395475472.720707,28137693353.06212,257782119.6585948,20.4518,-0.00745232,-1.39809743,6.50978355,-0.24140439,19.28166632,-29.2109422,392487063153.8038,11.0705,392487063153.8089
2026-04-17 03:24:10.800535,2026-04-17,1839,5,134786807.7,134786807.7,879.9028886594015,2593356443.221889,2554203861.333306,39152581.88858561,14.5262,0.19231772,0.81703202,4.90347536,-6.21913071,2.85409786,-32.70979667,118599301448.40924,3.3454,118599302205.12044
2026-04-17 03:24:10.800535,2026-04-17,5426,7,575260782.0370965,624518647.7646503,122.5723849089998,8748371129.048857,8748329819.528387,41309.52047078721,39.6215,-0.12080416,2.82075889,5.66563344,-7.66698591,2.93804317,-39.19263231,70511085998.90324,1.9894,76548740076.65935
2026-04-17 03:24:10.800535,2026-04-17,52,4,61569680267.0,99985679023.0,1.9967421008834496,5592241745.975537,5588296793.690958,3944952.2845795015,35.3964,0.36415177,1.13358021,6.45497091,-6.42312938,-1.99779091,-30.6195412,122938772727.05188,3.4676,199674210088.3476
2026-04-17 03:24:10.800535,2026-04-17,74,9,153861856383.70526,153861856383.70526,0.1363555498075628,4071959382.27912,4066996314.0474,4963068.231720129,107.7068,0.00904417,1.15930233,5.68708198,-3.19909088,-4.35148702,-29.08594979,20979918021.6124,0.5918,20979918021.60968
2026-04-17 03:24:10.800535,2026-04-17,2010,12,36166667713.5872,44994745704.792816,0.3556843044318485,1033423163.7673382,1030619397.1230224,2803766.644315874,52.521,-0.01068656,2.42341207,1.0782684,-12.39424761,-9.06206339,-35.54478316,12863916049.325058,0.3629,16005793699.432184
2026-04-17 03:24:10.800535,2026-04-17,1958,8,94774928746.7598,94774921811.09708,0.4558955894991192,988052261.7040458,987896092.274639,156169.42940673817,-16.2675,-0.04616262,0.23838235,2.04384378,6.16236665,16.62664683,5.17133237,43207472010.74108,1.219,43207468848.80688
2026-04-17 03:24:10.800535,2026-04-17,5805,24,431771961.1772119,463441061.1772119,13.369740965193634,581785713.1748686,574984143.5910549,6801569.583813543,52.5063,0.03470994,1.18326936,2.73846065,-6.85820175,3.82385064,-29.4485785,5772679276.972964,0.1628,9569374969.20397
2026-04-17 03:24:10.800535,2026-04-17,11419,30,2487942531.394509,5163944605.028985,1.9919792723162453,200001192.0670634,196890921.32492435,3110270.7421390484,6.086,0.15928573,0.53214383,13.74318738,5.38876471,-1.93927384,-16.29532237,4955929953.251872,0.1398,10286470616.61182
2026-04-17 03:24:10.800535,2026-04-17,1975,14,727099970.4523478,1000000000.0,13.15824461763365,1067806273.825434,1053173819.0879198,14632454.737514315,38.3733,-0.00384166,1.33514152,5.56102834,-4.45323567,8.03305211,-31.00630286,9567359272.686192,0.2699,13158244617.638458
2026-04-17 03:24:10.800535,2026-04-17,5994,29,589243482023989.1,589500060263766.1,8.599660967911077e-06,252686325.79679,252312886.2698333,373439.5269566353,48.4534,-0.21866055,1.38086317,4.50950958,-0.16768011,-6.27369684,-27.55134064,5067294172.957711,0.1429,5069953302.582492
2026-04-17 03:24:10.800535,2026-04-17,6636,38,1679492412.6236567,1679492412.6236567,1.808603476907775,592209066.0054141,592043782.9615773,165283.0438368085,84.0949,-0.25860801,7.97855491,0.55852568,-20.99217754,-4.02514464,-39.15037622,3037535816.9113727,0.0857,3798067301.5096216
2026-04-17 03:24:10.800535,2026-04-17,28321,61,10627265865.15258,10627265875.15258,0.1246674369719774,90664836.8340236,90582550.17018364,82286.66383996904,18.2513,-0.49165648,3.64771759,2.74101198,-10.7236352,-16.04992884,-38.46159317,1324873997.4283562,0.0374,1324873998.680573
2026-04-17 03:24:10.800535,2026-04-17,2,23,77068701.98347135,84000000.0,77.85763011601176,411169500.72238487,410619223.2965623,550277.4258226407,17.1182,-0.24959203,0.91223883,2.53009975,-4.41795988,2.28517564,-25.04170109,6000386492.550255,0.1693,6540040929.75178
2026-04-17 03:24:10.800535,2026-04-17,1831,13,20022181.25,20022181.25,629.4437234904691,401554285.71811473,400653979.0240741,900306.6940406467,14.2737,-0.25133511,1.70707253,1.65276617,-4.32809059,-19.36670425,-24.77954856,12602836318.401056,0.3555,13218318193.30644
2026-04-17 03:24:10.800535,2026-04-17,7083,39,637175562.7465303,896810420.0366303,4.702811450712342,372359612.8966432,369251990.50681007,3107622.389833119,41.1546,-0.13108335,4.13400445,8.30934524,-15.76846283,-4.26935985,-36.84334265,2996516532.5984626,0.0845,4217530312.466326
2026-04-17 03:24:10.800535,2026-04-17,6535,40,1293078676.0,1293078676.0,1.966146951121474,353444519.1112883,353423511.0756258,21008.03566252014,24.4984,-0.10927374,-0.9151021,3.92541381,-3.63402719,34.56971293,-18.74186992,2542382696.377592,0.0717,2542382696.3827367
2026-04-17 03:24:10.800535,2026-04-17,512,19,33153987831.706814,50001786869.73595,0.2321899409568728,230514009.81916103,229558358.20915693,955651.6100041064,51.8358,-0.12297832,3.54791291,7.04467238,-5.20111958,-1.66933594,-26.27981445,7698022477.128884,0.2171,11609916571.416868
2026-04-17 03:24:10.800535,2026-04-17,3794,64,503574370.0,503574370.0,2.525252740839366,98873087.50576648,97877156.6516313,995930.8541351544,20.0495,0.26061325,1.67573294,-0.26874123,-9.44422992,-15.33589377,-28.04773874,1271652558.0589569,0.0359,1271652558.0560143
2026-04-18 02:55:45.760520,2026-04-18,1,1,20017325.0,20017325.0,107753.34143002568,73795327911.76727,73690059794.7508,105268117.01647696,30.5951,0.13326956,3.52826251,5.95165311,8.7577665,12.14224627,-18.59283345,2156933655240.7888,59.2116,2262820170030.536
2026-04-18 02:55:45.760520,2026-04-18,1027,2,120690751.46225534,120690751.46225534,3372.960496850835,36377413256.496544,36146519235.89575,230894020.60078847,27.8679,0.00640387,3.83754301,7.68181874,10.08345457,20.85250347,-26.71386578,407085137017.4295,11.1772,407085137017.433
2026-04-18 02:55:45.760520,2026-04-18,1839,5,134786750.70999998,134786750.70999998,899.1295104137947,2815653431.6843863,2770947021.97668,44706409.70770767,8.7496,0.1316542,2.43625692,6.47594612,-0.91544644,2.41184778,-31.73749383,121190745176.14848,3.3274,121190745931.41457
2026-04-18 02:55:45.760520,2026-04-18,5426,7,575383976.9905058,624651095.0259113,123.9662116001738,8665076122.666632,8665022756.324306,53366.34232576005,-1.0563,0.18665187,1.38258344,4.93236805,-1.19361277,1.73568111,-37.4846859,71328171842.95457,1.9582,77435629822.2692
2026-04-18 02:55:45.760520,2026-04-18,52,4,61569680267.0,99985679023.0,2.0561253786832143,5633081867.583615,5629964300.058418,3117567.525195701,-0.2868,-0.05657683,3.26679184,8.91299773,1.13712871,-0.97181113,-28.09054762,126594982154.3898,3.4759,205612537868.31573
2026-04-18 02:55:45.760520,2026-04-18,74,9,153875056383.7052,153875056383.7052,0.1382476650177202,3538665624.564609,3535442038.977047,3223585.587561951,-13.4861,0.11472271,1.36013963,5.8768044,4.79725342,-1.93496516,-27.51898529,21272867249.51729,0.5841,21272867249.51138
2026-04-18 02:55:45.760520,2026-04-18,2010,11,36166667713.5872,44994745704.792816,0.3596975547974189,960676294.9140784,958198504.7683336,2477790.1457447414,-7.6431,0.27497883,1.19417433,1.88462008,-5.21750586,-10.54348232,-34.49334076,13009061941.748072,0.3572,16186389965.884472
2026-04-18 02:55:45.760520,2026-04-18,1958,8,94775340445.44247,94775333017.187,0.4564486939953053,1167569994.672305,1167285020.9534252,284973.7188801831,17.5473,0.13597149,0.23862738,2.67024212,7.7688864,15.11095437,2.86151876,43260080369.28267,1.1877,43260076978.66523
2026-04-18 02:55:45.760520,2026-04-18,5805,24,431771961.1772119,463441061.1772119,13.553456418062616,524535036.5067832,517858275.621618,6676760.885165138,-9.9617,0.25008994,1.45101099,4.07921785,1.06194515,4.75602916,-28.72183117,5852002458.356765,0.1607,9700869069.254408
2026-04-18 02:55:45.760520,2026-04-18,11419,30,2488477276.708765,5164480375.896689,1.955373324289181,221333259.30098537,217677458.18968084,3655801.111304529,10.5818,-0.18319554,-1.10218067,7.1444446,8.63204756,-2.8263874,-18.39425265,4865902084.976109,0.1336,10098487160.841076
2026-04-18 02:55:45.760520,2026-04-18,1975,14,727099970.4523478,1000000000.0,13.404501252236864,955141376.6765972,947937412.747152,7203963.929445307,-10.752,0.35899676,1.87298221,5.92580731,4.55573762,7.13608149,-29.52967358,9746412464.429882,0.2676,13404501252.241098
2026-04-18 02:55:45.760520,2026-04-18,5994,29,589243467487161.0,589500045726938.1,8.747750926120404e-06,207573827.2155808,207377540.85475704,196286.3608237657,-18.1466,0.35078023,1.41270649,5.61733222,8.27211481,-4.62503981,-25.22781688,5154555088.421212,0.1415,5157260136.60827
2026-04-18 02:55:45.760520,2026-04-18,6636,38,1679701948.2359235,1679701948.2359235,1.8557404442518204,361960852.34796005,361868560.6811178,92291.66684234816,-38.7364,0.74299023,2.41783154,3.0214195,-14.15771477,-3.1879503,-38.38952184,3117090839.6299806,0.0856,3897054932.931033
2026-04-18 02:55:45.760520,2026-04-18,28321,59,10627842450.068195,10627842460.068195,0.1261632378123151,95948479.3758185,95886647.4315962,61831.94422230184,6.2925,0.4512369,0.89402588,5.7976651,-5.9628543,-15.94401301,-37.06229885,1340843014.4597716,0.0368,1340843015.72292
2026-04-18 02:55:45.760520,2026-04-18,2,23,77072076.98347135,84000000.0,78.69644602447633,416154532.4816495,415824024.0173857,330508.46426372364,0.6642,0.16766904,1.24038042,3.18367256,1.16354449,2.04251232,-24.15675498,6065298546.324037,0.1665,6610501466.054772
2026-04-18 02:55:45.760520,2026-04-18,1831,13,20022618.75,20022618.75,634.6304893913004,398035354.73709977,397445639.79182994,589714.9452698292,-1.4576,0.31643951,1.05692087,2.34705026,-0.17557631,-20.3760659,-23.02754194,12706964336.20793,0.3489,13327240277.2161
2026-04-18 02:55:45.760520,2026-04-18,7083,39,637141562.7465303,896776420.0366303,4.82583763362972,345305344.367384,343344477.2155197,1960867.151864268,-7.6811,0.37331018,2.61734582,9.83769732,-5.60712782,-3.74632124,-34.71660653,3074741731.451857,0.0844,4327697396.766902
2026-04-18 02:55:45.760520,2026-04-18,6535,42,1293157278.0,1293157278.0,1.9544933902668504,376028786.7386563,376028786.7386563,0.0,6.0182,0.4906873,-0.69299029,3.81629345,1.56266955,32.16533791,-18.40622457,2527467352.426472,0.0694,2527467352.427453
2026-04-18 02:55:45.760520,2026-04-18,512,18,33177854052.21398,50001786868.73495,0.2426698180752297,212799468.5128452,212396991.25146976,402477.26137541793,-10.1426,0.46312667,4.54740632,12.80081436,3.19930335,2.39576975,-23.64484656,8051263806.977289,0.2211,12133929362.501278
2026-04-18 02:55:45.760520,2026-04-18,3794,61,503746660.0,503746660.0,2.562055544033782,92274854.50255585,91393289.89583775,881564.6067180983,-7.3218,0.12658539,1.61327808,2.31089578,-3.69010719,-19.17539901,-27.75662872,1290626923.0415008,0.0354,1290626923.0466948
2026-04-19 03:31:24.880913,2026-04-19,1,1,20017825.0,20017825.0,105271.18255999638,36432837569.490295,36389339941.93487,43497627.555421606,-50.4377,0.04124619,-2.14768035,5.26605499,6.68407941,11.89382158,-18.34882557,2107300110029.06,59.369,2210694833759.926
2026-04-19 03:31:24.880913,2026-04-19,1027,2,120690543.460648,120690543.460648,3263.954605850237,19861868849.646507,19512690560.9728,349178288.6737174,-45.7107,0.19950333,-3.12286487,5.49024611,8.80234396,17.49368911,-26.87196701,393928455210.9501,11.0981,393928455210.9484
2026-04-19 03:31:24.880913,2026-04-19,1839,5,134786695.4,134786695.4,869.449223274568,2127729143.266906,2088288622.4706323,39440520.79627367,-24.3982,-0.16927612,-2.81799581,4.622936,-3.05441887,0.92072731,-32.34451781,117190187623.27576,3.3016,117190188492.7306
2026-04-19 03:31:24.880913,2026-04-19,5426,7,575383294.2745008,624650413.0723882,119.40305545924312,5091790035.114516,5091744429.364806,45605.749710343865,-40.9921,0.31049148,-3.54924733,3.72853467,-4.40567675,0.91726617,-35.95502118,68702523396.58023,1.9356,74585167914.7188
2026-04-19 03:31:24.880913,2026-04-19,52,4,61569680267.0,99985679023.0,1.995354379595678,3465205441.195248,3463466955.240104,1738485.9551440428,-38.1251,0.32155129,-2.78986138,7.34639434,-1.52076751,-3.11386654,-26.83825948,122853331171.06404,3.4611,199535437959.56345
2026-04-19 03:31:24.880913,2026-04-19,74,9,169600913126.57907,169600913126.57907,0.132149298188365,2227194467.670017,2226453427.406008,741040.2640098227,-36.9266,0.18238497,-4.16896804,3.76722992,0.57955154,-6.05633043,-25.34347213,22412641641.78328,0.6314,22412641641.78449
2026-04-19 03:31:24.880913,2026-04-19,2010,12,36166667713.5872,44994745704.792816,0.3464218863819779,581362518.3339577,579593600.3897707,1768917.9441868796,-39.2442,0.35903757,-3.51457098,1.69225227,-8.08392436,-12.29047052,-31.80192934,12528925253.491053,0.353,15588984887.186005
2026-04-19 03:31:24.880913,2026-04-19,1958,8,94776888997.4771,94776884614.55428,0.4569808736200074,999434557.0657704,999217654.900658,216902.1651120915,-14.0855,-0.00290181,0.1824015,2.44911732,7.73937956,16.63585209,3.06729031,43311225533.05355,1.2202,43311223530.143776
2026-04-19 03:31:24.880913,2026-04-19,5805,25,431771961.1772119,463441061.1772119,12.9651378687049,381416565.17156,376380517.755608,5036047.415951986,-26.819,0.79761107,-4.11986301,2.11806365,-2.59076394,2.04718867,-26.46703779,5597983004.503652,0.1577,9279780821.19044
2026-04-19 03:31:24.880913,2026-04-19,11419,29,2489043395.8040104,5165047754.442112,1.7765572226106583,205259309.7466269,203266865.70778385,1992444.038843033,-6.9597,-0.08711455,-8.85161954,-10.91326363,5.3014599,-10.23771141,-21.4652146,4421928022.206974,0.1246,9176002893.28656
2026-04-19 03:31:24.880913,2026-04-19,1975,14,727099970.4523478,1000000000.0,12.86048185236054,767496252.3484629,762575123.3577806,4921128.990682379,-19.234,0.42582915,-3.91005205,4.64283341,1.14517277,4.01939874,-28.11165404,9350855974.854303,0.2634,12860481852.36592
2026-04-19 03:31:24.880913,2026-04-19,5994,28,589243465895371.2,589500044135148.4,8.40369387445903e-06,156533997.204928,156398353.67446312,135643.53046487685,-24.0936,0.37749817,-3.91736415,3.48117829,1.01461089,-7.52554032,-23.33130548,4951821704.909941,0.1395,4954420374.440046
2026-04-19 03:31:24.880913,2026-04-19,6636,36,1679817216.5234044,1679817216.5234044,1.7832384785992492,273143411.0817649,273088502.59813446,54908.48363039014,-22.6309,0.90953504,-3.40985459,2.55462211,-16.78731909,-5.71175436,-35.00671355,2995514697.518021,0.0844,3744800805.063373
2026-04-19 03:31:24.880913,2026-04-19,28321,56,10628419066.266563,10628419076.266563,0.1246212984828386,83971558.31768112,83903939.970954,67618.34672711941,-12.1602,0.60541989,-0.84448756,6.25195803,-8.23483257,-17.27115125,-34.09057978,1324527384.857899,0.0373,1324527386.0978312
2026-04-19 03:31:24.880913,2026-04-19,2,22,77075870.73347135,84000000.0,77.44644200695666,320010492.28251326,319811552.85915256,198939.42336076897,-23.1054,0.24666724,-1.36205038,2.65324134,-0.53605761,2.44707913,-20.73432094,5969251952.895476,0.1682,6505501128.585959
2026-04-19 03:31:24.880913,2026-04-19,1831,13,20023075.0,20023075.0,620.3336794822669,263043313.4587911,262707024.94714355,336288.5116475539,-33.6048,0.16395948,-2.2816691,4.01479358,-3.96618752,-20.84652647,-24.48735707,12420987789.29939,0.3499,13027007269.133549
2026-04-19 03:31:24.880913,2026-04-19,7083,38,637075562.7465303,896710420.0366303,4.606694787175552,280247255.6116342,278008331.5160727,2238924.0955615896,-18.4557,0.10101232,-4.48205802,7.4338483,-8.64905566,-6.70968145,-33.94749275,2934812673.941372,0.0827,4130871217.5854726
2026-04-19 03:31:24.880913,2026-04-19,6535,42,1293235758.0,1293235758.0,1.8740610027457,283762133.885462,283762133.885462,0.0,-24.6415,0.70235635,-3.90004462,-0.09717535,-0.48759416,28.22641133,-15.22453993,2423602701.424076,0.0683,2423602701.42774
2026-04-19 03:31:24.880913,2026-04-19,512,18,33177849875.55276,50001786868.73495,0.2376457375968443,165482213.9148823,165146555.67412737,335658.2407549234,-22.136,-0.13223523,-1.95795486,12.39192946,2.04416565,2.60937364,-19.96156623,7884574605.553103,0.2221,11882716261.007908
2026-04-19 03:31:24.880913,2026-04-19,3794,60,503919448.66261,503919448.66261,2.476583061859933,75862715.4222046,75381827.52924985,480887.89295474376,-17.7345,0.46635459,-3.22591257,1.56702223,-2.0844644,-21.77469868,-25.10402166,1247998371.099616,0.0352,1247998371.1030917
2026-04-20 03:33:32.932057,2026-04-20,1,1,20018328.0,20018328.0,104162.30996329444,45354335435.13624,45288023082.39889,66312352.73734525,24.1017,0.05425121,-1.33558545,4.87185974,5.46281124,11.49548767,-19.19564775,2085155286082.896,59.3406,2187408509229.176
2026-04-20 03:33:32.932057,2026-04-20,1027,2,120690332.18409982,120690332.18409982,3189.225591394139,24720619504.663147,24191703777.667274,528915726.99585575,24.0881,0.09921188,-2.61106603,3.97713222,6.01081533,15.72510648,-28.33895958,384908696035.39087,10.954,384908696035.3851
2026-04-20 03:33:32.932057,2026-04-20,1839,5,134786639.11,134786639.11,868.8299520659659,2071530687.094759,2035392114.27658,36138572.81818059,-2.681,0.10034217,-0.40998955,4.41347579,-3.17029003,2.36481818,-33.00330289,117106669197.07394,3.3327,117106669197.07596
2026-04-20 03:33:32.932057,2026-04-20,5426,7,575503299.9351856,624782810.496769,117.95734869820062,6356733808.604394,6356688488.297594,45320.30679951111,24.4462,0.33646574,-1.53858552,2.90673761,-6.69008279,3.15026917,-36.82629711,67884843427.41982,1.9319,73697723838.4024
2026-04-20 03:33:32.932057,2026-04-20,52,4,61569680267.0,99985679023.0,1.973774826106794,4192437406.922839,4190911875.054404,1525531.8684337242,20.6648,0.41022323,-1.38054686,6.40750495,-2.3319581,-0.99362492,-27.86463483,121524684962.44884,3.4584,197377482610.67465
2026-04-20 03:33:32.932057,2026-04-20,74,9,153902606383.70523,153902606383.70523,0.131281021068833,2639005655.683137,2638167444.3007154,838211.3824210067,18.3928,0.04771204,-0.94869107,3.01979761,-0.91444581,-4.71405376,-26.63241887,20204491311.20753,0.575,20204491311.2069
2026-04-20 03:33:32.932057,2026-04-20,2010,12,36181739617.83069,44994742230.09978,0.3429886580389009,824727512.6096417,823330453.259742,1397059.349899638,41.5837,0.27219944,-1.30753344,3.24079048,-7.83069327,-10.7613425,-33.02973392,12409926317.03268,0.3532,15434489611.747835
2026-04-20 03:33:32.932057,2026-04-20,1958,8,94778614541.702,94778608039.41808,0.4647353188428281,1492851738.8481944,1492613500.0275147,238238.82067965608,48.9445,0.33496335,1.39317295,3.67046966,7.99679356,18.71724532,7.15683878,44046969648.51938,1.2535,44046966626.67255
2026-04-20 03:33:32.932057,2026-04-20,5805,25,431771961.1772119,463441061.1772119,12.768994194557798,416142192.08516425,411600370.6286106,4541821.456553522,8.7992,0.33353036,-1.8147463,0.84034082,-4.6935764,2.4900327,-27.9672552,5513293665.644654,0.1569,9139391237.667437
2026-04-20 03:33:32.932057,2026-04-20,11419,29,2489592199.3203554,5165601793.658031,1.8146128931906096,206534845.53827465,204672836.72256085,1862008.815713728,0.0045,-0.30540158,1.57297175,-10.50647298,4.43075339,-8.34692864,-17.15137542,4517646103.673483,0.1286,9373567615.862831
2026-04-20 03:33:32.932057,2026-04-20,1975,14,727099970.4523478,1000000000.0,12.826660431534146,829746642.7409554,822948182.453636,6798460.28731896,7.774,0.25209952,-0.59605161,4.58184779,0.35252404,5.87460613,-28.48605855,9326264420.770777,0.2654,12826660431.535898
2026-04-20 03:33:32.932057,2026-04-20,5994,28,589243464916719.8,589500043156496.8,8.327687428000449e-06,144286415.53898203,144182019.01210132,104396.52688069567,-8.0785,0.14048347,-1.18267745,2.84100225,-0.60107105,-5.65737335,-25.68722245,4907035394.818391,0.1396,4909610569.07609
2026-04-20 03:33:32.932057,2026-04-20,6636,36,1679942742.5292125,1679942742.5292125,1.761573485631142,257493871.6656724,257463039.25687045,30832.40880192447,-5.9861,0.48709819,-1.39575613,2.39855382,-16.59169198,-4.27653233,-37.76082607,2959342592.617925,0.0842,3699304319.822993
2026-04-20 03:33:32.932057,2026-04-20,28321,56,10628995713.74939,10628995723.74939,0.124367026498133,80993173.04549465,80916342.45622936,76830.58926528637,-3.8578,0.50429896,-0.60633716,7.60801619,-8.5533978,-17.48325603,-34.66612581,1321896591.580413,0.0376,1321896592.825814
2026-04-20 03:33:32.932057,2026-04-20,2,23,77079308.23347135,84000000.0,76.26378297371225,340938657.65246487,340652793.5997657,285864.052699103,6.2211,0.1611462,-1.84752972,1.39353582,-2.93045815,1.96720419,-22.21378818,5878359634.881331,0.1673,6406157769.798492
2026-04-20 03:33:32.932057,2026-04-20,1831,13,20023512.5,20023512.5,612.9532125298308,290136868.807254,289903795.8820661,233072.9251878661,9.8915,0.06104736,-1.53484423,3.17294787,-6.78280943,-21.28167897,-24.57735568,12273476313.006224,0.3493,12872017463.1252
2026-04-20 03:33:32.932057,2026-04-20,7083,37,637005562.7465303,896640420.0366303,4.568205830066004,294318456.6880046,292714269.2263497,1604187.4616548745,4.704,0.60767393,-1.17350723,7.46341672,-9.33478975,-4.59284938,-34.66569132,2909972525.523176,0.0828,4096037994.290184
2026-04-20 03:33:32.932057,2026-04-20,6535,41,1293341560.0,1293341560.0,1.887825909837428,311862903.5279446,311862903.5279446,0.0,9.5775,0.0714019,0.49971598,-0.64430239,2.71841433,32.873075,-14.67711826,2441603707.237559,0.0695,2441603707.2418666
2026-04-20 03:33:32.932057,2026-04-20,512,17,33177846325.36281,50001786868.73495,0.2345739762112131,146526225.8084475,146297765.01629746,228460.79215003108,-11.6744,0.1419847,-1.63011513,11.38128886,1.28881391,3.63673702,-21.76237456,7782659334.664942,0.2215,11729122641.642645
2026-04-20 03:33:32.932057,2026-04-20,3794,60,504092845.261607,504092845.261607,2.4867604767953906,77261648.14519979,76572082.9685821,689565.176617703,1.5032,0.24015294,0.05603908,2.68447966,-3.55274857,-23.96215618,-28.17469652,1253558164.2318988,0.0357,1253558164.2311857
2026-04-21 03:25:27.940031,2026-04-21,1,1,20018709.0,20018709.0,105442.2431257654,53068627722.8251,53019888706.68104,48739016.14407148,15.7793,-0.22903675,1.43040099,1.71628199,9.07176888,12.21390954,-15.20584513,2110817581441.948,59.518,2214287105641.0674
2026-04-21 03:25:27.940031,2026-04-21,1027,2,120690001.62289624,120690001.62289624,3210.572955712201,25604674439.7746,25099623137.860405,505051301.9141918,3.8297,-0.40364233,0.86433012,-2.74756477,9.33295432,17.62778851,-22.51073427,387484055235.3323,10.9257,387484055235.33
2026-04-21 03:25:27.940031,2026-04-21,1839,5,134786578.04000002,134786578.04000002,877.2404139745305,2134990337.5414064,2089932914.6468408,45057422.89456472,3.2783,-0.13199964,1.15582336,2.16995484,-0.81470403,3.59084755,-28.28572322,118240233518.02,3.334,118240234167.17154
2026-04-21 03:25:27.940031,2026-04-21,5426,7,575499351.4642903,624782119.2603985,118.8280944809906,5790645188.096828,5790600270.584411,44917.512417509824,-8.6524,-0.15651629,0.94769414,-1.13055835,-3.4560822,2.49128687,-33.10084786,68385491309.547485,1.9282,74241668697.5118
2026-04-21 03:25:27.940031,2026-04-21,52,4,61569680267.0,99985679023.0,1.98296186080092,3860008056.0389047,3858623781.849837,1384274.189066734,-7.276,-0.23766204,0.67264612,3.98097796,0.29613714,0.34421158,-25.28867803,122090327751.168,3.4425,198296186080.0852
2026-04-21 03:25:27.940031,2026-04-21,74,9,169628203126.5791,169628203126.5791,0.1322520505625346,1872297855.8857875,1871767861.6124744,529994.2733129946,-28.7708,-0.46083947,0.92756052,1.3352987,2.93931758,-4.27180319,-24.60061647,22433677696.72824,0.6326,22433677696.7285
2026-04-21 03:25:27.940031,2026-04-21,2010,12,36181739617.83069,44994742230.09978,0.3444411089731899,674353336.4404674,672994910.8505156,1358425.589951532,-17.8534,-0.18799529,0.71892518,0.78105095,-4.32869888,-9.88194452,-31.17579319,12462478518.544804,0.3514,15499849903.796389
2026-04-21 03:25:27.940031,2026-04-21,1958,8,94778885493.4326,94778883077.7905,0.4586681686339826,1091203448.0257714,1091079591.1504695,123856.87530171772,-26.4183,0.10848168,-1.08132983,2.50055971,6.69193817,15.94033406,10.54771631,43472057834.44268,1.2258,43472056726.46767
2026-04-21 03:25:27.940031,2026-04-21,5805,24,431771961.1772119,463441061.1772119,12.929022555168112,455059839.7001336,448999554.8050962,6060284.8950374685,9.5966,-0.2476477,1.5281495,-1.9604543,-0.19880291,3.75248954,-24.66987648,5582389424.749343,0.1574,9253931331.779455
2026-04-21 03:25:27.940031,2026-04-21,11419,29,2490139139.9932933,5166150355.66105,1.886069046433965,230269706.55444008,228342045.25707623,1927661.297363886,11.5758,-1.08462887,4.32507275,-5.42618036,7.01156428,-1.01219818,-12.19705374,4696574353.255044,0.1324,9743716275.039742
2026-04-21 03:25:27.940031,2026-04-21,1975,14,727099970.4523478,1000000000.0,12.909676580193178,814009167.2531705,807785648.2212877,6223519.031883523,-1.7356,-0.49854087,0.89472213,0.32766397,3.98690055,7.4707219,-24.87371847,9386625460.007826,0.2647,12909676580.190262
2026-04-21 03:25:27.940031,2026-04-21,5994,28,589243464416313.8,589500042656090.8,8.347041681465323e-06,129028626.09676048,128949140.78683108,79485.30992938219,-10.398,-0.25269818,0.37512734,0.66730597,2.27701674,-4.25540343,-24.35794404,4918439758.013999,0.1387,4921020921.374462
2026-04-21 03:25:27.940031,2026-04-21,6636,36,1680097383.59832,1680097383.59832,1.7731601928391432,249608285.562268,249543349.9596623,64935.60260583043,-3.0099,-0.29019593,0.86417651,5.17174529,-13.65593602,-1.38766248,-34.96130868,2979081800.6897373,0.084,3723636404.965614
2026-04-21 03:25:27.940031,2026-04-21,28321,55,10629572312.42192,10629572322.42192,0.1278792324847339,98759102.56653264,98678566.82717158,80535.73936099718,22.1793,-0.4611406,3.18042585,8.82032341,-3.32769678,-13.21048763,-31.85168868,1359301548.9534938,0.0383,1359301550.2377205
2026-04-21 03:25:27.940031,2026-04-21,2,22,77083039.48347135,84000000.0,76.35533706608234,329717006.98179096,329354321.83186674,362685.1499242459,-3.0835,-0.34209275,0.29926994,0.8470036,0.00333829,2.9835698,-20.37771713,5885701461.838589,0.166,6413848313.551321
2026-04-21 03:25:27.940031,2026-04-21,1831,13,20024000.0,20024000.0,616.3648027222278,282889171.2981417,282548256.55598027,340914.74216136365,-2.4394,-0.30227555,0.74031083,1.60734038,-4.08704896,-21.07911365,-24.97488115,12342088809.709888,0.348,12943660857.168306
2026-04-21 03:25:27.940031,2026-04-21,7083,38,636915562.7465303,896550420.0366303,4.489096890351629,308963245.25553423,306566438.24866474,2396807.006869612,5.6196,-0.37318479,-1.33713923,0.81566568,-8.32967819,-4.98244535,-34.68975527,2859175672.1420064,0.0806,4024701702.632949
2026-04-21 03:25:27.940031,2026-04-21,6535,40,1293421092.0,1293421092.0,1.8903082903228263,251819955.54536617,251810493.83895388,9461.706412300937,-19.2144,-0.02917707,0.42704683,-3.87478529,4.44974476,34.25739773,-12.50202956,2444964613.086004,0.0689,2444964613.0831285
2026-04-21 03:25:27.940031,2026-04-21,512,17,33181206110.40365,50001786868.73495,0.2414842489543822,171323900.529665,171096314.9548913,227585.5747737064,17.2439,-0.44608417,3.30764273,10.84348184,6.46065673,8.0234582,-18.46220805,8012738636.971382,0.2259,12074648764.352776
2026-04-21 03:25:27.940031,2026-04-21,3794,60,504266220.565487,504266220.565487,2.49580315324156,76497268.31476173,75967696.58809842,529571.7266633193,-0.8599,-0.35284295,0.68759092,1.92695374,-0.29658739,-21.40314734,-25.81510377,1258549223.3605466,0.0355,1258549223.3558717
2026-04-22 03:23:43.529440,2026-04-22,1,1,20019146.0,20019146.0,108238.80735678755,53718359320.8778,53380850975.219055,337508345.65875334,1.0714,0.78161445,2.55996938,4.28196708,13.59296471,14.29586103,-13.8416944,2166848487341.4043,59.7263,2273014954492.537
2026-04-22 03:23:43.529440,2026-04-22,1027,2,120689893.05474436,120689893.05474436,3305.293336742588,25044591333.252365,24321920457.615284,722670875.6370852,-2.3172,0.99129536,2.74788655,1.82103033,14.96342591,20.63477418,-21.60396053,398915499326.0219,10.9777,398915499326.018
2026-04-22 03:23:43.529440,2026-04-22,1839,5,134786520.14,134786520.14,893.8932016730267,2387298978.4372926,2341837204.926988,45461773.51030396,11.6543,0.5440739,1.74429425,3.90061441,1.79095022,2.16917941,-28.20221407,120484754030.31049,3.3156,120484754977.84108
2026-04-22 03:23:43.529440,2026-04-22,5426,7,575613713.8968067,624914423.0708477,122.23507840362956,6270208248.618404,6270123259.88507,84988.73333361065,8.1222,0.53809388,2.71431107,4.91776863,0.85370643,3.69893399,-32.65391481,70360187448.38055,1.9362,76386463499.62982
2026-04-22 03:23:43.529440,2026-04-22,52,4,61569680267.0,99985679023.0,2.0193621678648377,3512607191.605911,3510370569.3898163,2236622.216094603,-9.1349,0.45124737,1.68238271,6.50424067,4.4691384,1.19459868,-25.84266929,124331483018.71408,3.4215,201936216786.48367
2026-04-22 03:23:43.529440,2026-04-22,74,9,169641423126.57907,169641423126.57907,0.1351373018059338,1597922692.6226528,1595467210.2227018,2455482.399950198,-14.7809,0.90198959,2.03493671,3.75453964,6.50690128,-3.06236407,-23.96444595,22924884195.844646,0.6319,22924884195.842003
2026-04-22 03:23:43.529440,2026-04-22,2010,12,36181739617.83069,44994742230.09978,0.3553846277153742,662506597.8386462,660829033.5522754,1677564.2863709207,-1.899,0.80161009,3.03116368,6.24079439,0.86098222,-10.04592921,-30.42456732,12858434064.177366,0.3544,15992308247.196257
2026-04-22 03:23:43.529440,2026-04-22,1958,8,94779355561.9214,94779348076.6562,0.4634869568792545,1099666809.2677016,1098073001.9504807,1593807.3172209533,0.6143,-0.56867326,0.90559199,2.28450101,7.33150494,16.51515401,10.77127238,43928995084.3718,1.2108,43928991615.04359
2026-04-22 03:23:43.529440,2026-04-22,5805,24,431771961.1772119,463441061.1772119,13.391315745688107,410591114.9693303,403202663.8430534,7388451.126276735,-9.9032,0.87633877,3.42505594,2.83013464,4.98967078,4.71161088,-23.47135587,5781994662.259031,0.1594,9584817090.696272
2026-04-22 03:23:43.529440,2026-04-22,11419,29,2490676845.61324,5166694257.489799,1.9185737245300447,221257106.4770202,218746282.7190413,2510823.757978896,-4.0278,0.60941083,1.60229451,-0.97749067,8.96509713,2.79879329,-12.23545274,4778547152.288937,0.1315,9912683845.09788
2026-04-22 03:23:43.529440,2026-04-22,1975,15,727099970.4523478,1000000000.0,13.25120871571701,864621951.0102091,857154528.0000947,7467423.010114635,6.0668,-0.10712569,2.50141753,4.77372923,8.67515597,6.77520833,-23.89391628,9634953465.655731,0.2656,13251208715.710518
2026-04-22 03:23:43.529440,2026-04-22,5994,27,589243440704228.0,589500018944005.0,8.647633845525724e-06,132823140.93215992,132733069.47357644,90071.4585834713,2.7904,0.87408945,3.45609284,5.52931436,6.33106013,-3.58164156,-22.75851621,5095561521.087912,0.1405,5098235841.883489
2026-04-22 03:23:43.529440,2026-04-22,6636,36,1680273659.2608569,1680273659.2608569,1.8061844179895763,212902113.8287524,212858007.93800148,44105.89075087518,-14.8334,0.65397577,1.71694151,11.18772602,-9.79073045,-3.41941871,-34.20934544,3034884101.315286,0.0835,3792987277.776517
2026-04-22 03:23:43.529440,2026-04-22,28321,55,10630148942.373606,10630148952.373606,0.1323462700678525,75635137.5495583,75566261.05933858,68876.49021968814,-23.5258,0.73817448,3.34272104,13.98656217,0.6377683,-11.57714785,-30.36300089,1406860562.7888744,0.0388,1406860564.108523
2026-04-22 03:23:43.529440,2026-04-22,2,22,77086558.23347135,84000000.0,77.92469046066775,353437216.04855883,351468383.44734985,1968832.601209042,7.0365,-0.26842018,1.90550738,3.14509014,3.31527158,1.33246278,-19.12834165,6006946189.021494,0.1656,6545673998.702208
2026-04-22 03:23:43.529440,2026-04-22,1831,13,20024371.875,20024371.875,631.2123662355957,324019323.9353621,320434233.997503,3585089.937859062,14.3728,0.25983221,2.26002052,3.77332593,-3.95078612,-20.0506752,-23.77707865,12639631153.600264,0.3484,13255459690.942244
2026-04-22 03:23:43.529440,2026-04-22,7083,37,636855562.7465303,896490420.0366303,4.654157142827804,264385802.61582705,262455672.9166432,1930129.6991837856,-14.5603,0.82741512,3.53913716,5.99173482,-5.06512776,-4.96650909,-33.00881821,2964025866.306385,0.0817,4172407291.886875
2026-04-22 03:23:43.529440,2026-04-22,6535,40,1293500879.0,1293500879.0,1.9593399805821428,239377806.93544528,239365104.97880653,12701.95663875582,-5.0753,0.57064252,3.50922453,2.67976492,9.13282645,32.60898128,-9.08307025,2534407987.1428447,0.0699,2534407987.138876
2026-04-22 03:23:43.529440,2026-04-22,512,16,33201363583.751823,50001786868.73495,0.2511776149847927,250252849.2185564,249975664.6160404,277184.60251599783,45.8526,0.14934039,3.85647973,15.58222697,14.57631556,11.12435214,-15.99264226,8339439319.209734,0.2295,12559334579.969402
2026-04-22 03:23:43.529440,2026-04-22,3794,57,504440257.124839,504440257.124839,2.6431827994003645,89210397.56422889,88160072.71224871,1050324.8519801483,16.4568,0.3477084,5.7432042,8.3466152,6.15716566,-20.7496233,-21.51778567,1333327810.9574716,0.0367,1333327810.9509106
2026-05-05 15:02:03.057800,2026-05-05,1,1,20023521.0,20023521.0,113126.0161816333,66896874855.857,66817571939.70337,79302916.15361828,54.3871,0.0171567,0.71895419,5.14593076,20.56765312,14.61389692,5.90094242,2265181160659.2744,60.7262,2375646339814.293
2026-05-05 15:02:03.057800,2026-05-05,1027,2,120687267.10753396,120687267.10753396,3329.7296659952867,29901923988.574688,29728478149.915688,173445838.65899676,40.2894,-0.05205485,-0.38078033,3.95249855,15.86352024,15.00114096,4.86429082,401855973595.85297,10.7724,401855973595.853
2026-05-05 15:02:03.057800,2026-05-05,1839,5,134785912.03,134785912.03,875.7858040606219,2692657519.2236485,2667925504.0791006,24732015.14454737,17.2307,-0.15409819,-1.11424613,0.15264985,5.5878138,-2.7358207,-17.40701734,118043588343.2378,3.1643,118043588912.50342
2026-05-05 15:02:03.057800,2026-05-05,5426,7,576341506.8159344,625701505.9784049,118.57112581553126,6407192574.521593,6407138598.7551,53975.766493259776,25.9805,0.05465148,-1.09281813,0.81372103,5.48203974,-3.78265992,-13.49950829,68337461317.38503,1.8319,74190131988.33646
2026-05-05 15:02:03.057800,2026-05-05,52,4,61796225236.0,99985670046.0,1.9606598389696888,3110267811.380475,3108926203.782879,1341607.597595591,40.3872,-0.24596235,-0.94765162,0.60560889,6.92181505,0.23361237,-11.98806299,121161377020.15038,3.2479,196065983896.96448
2026-05-05 15:02:03.057800,2026-05-05,74,9,154107566383.70523,154107566383.70523,0.1558545445442774,2775336296.3671284,2774179310.8066072,1156985.5605213658,17.1839,0.10629876,-1.4549336,11.77310887,22.306425,19.36614993,2.9113414,24018364569.55938,0.6438,24018364569.56597
2026-05-05 15:02:03.057800,2026-05-05,2010,12,36193530883.92486,44993540553.74233,0.3527215964955045,631089106.1349772,629987214.5052584,1101891.629718845,33.3186,-0.12822329,-0.44260587,1.87815007,2.52029014,-6.10428368,-15.78267382,12766239996.187328,0.3422,15872471842.297049
2026-05-05 15:02:03.057800,2026-05-05,1958,8,94792213945.42767,94792249605.4692,0.4740086562294199,1154147909.0614777,1154043309.2582223,104599.8032551002,-15.9532,-0.02759413,0.31985083,4.48676998,6.60522646,18.71695603,18.29146442,44932329953.28386,1.2045,44932346856.44719
2026-05-05 15:02:03.057800,2026-05-05,5805,23,431771961.1772119,463441061.1772119,12.961087258694116,357509914.2198749,353325932.4670486,4183981.752826313,35.3574,-0.15875094,-0.64491764,0.48759854,3.73503813,-0.99286424,-8.17228972,5596234064.675332,0.15,9276881602.261944
2026-05-05 15:02:03.057800,2026-05-05,11419,20,2698187891.69038,5174202983.922184,2.3671496272583394,883165723.902743,855113655.0753626,28052068.827379905,624.2697,-2.38160366,22.75411288,29.35329341,36.11552994,26.57557576,21.06747653,6387014462.087847,0.1712,12248112664.745625
2026-05-05 15:02:03.057800,2026-05-05,1975,16,727099970.4523478,1000000000.0,13.329983131250206,1177872905.7899165,1165346459.5020573,12526446.287859349,90.7941,0.23894023,1.79636469,2.73954128,10.28226378,3.70216777,-1.41686978,9692230340.862318,0.2598,13329983131.250032
2026-05-05 15:02:03.057800,2026-05-05,5994,27,589243361068951.5,589499952837367.4,8.665733155245e-06,179459736.45552197,179364347.02259532,95389.43292668508,9.9224,-0.34486825,-2.0822083,0.51463144,5.07283332,11.27705665,-8.54390794,5106225730.523114,0.1369,5108906338.722316
2026-05-05 15:02:03.057800,2026-05-05,6636,37,1682346193.777354,1682346193.777354,1.737509470601235,198549243.9140327,198510669.5667032,38574.347329523385,4.6107,-0.02761552,-0.91574994,0.48798125,-0.17900496,-18.29447239,-18.16799426,2923092444.518093,0.0784,3648769888.268541
2026-05-05 15:02:03.057800,2026-05-05,28321,55,10637649101.12325,10637649111.12325,0.1366311046609018,73183259.38441041,73045577.97914618,137681.4052642496,27.6889,-0.27500203,0.78853376,5.96343954,6.53684072,-3.19136402,-9.95179271,1453433747.681519,0.039,1453433749.0532022
2026-05-05 15:02:03.057800,2026-05-05,2,22,77134239.48347135,84000000.0,77.07438710396687,432182996.724741,432084373.4580777,98623.26666319884,33.5471,-0.01685251,-1.91592951,-0.54521515,3.53724988,-0.53742319,-8.98170254,5945074232.919156,0.1594,6474248516.729536
2026-05-05 15:02:03.057800,2026-05-05,1831,13,20030168.75,20030168.75,620.871215309981,354379539.2598365,354342095.50173986,37443.75809670971,53.0694,-0.32718469,-1.1839867,-0.90320116,1.59521247,-3.24106648,-16.41433677,12436155214.676504,0.3334,13038295521.505589
2026-05-05 15:02:03.057800,2026-05-05,7083,36,636337562.7428479,895972420.0329479,4.650121985886093,343588587.6867558,340847495.3762285,2741092.3105270825,43.5015,0.21625114,-3.35129716,3.06536262,7.22760439,-16.0876138,-15.24301602,2959047290.955688,0.0793,4166381049.1410456
2026-05-05 15:02:03.057800,2026-05-05,6535,44,1294651854.0,1294651854.0,1.781944474679303,250383970.45673305,250372663.9951493,11306.461583744704,68.637,0.31039139,-2.31369956,-6.34083539,0.83395434,0.16915831,6.71540741,2306997717.868616,0.0618,2306997717.871328
2026-05-05 15:02:03.057800,2026-05-05,512,19,33441201970.69972,50001786868.73495,0.2213178572393189,191813031.03216317,191705994.6452337,107036.3869294438,40.0674,-0.16512852,-1.60076228,-4.08419116,-1.60560735,0.55973059,-10.53894246,7401135163.662553,0.1984,11066292741.720974
2026-05-05 15:02:03.057800,2026-05-05,3794,57,506700654.014402,506700654.014402,2.663485539449598,82334514.68710098,81906398.03677161,428116.6503293468,10.5692,0.03309395,-0.81363155,-4.09070792,11.21974775,3.48518473,-8.41832649,1349589864.7970138,0.0362,1349589864.7943392
2026-05-06 03:44:18.000177,2026-05-06,1,1,20025312.0,20025312.0,112686.32570021263,55818790204.419365,55774358938.2923,44431266.127073534,-17.6305,0.42891605,0.78534095,5.88422597,18.01997809,19.59575682,14.2866871,2256578830280.3765,60.5175,2366412839704.466
2026-05-06 03:44:18.000177,2026-05-06,1027,2,120687222.38365196,120687222.38365196,3282.519996133248,24495968507.95894,24354874742.451576,141093765.5073531,-18.2326,0.45902253,-0.38033215,2.92583524,11.4934861,19.80994046,12.57912309,396158220752.1176,10.6243,396158220752.123
2026-05-06 03:44:18.000177,2026-05-06,1839,5,134785868.48000002,134785868.48000002,876.6297649322158,2457103128.0945225,2442531863.0974503,14571264.997072954,-15.9341,0.2144482,1.20566158,1.39096311,5.58524608,1.10669403,-8.65683035,118157304201.80698,3.1688,118157305008.30267
2026-05-06 03:44:18.000177,2026-05-06,5426,7,576460536.6452789,625833205.4404821,120.579135562475,6421320930.232266,6421302098.876253,18831.356013807537,0.0989,0.81395036,2.88597282,3.13060927,6.45616152,3.1820943,-4.1233592,69509113194.56818,1.8647,75462426918.30002
2026-05-06 03:44:18.000177,2026-05-06,52,4,61796225236.0,99985670046.0,1.9647459708145176,2909433770.8900843,2908558051.6609898,875719.2290941156,-7.5852,0.72156816,1.11891853,2.48664129,6.32476444,3.93824459,-1.62276992,121413884543.97742,3.2561,196474597081.45575
2026-05-06 03:44:18.000177,2026-05-06,74,9,169832623126.57907,169832623126.57907,0.1600857545403128,2757241202.052483,2755937224.739744,1303977.3127388612,-3.4233,0.9773083,3.83617059,14.84051893,25.29546273,26.9808375,12.72484428,27187783618.779,0.7291,27187783618.78184
2026-05-06 03:44:18.000177,2026-05-06,2010,11,36193530883.92486,44993540553.74233,0.3641299775372709,825005315.0612179,823332559.9283452,1672755.1328729263,29.1343,0.6898017,4.34394197,5.86448105,2.66210599,1.65858057,-7.13472639,13179149587.75808,0.3537,16385848989.182049
2026-05-06 03:44:18.000177,2026-05-06,1958,8,94792814848.8351,94792806615.9883,0.4741340515531556,1215110730.4954815,1215024541.4489677,86189.04651395301,6.9533,-0.20906188,1.12122605,6.4633796,7.79670251,20.67761656,22.1704794,44944501362.40631,1.2061,44944497458.93645
2026-05-06 03:44:18.000177,2026-05-06,5805,24,431771961.1772119,463441061.1772119,13.192330858003572,327926291.4383652,323223807.67355883,4702483.764806408,-9.8079,0.89865652,2.65628855,3.32779577,0.42735829,5.63504434,-0.76210433,5696078567.058853,0.1529,9442393912.24602
2026-05-06 03:44:18.000177,2026-05-06,11419,18,2678730151.668501,5174748138.262833,2.844539962920466,1283620595.0465522,1247475235.8030148,36145359.24353765,55.8562,2.17080109,17.70395041,57.2211625,64.4179468,54.05050597,49.88223351,7619754966.301054,0.2043,14719777877.332035
2026-05-06 03:44:18.000177,2026-05-06,1975,16,727099970.4523478,1000000000.0,13.623489880050847,1004182191.9137115,994156379.7584924,10025812.155219365,-14.1436,0.83187232,3.52453627,5.97442035,10.28133087,12.02561076,8.05520655,9905639089.24283,0.2657,13623489880.055876
2026-05-06 03:44:18.000177,2026-05-06,5994,28,589243356823872.0,589499948592287.9,8.881432941677e-06,200175574.48041984,200050307.3596936,125267.12072628576,10.8387,0.83245904,3.24948326,4.06738708,6.98019722,18.82187693,-1.90430758,5233325359.9599,0.1403,5236072729.189115
2026-05-06 03:44:18.000177,2026-05-06,6636,35,1682407511.6294868,1682407511.6294868,1.7999966158863745,238203734.8838233,238134680.7474137,69054.13640961636,16.0682,1.35414759,4.66754681,5.57232916,3.44544415,-13.41622664,-9.77932752,3028327827.4748926,0.0812,3779992893.366166
2026-05-06 03:44:18.000177,2026-05-06,28321,55,10638226169.222223,10638226179.222223,0.1363961542485143,67178612.37306955,67096089.30707269,82523.06599686803,-8.183,0.80378968,0.54534583,6.15858038,6.34906018,-0.26658104,-7.2759338,1451013137.5078163,0.0389,1451013138.870432
2026-05-06 03:44:18.000177,2026-05-06,2,23,77137270.73347135,84000000.0,78.32043739387015,419736913.49605227,419601153.7131718,135759.78288046122,-3.3271,0.50658743,2.72286211,1.5749387,4.40032077,5.00949618,-2.80222657,6041424783.214855,0.162,6578916741.079472
2026-05-06 03:44:18.000177,2026-05-06,1831,13,20030593.75,20030593.75,634.8594199289677,425889631.1897084,425864307.3923354,25323.797372943554,19.6676,-0.45581242,3.16704139,1.47663119,6.06395586,2.25099033,-13.25335411,12716611128.957806,0.341,13332047818.513432
2026-05-06 03:44:18.000177,2026-05-06,7083,36,636303562.7428479,895938420.0329479,4.679660492950277,245897244.4032876,244675777.40768877,1221466.9955988957,-32.8241,0.77655517,1.82923628,3.74953969,6.98112881,-11.86414675,-9.80954139,2977684644.091213,0.0799,4192687628.3408127
2026-05-06 03:44:18.000177,2026-05-06,6535,44,1294730446.0,1294730446.0,1.8173956120601773,228061498.0794654,228050146.62657,11351.452895420962,-8.4381,1.07681704,3.2796672,-3.46676358,3.51789926,6.29853552,15.24562174,2353037431.3611164,0.0631,2353037431.3589835
2026-05-06 03:44:18.000177,2026-05-06,512,19,33441981219.96128,50001786868.73495,0.2243530844557753,153192152.5554661,153068452.5695225,123699.98594357225,-21.1989,1.20123283,2.43408258,0.20472396,0.27147106,6.36318651,-2.24239395,7502811637.010425,0.2013,11218059586.633747
2026-05-06 03:44:18.000177,2026-05-06,3794,59,506875348.844961,506875348.844961,2.6420182468006037,91431449.6759117,90469541.65777607,961908.01813562,11.7517,0.66924569,0.32708732,-3.55147974,12.35598917,5.32733502,-3.81849508,1339173920.501808,0.0359,1339173920.500774
2026-05-07 03:43:05.027497,2026-05-07,1,1,20025768.0,20025768.0,111751.71973885864,55976810850.14785,55909122316.88267,67688533.26518202,0.3419,-0.00698898,-0.8237536,6.69413675,17.71640609,20.84160583,25.39941279,2237914013091.404,60.5044,2346786114516.0254
2026-05-07 03:43:05.027497,2026-05-07,1027,2,120687104.06368364,120687104.06368364,3204.730014032128,32823504233.74906,32622892778.09588,200611455.6531816,34.1206,0.17476539,-2.28703175,3.07022956,10.1331964,19.13664503,22.78648545,386769584699.50574,10.4567,386769584699.5048
2026-05-07 03:43:05.027497,2026-05-07,1839,5,134785817.62,134785817.62,888.8991902760481,3441176858.307332,3414299677.9444785,26877180.36285292,40.1978,0.13657825,1.50104498,4.26113202,7.50045952,4.43181459,4.23786313,119811004143.1131,3.2392,119811004596.4514
2026-05-07 03:43:05.027497,2026-05-07,5426,7,577082748.6560454,625832519.0902182,121.23951976434932,7720184948.002836,7720149617.554016,35330.44882031703,20.3272,-0.19000178,0.52115557,5.75397646,10.04679096,6.41743787,14.78887286,69965235311.34966,1.8918,75875634067.41472
2026-05-07 03:43:05.027497,2026-05-07,52,4,61796225236.0,99985670046.0,1.9399975997925067,4071091592.329176,4068976450.9356217,2115141.3935557506,40.0566,-0.52409844,-1.19936166,2.3515386,6.75795323,4.11226406,10.84425384,119884528634.07712,3.2412,193999759979.25372
2026-05-07 03:43:05.027497,2026-05-07,74,9,169845893126.5791,169845893126.5791,0.1525881254564216,3258086710.361088,3256286120.505065,1800589.8560221458,18.299,-0.02596213,-4.61013243,3.70167028,22.11506149,23.70341836,23.16332295,25916466448.656425,0.7007,25916466448.662937
2026-05-07 03:43:05.027497,2026-05-07,2010,11,36193530883.92486,44993540553.74233,0.3652947470910113,876188262.6374882,874865984.4664755,1322278.1710127045,6.3153,0.21020326,0.42635974,7.1530024,7.93934534,4.83550621,6.63814111,13221306710.57404,0.3575,16438263619.095856
2026-05-07 03:43:05.027497,2026-05-07,1958,8,94793223322.7574,94793217721.31747,0.476276844353716,1068427548.7535073,1068252904.8878864,174643.86562075367,-11.9876,-0.1266529,0.5570339,6.51253252,9.09517792,20.41485702,28.01260906,45147817270.27997,1.2206,45147814602.446434
2026-05-07 03:43:05.027497,2026-05-07,5805,24,431771961.1772119,463441061.1772119,13.094386556906349,438809639.67723686,437847973.1596957,961666.5175411892,34.077,0.05262461,-0.74510485,3.69391863,9.28421172,7.06938911,14.52501459,5653788964.087973,0.1529,9372290404.202995
2026-05-07 03:43:05.027497,2026-05-07,11419,16,2679314339.622728,5175316381.6360655,3.771463409860999,2212506713.665205,2167639784.176909,44866929.48829655,72.5765,3.14438274,32.7990305,108.20923162,120.70688736,110.72858392,119.47956629,10104935995.403004,0.2732,19518516367.790417
2026-05-07 03:43:05.027497,2026-05-07,1975,17,727099970.4523478,1000000000.0,13.635042829248992,1141201827.6514263,1129190892.0165064,12010935.63492041,13.7507,-0.03817685,0.19176339,8.42769516,12.43831944,14.71127627,22.95292633,9914039238.26344,0.2681,13635042829.244616
2026-05-07 03:43:05.027497,2026-05-07,5994,28,589243354935861.5,589499946704277.4,8.703574557454e-06,197006550.0214736,196809567.2306814,196982.7907921681,-1.3416,0.05522525,-1.94858606,1.29213539,7.70834308,19.14411922,10.05702362,5128523472.168422,0.1386,5131215839.380715
2026-05-07 03:43:05.027497,2026-05-07,6636,35,1682585737.273271,1682585737.273271,1.788341108928593,253130803.73964003,253075657.97431576,55145.76532424559,6.3795,0.15660883,-0.56392836,6.6791191,4.43771736,-9.99781877,4.30535681,3009037243.262716,0.0813,3755516328.7566266
2026-05-07 03:43:05.027497,2026-05-07,28321,55,10638803428.957829,10638803438.957829,0.136255403588699,73493999.42037117,73414239.1162562,79760.30411496539,9.5396,0.17398383,-0.02356753,5.4892002,9.43314952,4.84592626,7.51783449,1449594454.9134836,0.0392,1449594456.2760007
2026-05-07 03:43:05.027497,2026-05-07,2,23,77140545.73347135,84000000.0,77.64278605327493,459403905.1870042,459340362.9330888,63542.25391545514,9.5589,-0.18703927,-0.84009092,1.63404309,5.04902017,5.64399513,12.38631329,5989406888.416786,0.1619,6521994028.478729
2026-05-07 03:43:05.027497,2026-05-07,1831,13,20031087.5,20031087.5,638.7168174615744,595025155.1131037,594950468.9314386,74686.18166515719,39.8351,-0.28598978,0.68162358,3.61914808,6.77551459,3.17241823,2.59858496,12794192458.294325,0.3459,13413053166.698883
2026-05-07 03:43:05.027497,2026-05-07,7083,36,636251562.7428479,895886420.0329479,4.7139811507716605,357704869.14924645,353974425.8165361,3730443.332710271,45.7906,0.0937469,0.80927751,7.14594994,10.89943465,-8.21931416,10.246921,2999277873.918797,0.0811,4223191697.264799
2026-05-07 03:43:05.027497,2026-05-07,6535,39,1294835075.0,1294835075.0,2.045038446936437,640092891.1931517,640016966.3772104,75924.81594123422,180.9688,0.2113352,12.62405061,11.48046945,19.61246497,21.97797625,54.89263582,2647987510.8168254,0.0716,2647987510.8117414
2026-05-07 03:43:05.027497,2026-05-07,512,20,33446617611.77172,50001786868.73495,0.2208764359419822,194684402.11416885,194512179.3633684,172222.7508005025,27.5633,-0.1037507,-1.33986617,0.18431294,2.7423542,7.31842494,5.41533276,7387569692.402471,0.1998,11044220879.298096
2026-05-07 03:43:05.027497,2026-05-07,3794,61,507050937.14613,507050937.14613,2.5914890080911768,95733485.3279741,95687582.4807589,45902.8472152064,4.889,-0.12054365,-1.79482993,-1.9492151,10.47497828,5.91367186,4.91392573,1314016930.156526,0.0355,1314016930.1508262
2026-05-08 03:36:37.393872,2026-05-08,1,1,20026196.0,20026196.0,110234.95457466684,51104079399.116425,51040740057.830345,63339341.28608167,-9.0876,-0.04200328,-1.69626527,3.08959061,11.47480428,18.26496046,12.5585121,2207586806363.3745,59.8966,2314934046067.9966
2026-05-08 03:36:37.393872,2026-05-08,1027,2,120686916.66367824,120686916.66367824,3157.143790961022,31024965293.456413,30861109085.7152,163856207.74124795,-5.6114,-0.0726207,-1.74139257,-0.29171571,1.89421457,14.84044023,10.02892093,381025949594.9621,10.3381,381025949594.9675
2026-05-08 03:36:37.393872,2026-05-08,1839,4,134785768.61,134785768.61,885.824618220594,2176934528.4861,2154533151.4111733,22401377.07492646,-36.778,0.29374199,-0.55215783,3.18166958,3.93756193,2.51609724,-3.03005234,119396552020.52255,3.2395,119396552020.52847
2026-05-08 03:36:37.393872,2026-05-08,5426,7,577451755.8782443,625964080.7356069,122.26787411403896,6290728921.323392,6290705913.972903,23007.350488169395,-18.8308,0.14114626,0.59803284,4.92529719,4.39551524,5.56051928,0.22475072,70603798594.65192,1.9156,76535297423.29245
2026-05-08 03:36:37.393872,2026-05-08,52,5,61796225236.0,99985670046.0,1.9182739571939065,2595050461.616171,2594191995.270791,858466.345379337,-36.2713,0.09078589,-1.45313899,0.48790842,1.02283013,2.0483572,-6.40098157,118542089523.10764,3.2163,191827395719.39243
2026-05-08 03:36:37.393872,2026-05-08,74,9,154147476383.70523,154147476383.70523,0.1474816709660937,2216325275.121024,2215425056.898594,900218.2224302973,-32.2947,-0.00439182,-3.62537233,-2.71342463,12.52138717,17.28132398,7.89818704,22733927392.27532,0.6168,22733927392.2788
2026-05-08 03:36:37.393872,2026-05-08,2010,13,36193530883.92486,44993540553.74233,0.3629588460913078,626757038.8890526,625783977.1507387,973061.7383138228,-28.8409,0.12330421,-0.92929384,5.09907741,0.37399797,3.05524157,-4.84395972,13136762205.599478,0.3564,16333148074.102394
2026-05-08 03:36:37.393872,2026-05-08,1958,8,94793869785.4656,94793860133.8,0.4811624172492861,901838946.0746856,901737275.7488683,101670.32581720296,-15.9278,0.07779722,0.66490454,6.51067914,10.0719493,19.4381715,26.58080831,45611247526.388695,1.2375,45611242882.37558
2026-05-08 03:36:37.393872,2026-05-08,5805,24,431771961.1772119,463441061.1772119,13.1466954134212,327805004.6774179,325595768.33663106,2209236.340786854,-25.9726,0.09240079,0.0667376,3.44821532,0.29739488,5.53387839,2.20611248,5676374461.652328,0.154,9409730401.240986
2026-05-08 03:36:37.393872,2026-05-08,11419,17,2681245843.748187,5175876650.84694,3.696235495024922,2446468701.6855254,2384468888.023994,61999813.66153064,10.5053,-2.56698502,-1.92553463,99.19759453,113.55377394,102.11021325,90.16056278,9910516058.550097,0.2689,19131258994.735027
2026-05-08 03:36:37.393872,2026-05-08,1975,16,727099970.4523478,1000000000.0,13.651123876304329,877564425.8273014,863895052.8455952,13669372.981706128,-23.1977,0.25096168,-0.22169322,7.4267076,7.09978236,13.15539764,10.53997039,9925731767.102217,0.2693,13651123876.306717
2026-05-08 03:36:37.393872,2026-05-08,5994,28,589243351392775.4,589499944636191.2,8.683285856435e-06,159840620.45179853,159757167.205247,83453.24655148474,-19.603,0.08901286,-0.57983878,-1.30858542,2.35312673,17.1480435,-0.35982392,5116568459.147189,0.1388,5119254581.014963
2026-05-08 03:36:37.393872,2026-05-08,6636,36,1682718212.7313232,1682718212.7313232,1.8108613690992168,235954805.3225273,235856367.74686557,98437.57566178984,-7.1674,0.19016888,0.89884228,7.63274261,-0.10871382,-11.48374056,-4.82788382,3047169406.514831,0.0827,3802808875.106812
2026-05-08 03:36:37.393872,2026-05-08,28321,55,10639380639.846794,10639380649.846794,0.136750287523471,65406739.39411807,65335768.13838413,70971.25573393608,-11.2776,0.06437207,0.05846013,4.33724677,6.79510923,2.08573753,2.3821648,1454938361.5707,0.0395,1454938362.9354548
2026-05-08 03:36:37.393872,2026-05-08,2,23,77144301.98347135,84000000.0,78.12215694167567,391964553.9579509,391924154.0421403,40399.91581051901,-14.9982,0.08922704,0.29443674,1.51800291,2.47929647,5.6166261,2.74311006,6026679266.708771,0.1635,6562261183.096736
2026-05-08 03:36:37.393872,2026-05-08,1831,14,20031521.875,20031521.875,625.5363258599633,353626527.16815525,353602357.8050772,24169.363078065107,-40.752,0.28940968,-2.44676824,1.8109362,1.90037853,0.03937895,-14.23133617,12530444595.070984,0.34,13136262843.059244
2026-05-08 03:36:37.393872,2026-05-08,7083,38,636215562.7428479,895850420.0329479,4.746185341056584,291695543.41513234,290103684.09728926,1591859.3178431296,-18.6519,0.17384492,0.18481138,5.94992948,6.74088417,-8.52139776,-4.20888439,3019596977.64217,0.0819,4251872131.3462296
2026-05-08 03:36:37.393872,2026-05-08,6535,39,1294913189.0,1294913189.0,2.0449798504704684,331290930.7492375,331269114.7480248,21816.001212718773,-48.2211,0.49475265,-0.34440278,12.28871838,13.61901005,18.50467026,35.67512732,2648071379.613457,0.0718,2648071379.610308
2026-05-08 03:36:37.393872,2026-05-08,512,20,33447960138.13372,50001786868.73495,0.2200764385348043,185708870.2342323,185617012.56054097,91857.67369134475,-5.3127,0.39733597,-0.65607173,-0.55540453,-2.25443167,5.56129722,-2.79866725,7361107943.454569,0.1997,11004219563.48579
2026-05-08 03:36:37.393872,2026-05-08,3794,61,507050937.14613,507050937.14613,2.59164454364798,82617765.30310056,82592242.72485718,25522.57824338525,-14.1594,0.22120739,-0.37859155,-1.34901648,4.15158219,7.85842953,-7.09198163,1314095794.6063623,0.0357,1314095794.6009114
2026-05-09 03:36:58.753028,2026-05-09,1,1,20026693.0,20026693.0,110833.31416056014,42743952532.16621,42705347428.063225,38605104.10298323,-16.003,-0.08016636,0.96321351,2.40139047,13.22167452,14.68033034,15.94835183,2219624756866.0903,59.9028,2327499597371.7563
2026-05-09 03:36:58.753028,2026-05-09,1027,2,120686647.9675223,120686647.9675223,3192.473571378636,26546737831.559128,26399858553.678947,146879277.88017762,-14.0657,-0.16785631,1.55464507,0.38677397,6.17221675,13.34936645,10.69914882,385288934054.592,10.3981,385288934054.58777
2026-05-09 03:36:58.753028,2026-05-09,1839,5,134785721.35,134785721.35,901.7471922739448,2001641256.1718693,1944379452.691467,57261803.48040236,-7.6224,-0.09747282,2.23623359,6.08820174,8.87406945,1.49467562,1.19286732,121542645785.9808,3.2802,121542645785.98596
2026-05-09 03:36:58.753028,2026-05-09,5426,7,577451043.8708142,625963369.0955516,129.1304841423019,6766804736.078926,6766784030.330477,20705.748450035622,8.0362,0.1210194,6.06665011,11.64343135,14.1386385,8.26437554,7.15808477,74566532863.51585,2.0124,80830952906.65161
2026-05-09 03:36:58.753028,2026-05-09,52,4,61796225236.0,99985670046.0,1.9725527629481132,2429400456.4942694,2428176887.277429,1223569.2168396695,-5.9807,-0.00689222,3.26908277,3.13855165,7.42080979,3.16652099,0.25817574,121896314829.03574,3.2897,197255276294.8084
2026-05-09 03:36:58.753028,2026-05-09,74,9,169872983126.57904,169872983126.57904,0.152575309578967,1640677984.5659544,1640020452.8715785,657531.6943759413,-25.6543,-0.18145837,3.89961821,2.11164243,20.7362401,20.41684115,13.49443745,25918422989.64044,0.6995,25918422989.637665
2026-05-09 03:36:58.753028,2026-05-09,2010,12,36193530883.92486,44993540553.74233,0.3815710336241537,662114622.6442169,660625725.835117,1488896.809099995,6.0965,-0.05630894,5.57885381,11.41640427,10.91308973,6.258856,2.27056614,13810402989.886936,0.3727,17170696513.08549
2026-05-09 03:36:58.753028,2026-05-09,1958,8,94794722683.0858,94794717909.59547,0.48352604512252,1084916529.09172,1084779887.3655066,136641.72621341064,20.818,0.09246297,0.92706406,7.14132221,10.65556875,22.60087916,26.39864141,45835717357.43852,1.237,45835715049.327774
2026-05-09 03:36:58.753028,2026-05-09,5805,25,431771961.1772119,463441061.1772119,13.778488157813625,422608340.4462451,421151189.9086005,1457150.5376444603,29.476,-0.64916938,5.25719934,9.48238378,10.49881542,6.1135896,8.94475767,5949164853.956178,0.1606,9861935248.712795
2026-05-09 03:36:58.753028,2026-05-09,11419,17,2681805354.787842,5176439028.059855,3.597617208256563,1345491816.1180232,1326035313.294388,19456502.823635083,-44.7585,0.68392658,-2.24444679,97.52418439,113.72940237,95.35434924,86.20280234,9648109093.579338,0.2604,18622846124.83568
2026-05-09 03:36:58.753028,2026-05-09,1975,15,727099970.4523478,1000000000.0,14.5461839364508,1220292743.1979492,1194245906.5231,26046836.674849465,39.6535,-0.17619385,7.01570364,15.6398368,20.37145234,16.92253214,19.00502364,10576529910.387793,0.2854,14546183936.457472
2026-05-09 03:36:58.753028,2026-05-09,5994,28,589243345313565.8,589499938556981.6,8.945208582108e-06,163532759.25922054,163451428.69628465,81330.56293588963,2.7506,-0.15436223,3.46017711,3.38790743,10.20584299,16.90945387,4.03856918,5270904629.448921,0.1423,5273671829.903843
2026-05-09 03:36:58.753028,2026-05-09,6636,36,1682852329.4464192,1682852329.4464192,1.899111314660072,261732939.5971217,261648679.93033957,84259.66678212788,11.4232,-0.42675158,5.32600014,13.93364681,9.84193295,-9.20666416,1.43121616,3195923899.7537537,0.0863,3988133760.780486
2026-05-09 03:36:58.753028,2026-05-09,28321,55,10639957882.05248,10639957892.05248,0.1417842612701233,92403546.42704456,92257384.2856348,146162.1414097472,41.9111,-0.52249764,4.12667565,7.18350974,18.14820392,6.57264434,6.55516092,1508578568.2520373,0.0407,1508578569.6723166
2026-05-09 03:36:58.753028,2026-05-09,2,22,77148020.73347135,84000000.0,81.06841921154854,459056176.74529046,458985252.4174007,70924.32788977111,17.6218,-0.03587206,4.21553322,5.5998906,8.83468007,8.42002421,6.59337256,6254268086.162294,0.1688,6809747213.774837
2026-05-09 03:36:58.753028,2026-05-09,1831,14,20031940.625,20031940.625,624.7821577116841,309003254.98572534,308894073.1842026,109181.80152271297,-12.2368,0.02384166,0.31521626,0.38925531,2.60884448,0.92125417,-13.29405673,12515599086.839842,0.3376,13120425311.944937
2026-05-09 03:36:58.753028,2026-05-09,7083,35,636189562.7428479,895824420.0329479,5.160216328918724,464214256.7058934,458880389.0070075,5333867.698885933,59.829,-0.50789187,9.19180851,16.6611522,22.12734963,-4.83255607,6.49452905,3282875769.953307,0.0886,4622647800.1025305
2026-05-09 03:36:58.753028,2026-05-09,6535,41,1294991465.0,1294991465.0,2.1935746901992923,502382820.41476536,502338533.4361459,44286.97861941884,52.3551,-0.66745414,7.73705238,22.54377982,19.41909615,26.76490209,49.03739636,2840660501.6481028,0.0767,2840660501.642303
2026-05-09 03:36:58.753028,2026-05-09,512,19,33458622062.978737,50001786863.25703,0.230242689754042,203865322.3015721,203717178.39853472,148143.90303733808,10.2355,0.05395796,5.07512081,4.40791745,6.98874383,8.24682616,3.55631258,7703603139.24416,0.2079,11512550492.963526
2026-05-09 03:36:58.753028,2026-05-09,3794,62,507404888.877045,507404888.877045,2.737752160622817,72085224.79185234,72058931.53861985,26293.253232518,-12.3727,-0.15661162,6.09270895,4.50703134,11.11690314,12.58727286,-0.04968599,1389148830.8337104,0.0375,1389148830.837217
2026-05-10 03:53:13.714549,2026-05-10,1,1,20027200.0,20027200.0,111417.56191338084,24579504689.268085,24560407367.981277,19097321.28681192,-42.5247,0.06478318,0.57522392,3.33564021,12.44436384,16.04526251,13.51454925,2231381795951.661,60.1958,2339768800181.001
2026-05-10 03:53:13.714549,2026-05-10,1027,2,120686604.0725392,120686604.0725392,3210.452472794815,16239495570.138308,16129188481.832376,110307088.30593269,-38.8196,0.06135397,0.62404525,1.16061013,6.50012591,15.14722895,11.19254609,387458606477.8923,10.4524,387458606477.8949
2026-05-10 03:53:13.714549,2026-05-10,1839,5,134785682.47,134785682.47,893.1710470028188,1207443999.389649,1175251235.9764676,32192763.41318116,-39.6684,0.04017573,-0.87837462,5.13785395,7.76594074,1.15779893,0.57764534,120386669132.71938,3.2477,120386669597.17162
2026-05-10 03:53:13.714549,2026-05-10,5426,7,577570015.1233095,626094860.1525265,128.81264994276165,4744605535.253742,4744592388.5755415,13146.678200679751,-29.9161,0.46028143,-0.19411771,11.66906565,12.6595316,9.02978239,6.73116408,74398324175.51442,2.007,80648938051.7898
2026-05-10 03:53:13.714549,2026-05-10,52,4,61796225236.0,99985670046.0,1.954855741426723,1734973002.770694,1734239187.1893308,733815.5813633068,-28.6765,0.01018081,-0.72771371,2.45649999,5.54756336,2.71727778,-2.20126499,120802705701.09357,3.2589,195485574142.66544
2026-05-10 03:53:13.714549,2026-05-10,74,9,154174936383.70523,154174936383.70523,0.1496449772254434,1076757221.2110562,1076056943.6946342,700277.5164220424,-34.4493,-0.08609983,-1.68903198,0.62152513,17.57149577,17.13567192,11.83972536,23071504843.873756,0.6224,23071504843.867058
2026-05-10 03:53:13.714549,2026-05-10,2010,12,36200982332.23463,44993230658.1261,0.3724586523711831,413047876.45466304,412408319.6240979,639556.8305651793,-37.7273,-0.0597986,-2.17867335,8.93429858,7.23650931,3.91044422,-1.03818852,13483369093.97712,0.3637,16760639356.706238
2026-05-10 03:53:13.714549,2026-05-10,1958,8,94796288058.48747,94796300627.4582,0.4839749655357418,908455788.8032856,908376850.7449224,78938.05836322626,-16.2589,0.07677266,0.04950587,6.36089872,9.61236792,22.40947648,25.87009363,45879030246.022736,1.2377,45879036329.08601
2026-05-10 03:53:13.714549,2026-05-10,5805,25,431771961.1772119,463441061.1772119,13.678341696830891,251218335.03194708,249029596.94964436,2188738.08230283,-40.957,0.09791264,-0.61119942,9.56134927,6.39416432,3.78859127,8.14364082,5905924420.092707,0.1593,9790255547.554
2026-05-10 03:53:13.714549,2026-05-10,11419,17,2682382069.999708,5177019750.1502285,3.5441805009974643,893807732.7784126,883607800.8999856,10199931.878427016,-33.4515,3.60368119,-0.95568506,92.09135665,104.63983887,98.16921873,83.75677401,9506846228.71818,0.2565,18348292451.754745
2026-05-10 03:53:13.714549,2026-05-10,1975,15,727099970.4255477,1000000000.0,14.286978844431449,602816550.7397503,601069922.5939832,1746628.145767168,-50.772,0.14649228,-1.6817918,13.93563595,16.11411373,15.8673851,16.85751221,10388061895.25653,0.2802,14286978844.43328
2026-05-10 03:53:13.714549,2026-05-10,5994,28,589243343694455.6,589499936937871.5,8.805109314824e-06,132110652.9633839,132041401.89779544,69251.06558850167,-19.7095,0.1379482,-1.51083722,2.92799738,8.28849579,13.61278168,3.29951726,5188352054.262159,0.14,5191075929.26704
2026-05-10 03:53:13.714549,2026-05-10,6636,36,1683015715.8491046,1683015715.8491046,1.844161368567735,170877838.42465395,170877838.42465395,0.0,-34.9007,-0.12484481,-2.71987955,10.84149146,3.92492663,-10.29717202,-0.6188714,3103752565.861291,0.0837,3872738873.988373
2026-05-10 03:53:13.714549,2026-05-10,28321,55,10640535235.755638,10640535245.755638,0.139993120968208,59348305.04407304,59301672.92077045,46632.123302598135,-35.805,0.14736617,-1.07781215,4.05826735,16.92400691,5.31792634,5.40436978,1489601736.4256194,0.0402,1489601737.8231254
2026-05-10 03:53:13.714549,2026-05-10,2,21,77152295.73347135,84000000.0,79.91498302583585,310851444.9799123,310834580.6414294,16864.33848284702,-33.015,0.07636643,-1.16750454,5.26067805,6.34920642,7.62277309,5.66140718,6165624403.944631,0.1663,6712858574.164288
2026-05-10 03:53:13.714549,2026-05-10,1831,14,20032371.875,20032371.875,620.5581612235351,230391257.61063007,230384209.314172,7048.296458082302,-25.6388,-0.04161861,-0.4883368,1.35836241,1.48365435,0.66265529,-15.05316857,12431251855.69606,0.3354,13031721385.689129
2026-05-10 03:53:13.714549,2026-05-10,7083,34,636177562.7428479,895812420.0329479,5.128020124267493,313878186.5569015,311128725.288946,2749461.2679555365,-32.735,0.20350031,-0.44541416,15.54677321,19.44304584,-3.09920089,6.28791213,3262331344.35277,0.088,4593744117.498341
2026-05-10 03:53:13.714549,2026-05-10,6535,39,1295095444.0,1295095444.0,2.148752091129478,233055101.58280152,233043108.01455432,11993.568247212472,-53.6497,0.2388428,-2.06181941,21.39907576,15.05961869,20.94109613,48.88326124,2782839043.50726,0.0751,2782839043.5081844
2026-05-10 03:53:13.714549,2026-05-10,512,19,33460613617.19969,50001786863.25703,0.2226912884595612,161062610.70684293,160953787.03368047,108823.67316249503,-21.3218,-0.15651434,-3.02937992,1.73548627,4.05194041,3.61015543,-1.01126419,7451387159.06174,0.201,11134966784.270275
2026-05-10 03:53:13.714549,2026-05-10,3794,61,507580765.39365,507580765.39365,2.643419839905125,48953316.65365911,48918747.536982216,34569.116676893056,-32.1794,-0.02805198,-2.99805999,2.4333915,5.64010257,5.84377752,-2.80690379,1341749065.595803,0.0362,1341749065.594748
2026-05-11 04:03:58.099571,2026-05-11,1,1,20027700.0,20027700.0,111614.97953010816,43142943814.59743,43111861599.96631,31082214.63111061,75.1394,-0.53325237,-0.0919509,0.35226954,10.70898074,16.04372832,16.02930493,2235391325535.147,60.0403,2343914570132.2744
2026-05-11 04:03:58.099571,2026-05-11,1027,2,120686531.0558495,120686531.0558495,3223.051326216951,29331764612.57729,29160418551.889217,171346060.68805683,79.9197,-0.62999106,0.09723849,-2.32019525,4.14499782,15.12995432,12.77491712,388978883976.079,10.4476,388978883976.0783
2026-05-11 04:03:58.099571,2026-05-11,1839,5,134785648.94,134785648.94,901.4886205755298,2048604258.7193196,2020904387.7184696,27699871.000849333,69.9723,-0.5207981,0.61898274,4.00870812,7.3712409,1.22536939,2.95641405,121507728736.29823,3.2636,121507728736.2996
2026-05-11 04:03:58.099571,2026-05-11,5426,7,577768593.2318281,626094175.3362246,131.1776809812214,7091297912.122243,7091284216.905515,13695.21672783505,48.5738,-0.54637129,1.50278644,11.07881093,12.29335243,11.61585462,10.49238491,75790344203.93382,2.0365,82129581996.45505
2026-05-11 04:03:58.099571,2026-05-11,52,4,61796225236.0,99985670046.0,2.002485492569924,4707996686.861163,4700650143.655544,7346543.20561715,172.0269,-0.41058132,2.13430339,2.45198335,7.06055251,5.31244113,0.89604556,123746044530.6734,3.3237,200248549256.99704
2026-05-11 04:03:58.099571,2026-05-11,74,9,154188466383.70526,154188466383.70526,0.1508425082031666,2313276471.155476,2311706449.094161,1570022.0613137165,115.4912,-0.70201058,0.49717714,-3.42938805,16.29371843,18.19563988,15.00414466,23258175005.31775,0.6247,23258175005.314083
2026-05-11 04:03:58.099571,2026-05-11,2010,11,36200982332.23463,44993230658.1261,0.3822384433803427,928962401.7768364,926770422.1475134,2191979.629322675,125.5134,-0.4320368,2.31334134,8.96139163,8.9701677,6.5170308,3.76212022,13837407135.512655,0.3717,17200729952.11766
2026-05-11 04:03:58.099571,2026-05-11,1958,8,94798099781.29909,94798094283.0338,0.4834993171598474,808225586.7142708,808138758.6788754,86828.03539553793,-10.9345,-0.11063572,-0.40694396,3.42818063,9.88250861,20.54081609,25.48458457,45834816512.3092,1.2311,45834813853.8988
2026-05-11 04:03:58.099571,2026-05-11,5805,24,431771961.1772119,463441061.1772119,13.859184900884747,484870503.0495589,481181309.7345919,3689193.3149671336,93.7772,-0.44187293,1.08989788,7.76146309,7.44242426,5.43841057,12.48428632,5984007444.97261,0.1608,9919693839.189602
2026-05-11 04:03:58.099571,2026-05-11,11419,17,2683665549.7950654,5177590476.067521,3.210455975792501,872000210.8037587,859773932.8906729,12226277.913085798,-3.0813,-3.88551307,-8.96681943,69.51141722,76.68052001,74.63598208,71.53094341,8615790101.368036,0.2314,16622426284.098291
2026-05-11 04:03:58.099571,2026-05-11,1975,15,727099970.4255477,1000000000.0,14.547330535110325,1026631733.4378892,1008764871.7116427,17866861.726246536,71.0809,-0.46459664,1.56475441,12.51457401,16.04817857,18.53241251,21.14382923,10577363601.849384,0.2841,14547330535.108582
2026-05-11 04:03:58.099571,2026-05-11,5994,28,589243342994455.6,589499936237871.5,8.986696279413e-06,248850852.36677447,248616604.0755728,234248.2912017252,88.6714,-0.30771528,1.75228844,2.85388421,9.21188148,12.98770965,7.62798581,5295350958.157207,0.1423,5298131013.679645
2026-05-11 04:03:58.099571,2026-05-11,6636,36,1683159346.16516,1683159346.16516,1.861063311207936,264084005.24628097,263974035.8987949,109969.34748607843,54.7484,-0.64389905,0.69538433,7.70339854,3.82390683,-10.34506738,3.6297731,3132466106.064717,0.0841,3908232953.5392528
2026-05-11 04:03:58.099571,2026-05-11,28321,55,10641112540.604208,10641112550.604208,0.1429782881113064,84788539.72321649,84700013.54885261,88526.17436385325,42.4711,-0.10044994,1.59680463,6.9727455,21.85845365,5.99585296,9.97075925,1521448054.655344,0.0409,1521448056.07992
2026-05-11 04:03:58.099571,2026-05-11,2,22,77155958.23347135,84000000.0,81.19708868794184,487398347.0056833,487292768.118603,105578.88708039532,57.1372,-0.48084026,1.31368336,4.57854276,7.21448708,8.35144943,8.8666865,6264839183.48631,0.1683,6820555449.7811
2026-05-11 04:03:58.099571,2026-05-11,1831,14,20032862.5,20032862.5,626.6285604686925,338001369.50639373,337984112.0886451,17257.417748737083,46.7788,-0.86530205,0.59733159,0.73486201,2.10165419,-0.18676788,-13.46808486,12553163790.442251,0.3372,13159199769.849072
2026-05-11 04:03:58.099571,2026-05-11,7083,34,636147562.7428479,895782420.0329479,5.453401371501888,830485834.2770582,811239213.1781691,19246621.098889,164.6263,-0.2579285,6.23785636,17.7464487,25.12740606,2.12039543,15.77430752,3469167991.1394305,0.0932,4885061077.968615
2026-05-11 04:03:58.099571,2026-05-11,6535,40,1295174033.0,1295174033.0,2.114404910036723,288588689.7893643,288568536.701888,20153.08747634317,24.2915,-0.30025776,-1.7705801,17.81099182,12.97031145,18.74877034,51.00975401,2738522334.7272644,0.0736,2738522334.7222004
2026-05-11 04:03:58.099571,2026-05-11,512,19,33466108133.21642,50001786863.25703,0.2292330066438093,336646285.9531309,336359156.0148174,287129.9383135151,109.2238,-0.28414644,2.64917229,3.11722386,7.55404346,5.16984329,4.88938749,7671536588.044041,0.206,11462064513.13873
2026-05-11 04:03:58.099571,2026-05-11,3794,61,507756050.708397,507756050.708397,2.7518950153613178,99531894.55679692,99473488.15895472,58406.39784221775,102.8247,-0.41387302,3.81617464,3.72434175,10.90720282,8.84013394,2.3149246,1397291344.9639862,0.0375,1397291344.9573483
2026-05-12 03:47:51.083520,2026-05-12,1,1,20028190.0,20028190.0,112206.26760071598,40986945553.56865,40963342700.48739,23602853.08126337,-2.7149,-0.01393826,0.55941592,0.40718643,13.1998662,14.00299197,18.64919046,2247288446697.984,60.1388,2356331619615.034
2026-05-12 03:47:51.083520,2026-05-12,1027,2,120686358.35581516,120686358.35581516,3196.1263837309184,19993681663.70869,19857794972.774258,135886690.93443733,-31.5781,0.02917445,-0.71647045,-2.9585977,4.28733036,9.55299325,14.68807034,385728854097.4252,10.3223,385728854097.4198
2026-05-12 03:47:51.083520,2026-05-12,1839,5,134785596.74,134785596.74,916.029628728316,2484960738.754221,2453031225.4814854,31929513.272736937,21.8987,0.09588899,1.67481667,5.59563274,11.15847159,0.56439574,6.94246589,123467600139.66672,3.3041,123467600762.56184
2026-05-12 03:47:51.083520,2026-05-12,5426,7,577883036.802837,626225378.44744,133.1592697838935,6981294796.552501,6981278542.631149,16253.921350874998,-1.5416,-0.10525491,1.64170704,13.53718315,16.67931338,7.84772687,15.06445126,76950483201.16464,2.0592,83387714114.20705
2026-05-12 03:47:51.083520,2026-05-12,52,4,61796225236.0,99985670046.0,2.021549264449043,3428616137.947128,3421709256.926787,6906881.020340914,-26.6758,0.04349239,1.18839408,3.80373678,9.708909,4.09481228,3.83057577,124924113671.56316,3.343,202154926444.9009
2026-05-12 03:47:51.083520,2026-05-12,74,9,154202056383.7052,154202056383.7052,0.1526999285688811,1745706113.4856308,1744634528.683113,1071584.802517727,-23.9505,-0.1844462,1.31931701,-1.0209787,20.97038002,14.86701055,18.49042422,23546642994.966373,0.6301,23546642994.971592
2026-05-12 03:47:51.083520,2026-05-12,2010,11,36200982332.23463,44993230658.1261,0.3842912831864968,632326880.7081546,631132199.5155139,1194681.1926407723,-31.6478,0.16581343,0.75090104,10.05166357,13.72289928,3.04621067,5.60949733,13911721953.066149,0.3723,17293107743.39123
2026-05-12 03:47:51.083520,2026-05-12,1958,8,94798349970.096,94798345175.5475,0.482231401481964,931579833.5325152,931488316.3213532,91517.21116206783,15.4095,-0.31610354,-0.16690561,2.74926337,8.91144211,20.26366919,26.13168903,45714741164.257095,1.2234,45714738852.17662
2026-05-12 03:47:51.083520,2026-05-12,5805,24,431771961.1772119,463441061.1772119,13.88727404816182,321876498.91308755,319290158.97576696,2586339.937320602,-33.3588,0.1183232,0.38550341,8.03616556,10.29753333,1.71734161,12.66858339,5996135551.180228,0.1605,9939798610.378176
2026-05-12 03:47:51.083520,2026-05-12,11419,17,2684625755.814897,5178158096.644388,3.2784655783957266,797428830.4792454,785193358.8866659,12235471.592579482,-8.6919,0.7370822,2.62712344,35.26115606,65.75728633,80.72213853,77.56789887,8801453131.313753,0.2355,16976413079.342854
2026-05-12 03:47:51.083520,2026-05-12,1975,15,727099970.4255477,1000000000.0,14.522140776789126,828727242.5196961,820013986.6940156,8713255.825680522,-18.8169,0.22342394,0.13080343,10.43690234,19.13416508,13.85801118,22.59194035,10559048129.319014,0.2826,14522140776.795618
2026-05-12 03:47:51.083520,2026-05-12,5994,28,589243337494037.9,589499930737453.8,9.082345436985e-06,163732357.54155433,163587328.06840938,145029.47314496504,-33.9794,0.4405809,1.23976835,5.53348413,12.73382548,10.29797635,8.96216411,5351711537.562597,0.1432,5354521232.323103
2026-05-12 03:47:51.083520,2026-05-12,6636,35,1683348864.679984,1683348864.679984,1.869554874633509,204267676.80713248,204218249.4050755,49427.40205699282,-22.1768,0.22123058,0.77059762,8.58709688,8.65476252,-11.41174831,5.48463802,3147113075.6712465,0.0842,3926065236.72569
2026-05-12 03:47:51.083520,2026-05-12,28321,56,10641689796.586842,10641689806.586842,0.1406943728358257,74096500.03504586,74028932.60216515,67567.43288071683,-12.5172,0.07434764,-1.36700256,3.70234157,20.98323505,2.72817679,11.08994282,1497225871.844191,0.0401,1497225873.251779
2026-05-12 03:47:51.083520,2026-05-12,2,22,77159683.23347135,84000000.0,80.40579645875182,405094970.3681282,405034304.3024737,60666.0656545972,-16.7275,0.24175427,-0.91271225,5.36667433,7.45502185,5.56684637,9.1236026,6204085784.892262,0.166,6754086902.539368
2026-05-12 03:47:51.083520,2026-05-12,1831,14,20033256.25,20033256.25,615.807003649165,330896346.55127746,330880752.5745666,15593.97671094128,-1.9785,0.33277924,-1.67899175,-0.01605636,4.13448935,-4.66418587,-14.63393516,12336619504.648409,0.3301,12931947076.63594
2026-05-12 03:47:51.083520,2026-05-12,7083,34,636107562.7428479,895742420.0329479,5.283374026614431,339358231.2594206,336555903.65420926,2802327.605211328,-58.8937,-0.03056216,-2.27487919,14.88622216,24.25009632,-4.61580827,13.28404836,3360794175.128572,0.0899,4732542236.537893
2026-05-12 03:47:51.083520,2026-05-12,6535,40,1295278164.0,1295278164.0,2.1100106216625787,274686659.2666176,274686659.2666176,0.0,-4.5401,0.26656172,-0.05955797,19.8588365,13.1015711,10.50706277,53.37010205,2733050684.047604,0.0731,2733050684.043525
2026-05-12 03:47:51.083520,2026-05-12,512,19,33485442970.34249,50001786863.25703,0.2303871124943463,204174097.79106253,204013887.14164692,160210.64941561213,-39.2822,0.22787111,0.75559287,5.12489757,9.70351558,3.14628585,5.6815321,7714614516.531315,0.2064,11519771890.92212
2026-05-12 03:47:51.083520,2026-05-12,3794,60,507931582.952144,507931582.952144,2.7972976765176107,117220812.0453835,115721278.02268796,1499534.0226955302,18.4994,0.61560952,1.8383307,6.1568806,15.64902361,9.47175559,4.52908344,1420835836.8219445,0.038,1420835836.8195236
2026-05-13 03:56:24.165804,2026-05-13,1,1,20028618.0,20028618.0,112203.81803437638,43839199575.398544,43813059223.18428,26140352.21426841,9.5672,0.22691858,0.17524863,-0.39821922,14.39607683,14.23283755,20.35798119,2247287409552.035,60.1397,2356280178721.908
2026-05-13 03:56:24.165804,2026-05-13,1027,2,120686234.8902043,120686234.8902043,3179.6720450959765,21304112146.297047,21177066573.701683,127045572.5953599,7.448,0.36554854,-0.31167017,-3.11042476,4.89851487,9.53015526,17.07695865,383742647308.2693,10.2694,383742647308.2756
2026-05-13 03:56:24.165804,2026-05-13,1839,4,134785556.67000002,134785556.67000002,940.2937386731836,2435502056.6171417,2397082799.061575,38419257.55556741,-1.7823,0.10453073,2.85880992,7.29347295,14.37183676,3.59185049,10.66238577,126738015000.3806,3.3916,126738015686.79912
2026-05-13 03:56:24.165804,2026-05-13,5426,7,577882582.4917796,626224677.2509166,131.89349232604278,5516499061.385746,5516480862.211192,18199.174552417964,-20.7617,0.25266168,-0.65485616,9.3587755,16.54285675,7.94625448,18.69661826,76218951959.2333,2.0397,82594959663.36739
2026-05-13 03:56:24.165804,2026-05-13,52,5,61796225236.0,99985670046.0,2.0055349030855933,3067098110.275594,3063322070.6349635,3776039.640630556,-10.307,0.23989953,-0.52423716,2.1641254,9.45761918,3.58536377,5.57463069,123934486589.73676,3.3166,200553490308.56216
2026-05-13 03:56:24.165804,2026-05-13,74,9,169927753126.5791,169927753126.5791,0.154173018167665,1738483016.0395086,1737493917.205045,989098.834463262,0.1498,0.44129358,1.32221301,-3.56909337,22.33174752,16.19654662,21.25961768,26198274569.97458,0.7011,26198274569.96852
2026-05-13 03:56:24.165804,2026-05-13,2010,11,36200982332.23463,44993230658.1261,0.3786173440613304,649846729.3040152,648788371.3401945,1058357.963820787,2.9599,0.20478226,-1.16465654,4.00071765,15.03677375,3.24094784,5.85538737,13706319783.04182,0.3668,17037780482.762316
2026-05-13 03:56:24.165804,2026-05-13,1958,8,94798518326.4424,94798514821.9223,0.4819866048543517,930555797.8475496,930492452.1126608,63345.73488887651,-0.1267,-0.03898588,0.02032198,1.69310047,8.77999554,18.64079106,25.33585004,45691615993.38502,1.2228,45691614304.25591
2026-05-13 03:56:24.165804,2026-05-13,5805,24,431771961.1772119,463441061.1772119,13.859429094248036,306171156.5495202,303801159.42445713,2369997.1250630645,-4.62,0.49178984,0.12963225,5.02281015,10.50392103,3.00594007,14.7430959,5984112880.819984,0.1601,9919868620.272732
2026-05-13 03:56:24.165804,2026-05-13,11419,17,2686146788.231095,5178726259.8125925,3.1877636003538665,682996766.9928429,675755530.9804294,7241236.012413331,-13.7775,-0.03863975,-2.00133622,11.48449147,60.13127875,76.83444598,70.21132612,8562800956.730531,0.2291,16508555067.223597
2026-05-13 03:56:24.165804,2026-05-13,1975,16,727099970.4255477,1000000000.0,14.458912408135149,847445329.2130475,837868767.3513832,9576561.861664532,2.3544,0.45093381,-0.01322956,6.22945143,19.2621497,14.77599424,24.33799894,10513074784.340652,0.2813,14458912408.139923
2026-05-13 03:56:24.165804,2026-05-13,5994,28,589243332980231.1,589499926223647.0,8.960929460105e-06,158301359.03327698,158189918.41875637,111440.61452063566,-3.312,0.24970654,-1.09228277,0.85404258,11.90339591,9.05522892,8.39538993,5280167941.6728735,0.1413,5282940115.896922
2026-05-13 03:56:24.165804,2026-05-13,6636,35,1683496838.7252674,1683496838.7252674,1.9216079223691385,205339532.63545543,205287217.9847883,52314.6506671218,0.7504,1.25894299,3.05628255,6.66143818,12.97172242,-4.22619721,8.76357945,3235020862.577874,0.0866,4035376636.976858
2026-05-13 03:56:24.165804,2026-05-13,28321,58,10642267164.076391,10642267174.076391,0.1376159650896108,71602862.94054037,71514164.71390116,88698.2266392354,-3.4737,-0.13930117,-2.06845807,0.98130816,20.34747396,3.2920051,10.45256563,1464545866.525849,0.0392,1464545867.9001813
2026-05-13 03:56:24.165804,2026-05-13,2,22,77163351.98347135,84000000.0,80.78592000668183,398676440.4298084,398626419.05836105,50021.371447385856,-1.5007,0.32391223,0.74388631,3.13213892,8.79705996,4.9627934,10.87124942,6233712380.78415,0.1668,6786017280.567938
2026-05-13 03:56:24.165804,2026-05-13,1831,14,20033725.0,20033725.0,610.5682742966462,323480675.90527827,323455008.7210821,25667.18419612372,-2.168,0.3229953,-0.77663325,-3.8662659,3.82197773,-4.16785716,-14.09395649,12231956900.98358,0.3273,12821933760.224852
2026-05-13 03:56:24.165804,2026-05-13,7083,34,636059562.7428479,895694420.0329479,5.297858376668343,272443482.2085853,271127173.0866338,1316309.1219514443,-19.113,0.54412926,0.53967334,13.10674443,26.01631594,-4.36112208,10.37794178,3369753482.5371995,0.0902,4745262186.112262
2026-05-13 03:56:24.165804,2026-05-13,6535,38,1295362647.0,1295362647.0,2.321748995058175,563913363.5508814,563844898.2954907,68465.25539071824,105.5276,0.52951288,10.47648947,27.6702502,22.78277862,26.06132372,72.31907874,3007506923.908148,0.0805,3007506923.9036407
2026-05-13 03:56:24.165804,2026-05-13,512,19,33486774737.811165,50001786863.25703,0.2269213151382688,185822812.40502265,185661137.29680136,161675.10822128737,-9.0738,0.20495071,-1.27375042,1.22378053,8.99072974,-0.37272082,4.96815654,7598862963.243069,0.2034,11346475761.066511
2026-05-13 03:56:24.165804,2026-05-13,3794,55,508108434.493314,508108434.493314,2.963868355854848,164398982.85983774,161139213.72389725,3259769.135940501,40.5778,-0.87953077,6.19951424,11.80933842,23.94188437,13.990314,8.76843004,1505966510.3376794,0.0403,1505966510.3342164
2026-05-14 03:55:50.827653,2026-05-14,1,1,20029056.0,20029056.0,109003.73569991792,47964657683.24934,47901331129.170006,63326554.07931616,9.6418,-0.22438741,-2.64657491,-2.33176357,6.18685599,10.85031386,18.94328401,2183241926542.856,60.0479,2289078449698.273
2026-05-14 03:55:50.827653,2026-05-14,1027,2,120686172.97636493,120686172.97636493,3091.621565782913,20537092639.77042,20415493265.057964,121599374.71245402,-3.3965,-0.32642017,-2.56354202,-3.54897039,-5.29696864,7.01679496,14.93986272,373115975065.5368,10.2622,373115975065.5429
2026-05-14 03:55:50.827653,2026-05-14,1839,4,134785507.04000002,134785507.04000002,918.2595877129364,2471857647.929659,2409708661.5978446,62148986.33181233,1.7074,-0.70491015,-2.1367992,3.44400568,8.10363935,1.14494805,9.45027941,123768084124.22952,3.4041,123768084941.4738
2026-05-14 03:55:50.827653,2026-05-14,5426,7,578001375.464005,626355963.0195526,124.07644552218332,6343073620.374589,6343052673.924366,20946.45022166244,15.2269,-0.71760073,-5.7278386,2.33225352,4.52762116,2.52945759,13.98528206,71716356174.50665,1.9725,77716021523.08347
2026-05-14 03:55:50.827653,2026-05-14,52,5,61796225236.0,99985670046.0,1.9621353644882709,3337542078.765282,3335366275.001347,2175803.7639349387,9.046,-0.21604072,-1.9523706,1.12150837,4.07590381,0.67262985,4.31096827,121252558927.43814,3.3349,196213536448.82095
2026-05-14 03:55:50.827653,2026-05-14,74,9,169941443126.57907,169941443126.57907,0.1554726379101503,2955735637.570004,2953151439.422513,2584198.14749056,70.4072,-0.62110557,1.05839923,1.97430935,20.36090202,17.36577872,21.24446501,26421244453.14704,0.7267,26421244453.151237
2026-05-14 03:55:50.827653,2026-05-14,2010,11,36200982332.23463,44993230658.1261,0.3625863989278791,671197973.9226762,670037164.5138215,1160809.4088546184,3.4852,-0.61339893,-4.03349811,-0.6158139,7.41334844,-0.53112154,0.01024382,13125983821.49673,0.361,16316387951.757578
2026-05-14 03:55:50.827653,2026-05-14,1958,8,94799058393.8765,94799052949.06348,0.4824937292907093,908545350.4041582,908449715.4306452,95634.97351300612,-2.2444,-0.04556997,0.31883069,1.51136092,9.13765231,17.84522547,25.58377648,45739951217.70919,1.258,45739948590.6237
2026-05-14 03:55:50.827653,2026-05-14,5805,25,431771961.1772119,463441061.1772119,13.30757030045454,320570929.33142376,316012736.26750004,4558193.063923775,4.9246,-1.00336201,-3.7787672,1.64035881,2.02629387,-0.60637638,9.03505701,5745835727.130877,0.158,9524876395.557318
2026-05-14 03:55:50.827653,2026-05-14,11419,18,2687241573.465508,5179295125.180783,2.841710257119024,575596875.6722966,567404816.1037525,8192059.568544111,-15.5149,-0.5958729,-10.67468552,-24.05415093,43.34894615,58.73740205,48.14300916,7636361942.673599,0.21,14718056081.875238
2026-05-14 03:55:50.827653,2026-05-14,1975,15,727099970.4255477,1000000000.0,13.947506000211693,1030495981.0064064,1022579745.48242,7916235.523986298,21.8575,-0.71668326,-3.33296037,2.27919097,9.59617044,10.02512018,20.13257735,10141231200.26407,0.2789,13947506000.216549
2026-05-14 03:55:50.827653,2026-05-14,5994,28,589243332343719.8,589499925587135.5,8.588554007171e-06,187613702.1560634,187462764.12750596,150938.028557432,18.7616,-0.859689,-4.03655092,-1.27156311,5.00395698,5.93974424,3.99941336,5060748183.199551,0.1392,5063405163.942929
2026-05-14 03:55:50.827653,2026-05-14,6636,36,1683663652.5579088,1683663652.5579088,1.8144072701503096,297288439.4246615,297160879.75898904,127559.66567247608,45.0851,-0.95114125,-5.37901047,1.4827898,9.03275502,-7.2320162,3.60689197,3054851571.6888947,0.084,3810255267.319801
2026-05-14 03:55:50.827653,2026-05-14,28321,59,10642844562.89116,10642844572.89116,0.130303815286509,71046038.80344607,70920688.23503774,125350.56840829152,-0.5624,-1.48202807,-5.11417788,-4.46945143,12.35772505,-2.45653511,-2.93149817,1386803252.0459962,0.0381,1386803253.3526175
2026-05-14 03:55:50.827653,2026-05-14,2,23,77166801.98347135,84000000.0,78.22076821026076,395630974.0887774,395575692.6394212,55281.4493562186,-0.554,-0.56475796,-2.97047835,0.82576838,4.58149196,2.93253648,6.9039352,6036046531.476203,0.166,6570544529.655666
2026-05-14 03:55:50.827653,2026-05-14,1831,14,20034171.875,20034171.875,596.3426811549676,380195585.9301851,380169965.9483051,25619.98187993037,17.7813,-0.29273682,-2.12333837,-6.3163042,-0.52620709,-7.04777844,-15.54287143,11947231770.656944,0.3286,12523196304.260511
2026-05-14 03:55:50.827653,2026-05-14,7083,34,636027562.7428479,895662420.0329479,4.926522425400416,288514076.5852692,286718608.31526554,1795468.2700037616,6.1226,-1.21173801,-6.81251128,4.73198646,11.63894218,-9.49488429,9.45731484,3133404051.0254097,0.0862,4412500997.881969
2026-05-14 03:55:50.827653,2026-05-14,6535,39,1295442960.0,1295442960.0,2.137400054442953,471391328.73320377,471337585.18401307,53743.549190728685,-16.2304,-1.1699284,-7.74539822,4.51383798,10.01820827,14.37545089,61.0497409,2768879853.2317405,0.0762,2768879853.2380238
2026-05-14 03:55:50.827653,2026-05-14,512,20,33486768863.098778,50001786863.25703,0.2183539184014765,170775447.53812885,170644890.94408327,130556.59404563357,-7.8988,-0.55849258,-3.5694602,-1.18657543,1.71039995,-5.66918942,1.44988167,7311967195.862178,0.2011,10918090444.551975
2026-05-14 03:55:50.827653,2026-05-14,3794,57,508281453.880207,508281453.880207,2.763182334299142,131058953.68470009,126792827.78426269,4266125.900437397,-20.0957,-0.54567784,-6.58687552,6.68060379,13.96478339,7.85701365,1.86927536,1404474334.2136722,0.0386,1404474334.2120943
2026-05-15 03:59:52.072254,2026-05-15,1,1,20029506.0,20029506.0,112658.33456256591,61194196502.25591,61155702980.95391,38493521.3020073,26.3186,-0.29217751,2.654189,1.86447738,8.96410374,10.02396381,17.5269241,2256490788070.9214,60.3275,2365825025813.891
2026-05-15 03:59:52.072254,2026-05-15,1027,2,120686088.48833355,120686088.48833355,3158.7798318334444,26056950912.208534,25921048691.78621,135902220.4223266,25.5035,-0.19976079,1.41309534,-0.31311692,-2.44360808,1.54232275,10.61758946,381220782299.8145,10.192,381220782299.817
2026-05-15 03:59:52.072254,2026-05-15,1839,5,134785439.07999998,134785439.07999998,947.5999209452584,2371364892.000728,2318326365.5703616,53038526.43036575,-4.8037,0.25973311,2.40019527,6.55373193,10.64381632,0.1134824,10.41663924,127722671416.7799,3.4126,127722672165.38055
2026-05-15 03:59:52.072254,2026-05-15,5426,7,578000681.91889,626355269.6547852,127.93038635488564,5753797978.125236,5753783119.804341,14858.320894166429,-10.177,-0.38099085,2.26783702,4.2988584,10.22173272,-1.31295894,8.17441249,73943850551.27095,1.9769,80129871642.36208
2026-05-15 03:59:52.072254,2026-05-15,52,4,61796225236.0,99985670046.0,2.068631729642412,5652836431.265289,5646931169.336988,5905261.928301116,67.8693,-0.13673185,4.59700928,7.40039569,9.5545158,1.36010265,5.09898305,127833632295.31876,3.4176,206863172964.24612
2026-05-15 03:59:52.072254,2026-05-15,74,9,154241556383.70526,154241556383.70526,0.1611154353016691,3494830960.881547,3491834224.645574,2996736.2359727984,16.7586,-0.52246253,2.96858485,8.90665068,24.29068832,15.86416573,19.65979947,24850695498.36762,0.6644,24850695498.37305
2026-05-15 03:59:52.072254,2026-05-15,2010,11,36211366780.2301,44993135625.22923,0.3750697849359126,722795316.5639389,721624392.2213511,1170924.342587832,6.7602,-0.42890936,2.70651057,2.95810173,12.49288278,-2.64678562,-2.62766026,13581789550.496355,0.3629,16878140322.11134
2026-05-15 03:59:52.072254,2026-05-15,1958,8,94799647818.2994,94799641547.3606,0.4911568834101126,1011928455.109492,1011822700.9606882,105754.14880367248,10.379,0.0078492,0.98629932,1.63432417,8.8978158,18.52848933,24.89578736,46561499570.81222,1.2441,46561496490.79192
2026-05-15 03:59:52.072254,2026-05-15,5805,25,431771961.1772119,463441061.1772119,13.72245494267415,323687121.03796023,317508465.7245294,6178655.313430839,0.0187,-0.39912159,2.29910771,4.02358604,5.68628263,-3.99218886,7.25989854,5924971282.764342,0.1584,9821829546.760872
2026-05-15 03:59:52.072254,2026-05-15,11419,18,2688683462.7006307,5179862566.636168,2.9185499052473363,584082126.6269649,572308160.5993038,11773966.02766115,0.947,-0.49251066,1.97773039,-21.16489506,51.82109352,57.90449811,44.10061272,7847056865.305005,0.2098,15117687403.04689
2026-05-15 03:59:52.072254,2026-05-15,1975,15,727099970.4255477,1000000000.0,14.478108783022485,1080438557.965628,1071172221.6326205,9266336.33300784,4.0146,-0.32383443,3.03684011,5.5805056,14.85146278,7.30449809,17.7191119,10527032467.95351,0.2813,14478108783.018354
2026-05-15 03:59:52.072254,2026-05-15,5994,28,589243305206557.5,589499923499048.6,8.805577377039e-06,164315586.44696596,164183370.51865622,132215.92830972894,-13.2093,-0.24202655,1.76679082,0.96900654,8.14944389,4.14133083,-0.8582231,5188627517.89827,0.1386,5191351876.597487
2026-05-15 03:59:52.072254,2026-05-15,6636,36,1683802159.20129,1683802159.20129,1.8856693193733691,259148633.1460694,259032182.4253499,116450.72071955384,-13.592,-0.33098347,3.10112894,3.52709434,16.32034482,-8.30896865,0.81270141,3175094071.5005064,0.0849,3959905570.682616
2026-05-15 03:59:52.072254,2026-05-15,28321,59,10643422073.233646,10643422083.233646,0.1308186801763477,82711644.6663512,82609469.19791497,102175.46843620153,15.4035,-0.38861584,-0.43638087,-4.60947547,13.40981046,-5.04021171,-6.69407296,1392358428.180232,0.0372,1392358429.494504
2026-05-15 03:59:52.072254,2026-05-15,2,22,77169776.98347135,84000000.0,80.66868335971189,447639024.2299044,447549640.5070314,89383.72287297348,12.1999,-0.43338506,2.30291263,2.81304019,7.30494295,2.22694991,5.0092142,6225184304.419233,0.1664,6776169402.218065
2026-05-15 03:59:52.072254,2026-05-15,1831,14,20034606.25,20034606.25,605.4531802656189,351795272.1714716,351779652.0710385,15620.100433152293,-8.0047,-0.26769118,0.79299408,-3.34519622,0.0752368,-7.8705665,-22.75055786,12130016069.431946,0.3241,12714516785.577028
2026-05-15 03:59:52.072254,2026-05-15,7083,34,636001562.7428479,895636420.0329479,5.152442865608303,388403568.2222853,386496941.4344336,1906626.7878517767,33.5257,-0.42721079,3.86758429,8.13013092,17.55340878,-9.73327837,8.99169318,3276961714.470118,0.0876,4614715482.579799
2026-05-15 03:59:52.072254,2026-05-15,6535,39,1295522429.0,1295522429.0,2.1847189642016063,319860089.33343697,319835616.8319597,24472.5014772209,-32.4054,0.25654751,1.47414284,5.93087101,15.04689909,13.00438776,53.01722609,2830352419.1848288,0.0756,2830352419.190077
2026-05-15 03:59:52.072254,2026-05-15,512,19,33489417308.912582,50001786863.25703,0.2246441689691318,237796077.74125665,237605512.14897263,190565.59228402487,38.0799,-0.34950058,2.17520715,1.71577804,3.77908041,-4.95037578,-3.01900918,7523202320.621127,0.201,11232614338.24018
2026-05-15 03:59:52.072254,2026-05-15,3794,58,508456223.146976,508456223.146976,2.813336375842814,73342153.11340526,71059585.1030052,2282568.010400061,-44.067,-0.19182707,0.91959576,8.29147283,15.68289725,7.38922124,-5.04018919,1430458388.1030383,0.0382,1430458388.1094916
2026-05-16 03:40:56.284757,2026-05-16,1,1,20029971.0,20029971.0,110616.79777750734,49949958923.08096,49905821330.48433,44137592.59663343,-18.8407,0.06632949,-2.36485459,-1.53318705,5.47795805,6.00849982,14.07245257,2215651251596.3364,60.1813,2322952753327.66
2026-05-16 03:40:56.284757,2026-05-16,1027,2,120685841.08603077,120685841.08603077,3116.0773373468787,22431136158.60319,22280852247.608475,150283910.994692,-14.0552,0.07126309,-1.91936548,-3.70557057,-5.60960578,-4.12797081,9.00464233,376066414346.8273,10.2146,376066414346.82336
2026-05-16 03:40:56.284757,2026-05-16,1839,4,134785393.75,134785393.75,931.2709976122916,2211643308.498628,2179259093.452711,32384215.0459172,-7.2555,-0.50013436,-2.26894447,1.87117202,6.59202522,-1.73131722,5.82847959,125521728101.12802,3.4094,125521728101.1348
2026-05-16 03:40:56.284757,2026-05-16,5426,7,578119499.8235959,626486496.8205094,124.6027926644802,5133506229.486955,5133501195.200618,5034.286335424866,-11.8981,0.10102672,-3.08628578,-4.72022104,4.47257955,-5.50215932,1.76616025,72035304171.81252,1.9566,78061967070.41971
2026-05-16 03:40:56.284757,2026-05-16,52,5,61829045420.0,99985666473.0,2.0074200434672846,3319272673.801517,3317154958.7185297,2117715.082987838,-41.5202,-0.04990735,-3.30451667,0.41529784,1.98045104,-7.44795378,-5.01370229,124116865044.55711,3.3712,200742004346.73096
2026-05-16 03:40:56.284757,2026-05-16,74,9,154256576383.7052,154256576383.7052,0.1572672336766654,2219139913.646422,2217398767.150687,1741146.4957347093,-37.1544,-0.03296596,-2.7731129,1.66969812,16.87270797,10.48891379,-1.06255427,24259505044.298565,0.6589,24259505044.294376
2026-05-16 03:40:56.284757,2026-05-16,2010,11,36211366780.2301,44993135625.22923,0.3656669263735975,596682382.5107301,595409939.4753791,1272443.035350851,-17.9848,0.11013119,-3.07283125,-5.43254542,5.31978413,-8.62801192,-11.07721667,13241299190.313734,0.3597,16455011686.80922
2026-05-16 03:40:56.284757,2026-05-16,1958,8,94799659400.4675,94799650384.6111,0.4914122781780699,1024954803.2013868,1024868742.2842232,86060.91716366309,0.84,0.01820115,-0.43526246,0.21333718,7.90538219,18.52429891,24.87787746,46585716596.488815,1.2657,46585712165.984
2026-05-16 03:40:56.284757,2026-05-16,5805,26,431771961.1772119,463441061.1772119,13.333302260257426,262141606.4471677,257475690.0352839,4665916.411883847,-20.0255,0.0895223,-3.4141629,-4.479627,0.92686941,-7.90133815,0.2791634,5756946065.879901,0.1564,9543294012.820292
2026-05-16 03:40:56.284757,2026-05-16,11419,19,2689512961.1399155,5180421820.1819935,2.7465801726275227,395155446.54236656,387437924.5344493,7717522.007917188,-32.8712,-0.12702954,-6.35997125,-24.40167151,38.2509583,47.51801139,33.44670814,7386962973.091629,0.2006,14228443857.157797
2026-05-16 03:40:56.284757,2026-05-16,1975,15,727099970.4255477,1000000000.0,14.069523923208438,767705891.5085768,761830039.4573661,5875852.051210919,-29.371,-0.02214181,-3.41337528,-4.6222193,8.3217244,2.33579892,12.10613155,10229950428.46639,0.2779,14069523923.201904
2026-05-16 03:40:56.284757,2026-05-16,5994,28,589243300700292.6,589499918992783.9,8.563170877317e-06,160490228.0444506,160412757.31457654,77470.72987410192,-3.472,-0.0299428,-3.23726314,-5.5944529,1.20996428,-0.53300272,-10.74876021,5045791072.210993,0.1371,5048440471.324577
2026-05-16 03:40:56.284757,2026-05-16,6636,35,1683957209.080674,1683957209.080674,1.8303276972972784,201367407.1040005,201283875.4788303,83531.62517024153,-23.1394,-0.02089104,-3.57871081,-4.92020741,9.32449196,-18.29446073,-6.21124735,3082193520.843781,0.0837,3843688164.326552
2026-05-16 03:40:56.284757,2026-05-16,28321,60,10643999454.503134,10643999464.503134,0.1278774984460914,71841445.1829096,71820453.06262636,20992.12028321514,-14.3346,-0.02310023,-3.07957909,-11.0241629,6.06743034,-9.19019421,-15.30400092,1361128023.703423,0.037,1361128024.9874654
2026-05-16 03:40:56.284757,2026-05-16,2,22,77173539.48347135,84000000.0,79.93824075218267,418992620.3084417,418935850.41156775,56769.89687394357,-7.3622,0.02978125,-1.41085076,-2.65302207,3.54092339,-1.59737453,3.21976598,6169116978.927808,0.1676,6714812223.185679
2026-05-16 03:40:56.284757,2026-05-16,1831,13,20035096.875,20035096.875,597.2965679493359,407378731.6539702,407360503.4499384,18228.204031756875,15.226,0.39258043,-2.04055509,-5.6529055,-3.55407613,-10.07163808,-23.40545751,11966894601.969963,0.3251,12543227926.930178
2026-05-16 03:40:56.284757,2026-05-16,7083,34,635959562.7428479,895594420.0329479,5.0229769150613945,297096652.0920588,296505254.3914421,591397.7006165902,-24.3375,0.07677384,-3.12279955,-3.91812937,11.13851507,-11.89606877,0.52564908,3194410202.569864,0.0868,4498550097.08966
2026-05-16 03:40:56.284757,2026-05-16,6535,39,1295602646.0,1295602646.0,2.1641987849890096,295791375.0665265,295772758.05422485,18617.012301623472,-8.3942,0.30777689,-1.39866236,-2.58984375,8.69949481,6.49793062,45.74223957,2803941672.301746,0.0762,2803941672.3057766
2026-05-16 03:40:56.284757,2026-05-16,512,20,33490243532.08992,50001786863.25703,0.2164838977373599,209858577.8384488,209628293.0023344,230284.83611443563,-12.2449,-0.14793613,-4.07799902,-7.14793923,-3.05877559,-12.38839171,-11.05965591,7250098456.000235,0.1969,10824586032.569263
2026-05-16 03:40:56.284757,2026-05-16,3794,57,508630655.868308,508630655.868308,2.7075652868461786,64248898.28105503,63163015.00790383,1085883.2731512026,-12.9897,0.34980618,-4.14836817,-2.39229258,8.93550134,-0.58768109,-9.96814855,1377150707.6548352,0.0374,1377150707.6561708
2026-05-17 04:00:12.819708,2026-05-17,1,1,20030428.0,20030428.0,109025.78379335848,36511127197.53129,36479856895.38276,31270302.14852854,-26.5458,0.14482377,-1.39009066,-3.47926699,4.46959679,4.66502982,14.02804231,2183833112416.434,60.1942,2289541459660.5293
2026-05-17 04:00:12.819708,2026-05-17,1027,2,120685788.7944472,120685788.7944472,3048.319565081029,16529779203.511087,16438424870.79396,91354332.7171327,-25.6237,0.35742895,-2.10066144,-6.32437413,-6.29278563,-6.88703382,11.35809905,367888851209.3502,10.1396,367888851209.3468
2026-05-17 04:00:12.819708,2026-05-17,1839,4,134785352.05,134785352.05,912.8639503380508,1944201197.4960668,1904375134.349683,39826063.14638408,-12.0078,0.28446587,-1.83281563,0.80671333,3.72003359,-3.08596561,6.49196457,123040688920.0679,3.3912,123040689321.7233
2026-05-17 04:00:12.819708,2026-05-17,5426,7,578162698.004964,626485798.3803455,120.91780379300212,4477268874.622858,4477238230.652225,30643.97063247061,-12.596,0.62278849,-2.88764392,-7.42944066,-1.4120187,-9.09242002,1.63763487,69910163677.79698,1.9268,75753286847.66159
2026-05-17 04:00:12.819708,2026-05-17,52,5,61829045420.0,99985666473.0,1.97355350309226,2375253042.024245,2374006266.302003,1246775.7222423677,-28.1096,0.29552698,-1.63709928,-0.43257905,-1.50630572,-8.15998485,-3.39003006,122022929181.49144,3.3631,197355350309.22318
2026-05-17 04:00:12.819708,2026-05-17,74,9,154270356383.70523,154270356383.70523,0.1526824089810726,1464726933.9581206,1462686219.226868,2040714.7312529923,-33.7781,0.54344168,-2.9613964,0.65417334,11.64911791,8.05220354,6.93258969,23554369647.03271,0.6491,23554369647.026814
2026-05-17 04:00:12.819708,2026-05-17,2010,12,36211366780.2301,44993135625.22923,0.3555651532163277,468953993.9172912,468389924.62457305,564069.2927181105,-21.0819,0.41224634,-2.66915034,-5.85638169,-0.3657928,-12.79810511,-9.20438064,12875500177.385157,0.3548,16000431894.728289
2026-05-17 04:00:12.819708,2026-05-17,1958,8,94801049778.4953,94801045995.0916,0.4948536447266549,1026600248.635532,1026436812.8186504,163435.8168815317,0.4981,0.02841845,0.70862814,0.85324963,8.72029423,15.54844455,26.60573225,46912645006.80144,1.2928,46912643134.57598
2026-05-17 04:00:12.819708,2026-05-17,5805,26,431771961.1772119,463441061.1772119,12.966413727559072,223688072.88335127,221028661.64645025,2659411.23690102,-14.287,0.56403585,-2.69284183,-6.44377063,-3.05738223,-10.11554696,0.47332499,5598533884.583303,0.1543,9280694015.5185
2026-05-17 04:00:12.819708,2026-05-17,11419,19,2690102006.217659,5181005209.812377,2.658943727510063,337713368.7501532,332633278.63617665,5080090.113976628,-14.3346,1.38518091,-3.16623961,-25.39497991,33.08345386,40.6886024,30.6451636,7152829855.794681,0.1971,13776001304.823254
2026-05-17 04:00:12.819708,2026-05-17,1975,16,727099970.4255477,1000000000.0,13.5897179002118,788443451.7552938,782572869.9793679,5870581.775925987,2.9331,0.78182384,-3.3816961,-6.14655833,3.11318843,-1.75152853,11.17677307,9881083483.335535,0.2723,13589717900.211708
2026-05-17 04:00:12.819708,2026-05-17,5994,29,589243299523995.4,589499917816486.5,8.130616370908e-06,169875387.02493626,169820152.86902857,55234.15590771384,6.0475,0.55297673,-5.03157561,-8.93898308,-5.84358531,-5.66486,-11.68191921,4790911217.557793,0.1321,4793426796.199688
2026-05-17 04:00:12.819708,2026-05-17,6636,35,1684091552.981533,1684091552.981533,1.7707969991014845,176962419.5923288,176909532.64761195,52886.94471682313,-11.9626,0.57367278,-3.12190759,-5.25920063,-2.29430276,-22.63564011,-6.40841737,2982184268.2318573,0.0822,3718673698.118064
2026-05-17 04:00:12.819708,2026-05-17,28321,57,10644576947.30374,10644576957.30374,0.1276047905165481,55906002.40100402,55848490.32710357,57512.07390044763,-22.0295,0.61439595,-0.11401064,-10.20051423,2.27177754,-8.81035237,-14.53227164,1358299011.4979715,0.0374,1358299012.7757618
2026-05-17 04:00:12.819708,2026-05-17,2,22,77177276.98347135,84000000.0,78.54506941996259,321587292.1886387,321537745.6021056,49546.58653310826,-23.0945,0.45973903,-1.68790373,-3.04541568,0.99952877,-3.80071777,3.22692172,6061894578.310438,0.1671,6597785831.281635
2026-05-17 04:00:12.819708,2026-05-17,1831,14,20035531.25,20035531.25,580.2232969636378,434105601.8387973,434105601.8387973,0.0,6.094,0.37773019,-2.81951844,-7.82265939,-7.70684195,-11.90302873,-26.11091172,11625081998.292995,0.3205,12184689236.235691
2026-05-17 04:00:12.819708,2026-05-17,7083,34,635941562.7428479,895576420.0329479,4.879114737848037,265168896.47502077,263595742.5878706,1573153.8871502287,-10.8788,0.67712895,-2.73847742,-5.9415881,3.7947914,-12.58548673,-0.77485617,3102831851.1887417,0.0855,4369620109.854852
2026-05-17 04:00:12.819708,2026-05-17,6535,38,1295709859.0,1295709859.0,2.1025048058859537,272385473.6501587,272364580.3408081,20893.30935055543,-7.9589,1.15431323,-3.07605457,-3.40172804,6.59082423,3.03192819,43.34375289,2724236205.581311,0.0751,2724236205.5763164
2026-05-17 04:00:12.819708,2026-05-17,512,20,33490237538.99865,50001786863.25703,0.2117813697274213,146928930.9071481,146809992.1371913,118938.76995681589,-29.8784,0.60571513,-2.14566184,-6.17679692,-9.06472662,-14.13073133,-10.33664928,7092608378.505838,0.1955,10589451135.49495
2026-05-17 04:00:12.819708,2026-05-17,3794,55,508807388.66206,508807388.66206,2.881157158607621,110541538.865744,106911051.21632838,3630487.649415576,72.4204,2.09653245,6.31978483,7.52607811,13.99366671,3.32326424,-3.84144811,1465954050.1961443,0.0404,1465954050.1989458
2026-05-18 04:12:55.244823,2026-05-18,1,1,20030493.0,20030493.0,107801.10330735458,33959645521.778797,33928987624.57503,30657897.20376024,-7.1929,-0.00067199,-1.39087734,-4.64949486,-0.24804998,8.55423768,12.18281823,2159309245190.243,60.1489,2263823169454.444
2026-05-18 04:12:55.244823,2026-05-18,1027,2,120685747.42874296,120685747.42874296,2969.1625197666035,17250354120.5978,17155336022.613384,95018097.9844296,3.2637,-0.11712493,-2.92556756,-8.97825845,-12.07036034,-3.73495382,6.5809627,358335597935.44244,9.9817,358335597935.44904
2026-05-18 04:12:55.244823,2026-05-18,1839,4,134785317.3,134785317.3,901.6952790090792,1667596722.0099173,1631425161.511857,36171560.49806037,19.8378,-0.26782024,-1.57706935,-1.17849562,0.21285702,-1.14190158,2.67672792,121535284289.15076,3.3854,121535284947.3918
2026-05-18 04:12:55.244823,2026-05-18,5426,7,578281513.6845336,626616943.6053939,119.01655263661624,4370379478.637067,4370364564.086503,14914.550563418015,-2.4386,-0.25897971,-1.92928329,-10.18378646,-4.07193405,-5.99197423,-1.45172793,68825072212.2174,1.9172,74577788451.60843
2026-05-18 04:12:55.244823,2026-05-18,52,5,61829045420.0,99985666473.0,1.9520028556553275,2353135470.977509,2351739696.550455,1395774.4270540243,-0.2643,-0.29701627,-1.46565864,-3.69456844,-5.10210402,-5.15344206,-5.84929214,120690473222.28294,3.3619,195200285565.5299
2026-05-18 04:12:55.244823,2026-05-18,74,9,169996293126.5791,169996293126.5791,0.1491313456773466,1668792059.7261198,1667337214.662768,1454845.063351892,14.3368,-0.53105633,-2.78117886,-2.29826643,7.88340746,11.70210915,6.10589975,25351775954.12741,0.7062,25351775954.12049
2026-05-18 04:12:55.244823,2026-05-18,2010,12,36211366780.2301,44993135625.22923,0.3508354735088407,515206656.120842,514489225.4955724,717430.6252695799,9.8385,-0.69979513,-1.81067568,-9.17141425,-2.84960361,-8.50142356,-12.56266086,12704232010.744331,0.3539,15787596307.90365
2026-05-18 04:12:55.244823,2026-05-18,1958,8,94802644926.66447,94802643002.1346,0.4997166204926184,904352644.84311,904270473.5303892,82171.31272087817,-12.0175,0.17163995,0.71701156,1.96296359,9.09037138,17.21180199,25.51509341,47374457336.51446,1.3196,47374456374.79635
2026-05-18 04:12:55.244823,2026-05-18,5805,26,431771961.1772119,463441061.1772119,12.885854999367874,236262403.93714347,230896333.27311903,5366070.664024415,5.3566,-0.1920526,-1.04714049,-8.02605917,-4.76519526,-4.64352106,-0.16201056,5563750884.522247,0.155,9223034209.013147
2026-05-18 04:12:55.244823,2026-05-18,11419,19,2690678882.419662,5181586282.44715,2.7262194994177,377905760.6089203,372784348.45265806,5121412.156262223,11.3303,0.20303568,1.79195371,-15.64697292,38.77825115,51.12704627,35.36165084,7335381235.923905,0.2043,14126141561.121742
2026-05-18 04:12:55.244823,2026-05-18,1975,16,727099970.4255477,1000000000.0,13.339764162039897,779892337.6859049,773759543.250526,6132794.435378807,-1.9067,-0.48206834,-2.25460561,-9.17556176,-0.61300865,3.25652189,6.67726209,9699342127.70299,0.2702,13339764162.046328
2026-05-18 04:12:55.244823,2026-05-18,5994,29,589243293975626.4,589499912268117.5,8.00800327713e-06,188374054.60310608,188255489.96926767,118564.63383843291,10.4567,-0.67980153,-1.95476875,-11.85965641,-9.1696637,-1.56977349,-12.39292597,4718662229.183512,0.1314,4721139916.266837
2026-05-18 04:12:55.244823,2026-05-18,6636,37,1684236957.057894,1684236957.057894,1.7373683469644352,179903698.1116654,179870354.80941442,33343.302251029585,1.6696,-0.30406527,-2.35675652,-7.50191434,-6.58716278,-20.22384404,-9.67234342,2926139977.980084,0.0815,3648473528.6186576
2026-05-18 04:12:55.244823,2026-05-18,28321,56,10645154471.436363,10645154481.436363,0.1279743049408328,61110356.02003443,61046355.25972447,64000.760309951416,9.1016,-0.15350427,-0.17765454,-11.46511457,1.31839538,-5.45202143,-14.76474123,1362306244.4698677,0.0379,1362306245.7544043
2026-05-18 04:12:55.244823,2026-05-18,2,24,77181076.98347135,84000000.0,75.90927371475715,377429929.7565032,377357353.1987999,72576.55770337957,17.4963,-0.26455336,-3.66667536,-7.50637241,-3.80673544,-2.98147871,-1.77684032,5858759498.33807,0.1632,6376378992.042786
2026-05-18 04:12:55.244823,2026-05-18,1831,14,20036015.625,20036015.625,539.6920025046376,397609975.7168584,397589375.1182517,20600.5986067,-7.9614,-0.34087647,-7.28525839,-14.8838186,-15.25170964,-15.7948607,-31.94814283,10813277394.87046,0.3012,11333532052.592342
2026-05-18 04:12:55.244823,2026-05-18,7083,34,635905562.7428479,895540420.0329479,4.813292962881588,299560704.27765816,297251893.04195946,2308811.2356987684,12.9514,-0.57910602,-1.84995969,-12.07764841,-0.53494831,-6.55613322,-4.20741882,3060799770.2074065,0.0853,4310498401.718715
2026-05-18 04:12:55.244823,2026-05-18,6535,38,1295790332.0,1295790332.0,2.110942629011517,266628062.73007447,266610450.9850468,17611.745027710618,-1.9546,-0.47406292,-0.11618287,-1.0426333,7.44955443,9.13307848,42.85250259,2735339050.079787,0.0762,2735339050.082037
2026-05-18 04:12:55.244823,2026-05-18,512,20,33504231579.074013,50001786863.25703,0.209560454257173,146239072.60116193,146125703.23430842,113369.3668534554,0.2785,-0.33762519,-1.37331234,-9.59664009,-14.6281958,-11.53956079,-10.81191515,7021161989.248271,0.1956,10478401349.200949
2026-05-18 04:12:55.244823,2026-05-18,3794,55,509151299.872815,509151299.872815,2.8555087716382115,103701662.78068686,101772781.62980609,1928881.150880759,-7.2835,-0.98526335,-0.77922295,2.78311266,11.09473185,6.99480921,-10.50131656,1453886002.8778207,0.0405,1453886002.8734903
2026-05-19 04:07:04.468388,2026-05-19,1,1,20031303.0,20031303.0,107538.56462638691,54518625124.73351,54475377906.43411,43247218.299401484,60.6621,0.25292646,-0.17560022,-5.24313121,1.49102923,8.43131685,13.77412085,2154137572216.238,60.0465,2258309857154.124
2026-05-19 04:07:04.468388,2026-05-19,1027,2,120685699.90925328,120685699.90925328,2986.444437716437,25418528681.46487,25260217560.722984,158311120.74189118,47.377,0.43126343,0.62448758,-7.61530936,-9.02459912,-1.00443435,6.88825464,360421137205.9046,10.0467,360421137205.90497
2026-05-19 04:07:04.468388,2026-05-19,1839,4,134785280.47,134785280.47,899.8405628004386,1866511519.995808,1823583420.023504,42928099.972304754,11.9988,0.18454852,-0.1813958,-2.95848721,3.01387202,-0.31037303,3.88813004,121285262635.33977,3.3808,121285262635.3446
2026-05-19 04:07:04.468388,2026-05-19,5426,7,578277956.2793019,626616253.2672975,119.09167084483144,4871002112.515557,4870981433.151569,20679.36398796124,11.6395,0.31405134,0.11789269,-11.52633423,-0.78486794,-5.10406362,-0.34881284,68868088026.03644,1.9197,74624776580.13591
2026-05-19 04:07:04.468388,2026-05-19,52,5,61829045420.0,99985666473.0,1.936695811129696,2859073522.823744,2857153112.98278,1920409.8409622367,21.6983,0.31455084,-0.76872685,-5.26386904,-3.38627403,-4.85415761,-6.53930376,119744053271.0617,3.3379,193669581112.97305
2026-05-19 04:07:04.468388,2026-05-19,74,9,170009603126.57907,170009603126.57907,0.1461394292681514,1833465688.763036,1832079365.8422687,1386322.9207676195,9.8311,0.2410866,-2.00944106,-5.19481244,10.0669443,10.7913953,3.14360968,24845106371.0232,0.6926,24845106371.027218
2026-05-19 04:07:04.468388,2026-05-19,2010,13,36211366780.2301,44993135625.22923,0.3522813648056886,596694192.574505,595893155.7306496,801036.8438552882,15.7803,0.32481042,0.43651665,-9.18096729,1.22860164,-6.83858258,-11.00491592,12756589710.818834,0.3556,15852661416.251448
2026-05-19 04:07:04.468388,2026-05-19,1958,8,94802855616.1487,94802852763.7244,0.4997631405706326,1142915277.9804473,1142805292.8747032,109985.10574400028,26.2443,0.13581364,0.05044481,2.33101209,8.71781992,17.31813138,26.84551205,47378972857.79071,1.3207,47378971432.26109
2026-05-19 04:07:04.468388,2026-05-19,5805,26,431771961.1772119,463441061.1772119,12.93165582063671,245377421.76499292,237414849.31443185,7962572.450561147,3.819,0.32152548,0.38456619,-7.7214986,-0.754516,-3.4706764,1.40578077,5583526394.94502,0.1556,9255816088.169945
2026-05-19 04:07:04.468388,2026-05-19,11419,18,2691234829.088172,5182144326.809867,2.8194577872302893,556973917.2820656,548355691.2389491,8618226.043116543,47.1425,1.02823432,3.49020754,-14.34934207,57.39861688,66.18697804,41.44770712,7587822996.138023,0.2115,14610837176.773369
2026-05-19 04:07:04.468388,2026-05-19,1975,16,727099970.4255477,1000000000.0,13.580483988473867,842650927.6784205,831539694.5411947,11111233.137225227,8.0662,0.58431646,1.88743243,-7.25527993,4.79771863,6.25033173,9.31633485,9874369506.383974,0.2752,13580483988.476295
2026-05-19 04:07:04.468388,2026-05-19,5994,29,589243293475626.4,589499911768117.5,8.076229096498e-06,146012600.81063995,145925244.1468691,87356.66377084024,-22.5598,0.47412997,0.93269197,-11.97670745,-4.34598332,-3.8730127,-11.36324354,4758863831.684235,0.1327,4761362631.967709
2026-05-19 04:07:04.468388,2026-05-19,6636,36,1684485442.2210512,1684485442.2210512,1.7497292181525943,208547298.38112256,208500781.63480067,46516.74632184935,16.1653,0.6104701,0.81162331,-7.24904404,-1.77955474,-18.48524666,-7.75164952,2947393395.806867,0.0822,3674431358.122471
2026-05-19 04:07:04.468388,2026-05-19,28321,56,10645732107.120913,10645732117.120913,0.1273650518959851,71048469.62526031,70990684.0721134,57785.55314692554,16.8454,0.4417593,-0.23840245,-10.44018595,1.86389908,-7.04737749,-15.93059181,1355894222.2942102,0.0378,1355894223.5699437
2026-05-19 04:07:04.468388,2026-05-19,2,25,77184820.73347135,84000000.0,76.08592743832239,402170185.0661007,402118621.82613313,51563.23996761519,6.568,0.27488473,0.27998364,-6.39326228,-2.39288677,-2.83657694,0.16254587,5872678669.666822,0.1637,6391217904.819726
2026-05-19 04:07:04.468388,2026-05-19,1831,14,20036378.125,20036378.125,532.3551530221526,1160314660.695303,1160168374.032229,146286.66307422036,192.6393,0.27509917,-1.38615388,-14.64137995,-14.63942216,-18.22268832,-32.64235451,10666469142.744087,0.2973,11179458213.461
2026-05-19 04:07:04.468388,2026-05-19,7083,34,635863562.7428479,895498420.0329479,4.947321230787047,346125271.26563907,343871648.9626153,2253622.30302367,15.6387,0.19384091,2.86922193,-7.27051279,6.88114577,-2.1545413,-0.24604816,3145821303.841583,0.0877,4430318345.56761
2026-05-19 04:07:04.468388,2026-05-19,6535,37,1295870771.0,1295870771.0,2.260844127027444,388220694.27087337,388187481.2520352,33213.01883817376,45.8316,0.56145653,7.33419251,6.05709539,19.889113,19.88983898,54.01774444,2929761822.0018764,0.0817,2929761821.9949937
2026-05-19 04:07:04.468388,2026-05-19,512,20,33505709238.667664,50001786863.25703,0.2057011213292568,159860951.47062066,159715333.95138404,145617.5192366436,9.451,0.31529556,-1.83393967,-11.60989387,-14.08474963,-12.04192293,-11.69587727,6892161961.325979,0.1921,10285427729.714674
2026-05-19 04:07:04.468388,2026-05-19,3794,55,509151299.872815,509151299.872815,2.882719876514924,84506218.83807692,82377497.85174233,2128720.9863346023,-18.7892,0.35951194,0.98115107,2.00380624,15.93303599,14.14521407,-9.60138327,1467740572.296774,0.0409,1467740572.300915
2026-05-20 04:07:48.352444,2026-05-20,1,1,20031775.0,20031775.0,107914.29080796384,35838871572.92986,35797170016.658005,41701556.27185481,-34.5455,0.1983015,-0.06205262,-5.52550422,2.88455629,8.38345368,14.53610044,2161714792749.7,60.2246,2266200106967.247
2026-05-20 04:07:48.352444,2026-05-20,1027,2,120685660.61051142,120685660.61051142,2969.866783353993,16147622774.42848,16061173627.135864,86449147.29260068,-36.746,0.28902975,-0.98237088,-8.29500659,-7.54161114,-2.16310347,6.81854134,358420334674.2912,9.9855,358420334674.2976
2026-05-20 04:07:48.352444,2026-05-20,1839,4,134785239.61,134785239.61,900.0795255416396,1537798803.9854,1496159881.768943,41638922.21645756,-17.9684,0.27313385,-0.42367513,-5.95027829,2.94370511,-0.50270894,5.18825739,121317434518.185,3.3799,121317434518.17989
2026-05-20 04:07:48.352444,2026-05-20,5426,7,577790214.3598998,626747309.5146472,118.272480817997,3780354102.622083,3780330348.844019,23753.778064191043,-22.7241,0.23228943,-1.11456882,-12.02743672,-0.56193317,-7.30830966,2.72121443,68336682044.70762,1.9038,74126959142.29727
2026-05-20 04:07:48.352444,2026-05-20,52,5,61829045420.0,99985666473.0,1.907505543242408,2693703743.8159447,2692550851.0380745,1152892.7778703668,-6.1888,0.43379266,-1.93040336,-6.6319951,-3.89309704,-6.28210809,-5.1135432,117939246872.03662,3.2857,190750554324.2433
2026-05-20 04:07:48.352444,2026-05-20,74,9,154311336383.7052,154311336383.7052,0.1445947526890667,1011039954.887494,1010235280.9183432,804673.9691507608,-45.092,0.33394424,-1.49478665,-7.91475218,9.08852751,8.45322653,3.95701625,22312609521.52124,0.6216,22312609521.52336
2026-05-20 04:07:48.352444,2026-05-20,2010,13,36214956112.65022,44993036738.41071,0.3491242052917796,449703667.0593759,449200138.0282289,503529.0311468125,-24.958,0.47431322,-1.32201254,-9.50261687,1.01163216,-6.84959692,-9.86775458,12643517772.505686,0.3522,15710589238.135786
2026-05-20 04:07:48.352444,2026-05-20,1958,8,94803316119.9676,94803313478.9924,0.4999625029344428,862529336.4221255,862478873.9695605,50462.45256510767,-24.8568,-0.12465402,-0.38993923,1.82726171,6.84429363,14.94458257,26.88884287,47398103213.82421,1.3205,47398101893.43884
2026-05-20 04:07:48.352444,2026-05-20,5805,26,431771961.1772119,463441061.1772119,12.818519897292576,173413003.50670597,168521774.74146384,4891228.765242114,-29.6317,0.33343014,-1.30077599,-9.18861103,-0.49512538,-5.04397604,2.13328609,5534677475.443128,0.1542,9174839195.96706
2026-05-20 04:07:48.352444,2026-05-20,11419,19,2691800380.535841,5182713587.266992,2.720939281499958,430603883.48684216,424408024.8592823,6195858.627559724,-23.0433,-0.16125399,-3.95694779,-16.09815865,48.39640181,55.19733003,36.44267587,7324225393.356505,0.2041,14101848984.351645
2026-05-20 04:07:48.352444,2026-05-20,1975,16,727099970.4255477,1000000000.0,13.346269913077087,782420122.5233923,773663281.912864,8756840.610528283,-7.5657,0.4964341,-2.24388086,-9.4269865,3.20129717,3.73233528,9.21305204,9704072459.089727,0.2704,13346269913.072302
2026-05-20 04:07:48.352444,2026-05-20,5994,29,589243272327021.4,589499899559984.4,8.030997515916e-06,94293132.9906994,94255768.09572102,37364.89497837203,-35.7044,0.3088205,-1.04506884,-12.09379299,-4.52992485,-5.02381577,-9.58185354,4732211256.328332,0.1318,4734696231.7287655
2026-05-20 04:07:48.352444,2026-05-20,6636,36,1684550044.0580225,1684550044.0580225,1.7274454111514932,111451443.32747632,111425884.10420272,25559.22327356558,-46.7697,0.51002208,-1.66702013,-12.26564799,-2.66479914,-18.86049458,-6.82914419,2909968243.463076,0.0811,3627635363.424017
2026-05-20 04:07:48.352444,2026-05-20,28321,57,10646309533.481882,10646309543.481882,0.1264101423851914,57051528.03498882,56999294.05993593,52233.97505288006,-20.0456,0.21397906,-1.17618005,-9.82070791,0.33801017,-7.57686924,-16.53212392,1345801504.0042658,0.0375,1345801505.2715125
2026-05-20 04:07:48.352444,2026-05-20,2,25,77188433.23347135,84000000.0,75.69147690758207,371455763.6480737,371395517.2523212,60246.39575253151,-8.034,0.37542049,-0.94585945,-8.1120162,-1.51404926,-4.40230084,0.37633843,5842506511.623736,0.1628,6358084060.235658
2026-05-20 04:07:48.352444,2026-05-20,1831,14,20036759.375,20036759.375,520.2126553131498,696459305.6849933,696409986.5231724,49319.16182093552,-40.2346,0.1617248,-2.7007608,-16.59136501,-15.68644614,-21.56759928,-33.65245267,10423375798.339396,0.2904,10924465761.575209
2026-05-20 04:07:48.352444,2026-05-20,7083,34,635839562.7428479,895474420.0329479,4.872366752923271,219800965.7557644,218473528.44937512,1327437.3063892347,-36.7855,0.56106507,-2.10815599,-9.66666078,5.68060345,-3.99485533,1.15812122,3098043545.7015224,0.0863,4363079792.266891
2026-05-20 04:07:48.352444,2026-05-20,6535,37,1295978317.0,1295978317.0,2.2432529585592937,374432321.4168409,374386818.8250066,45502.59183433007,-3.9661,0.70787647,-1.20439578,-5.07430702,17.51652092,21.10692959,56.93983913,2907207193.8389444,0.081,2907207193.8383822
2026-05-20 04:07:48.352444,2026-05-20,512,20,33521241741.86141,50001786863.25703,0.2013079975406921,183599774.0063531,183469019.2297094,130754.77664370809,14.3744,0.40818065,-2.61294503,-12.94623803,-14.89282344,-13.73678717,-11.53386731,6748094050.131582,0.188,10065763602.73352
2026-05-20 04:07:48.352444,2026-05-20,3794,56,509332279.253952,509332279.253952,2.819318988273168,68154224.64742659,67041279.616874896,1112945.0305516794,-19.6889,-0.14176884,-2.59491722,-6.52480046,12.32378939,8.80057,-14.28317816,1435970166.2411184,0.04,1435970166.246863
2026-05-21 04:16:36.991105,2026-05-21,1,1,20032253.0,20032253.0,109373.09794903192,38029992002.94592,37984278280.76417,45713722.18174333,6.6837,0.00999893,1.54837101,-1.65635587,2.96638374,12.23726512,15.80162397,2190989569508.7888,60.0956,2296835056929.6743
2026-05-21 04:16:36.991105,2026-05-21,1027,2,120685618.49909768,120685618.49909768,3008.224204983694,17032562718.994152,16940831262.689651,91731456.30449356,5.7723,0.08122884,1.4858484,-4.69119427,-7.1400475,1.28359508,10.06215555,363049398762.4136,9.9579,363049398762.40967
2026-05-21 04:16:36.991105,2026-05-21,1839,4,134785131.9,134785131.9,918.023394082857,1613282069.6308577,1577429264.3423748,35852805.28848298,5.3017,0.11884026,2.25894689,-2.00609292,3.85481064,2.90707943,7.73569604,123735904258.74356,3.3939,123735905883.65068
2026-05-21 04:16:36.991105,2026-05-21,5426,7,577862215.294056,626746616.7643284,121.93335988185122,5045525501.626709,5045470585.125124,54916.50158524892,33.8087,0.34349126,3.35658904,-3.66427969,1.92884753,-2.24893083,4.90143499,70460681459.57393,1.9326,76421320776.66017
2026-05-21 04:16:36.991105,2026-05-21,52,5,61829045420.0,99985666473.0,1.939854115306028,2229633963.222379,2228483015.9042654,1150947.318113557,-16.9451,0.11783229,1.93590209,-2.99440419,-3.14620378,-2.52660125,-1.90684558,119939328203.43031,3.2898,193985411530.60938
2026-05-21 04:16:36.991105,2026-05-21,74,9,170037143126.57907,170037143126.57907,0.1484230554321389,1005470119.5631672,1004310527.4990246,1159592.0641425694,-1.3558,0.6666853,3.16204256,-6.04781828,11.24964522,14.46499361,7.04881091,25237432319.798782,0.6922,25237432319.80456
2026-05-21 04:16:36.991105,2026-05-21,2010,13,36214956112.65022,44993036738.41071,0.3536706121635576,511990236.0074319,511102386.6996789,887849.3077530698,14.0076,0.41798496,1.60723302,-4.43008493,1.92024547,-2.61603648,-7.74173627,12808165697.83738,0.3513,15915177547.360865
2026-05-21 04:16:36.991105,2026-05-21,1958,8,94803905145.6428,94803898619.4807,0.5039738582546509,967464619.3193434,967409188.9703494,55430.34899432508,12.4574,-0.12051452,0.99747015,2.55421609,9.20841906,16.13884283,26.59919421,47778689853.85755,1.3105,47778686564.84075
2026-05-21 04:16:36.991105,2026-05-21,5805,25,431771961.1772119,463441061.1772119,13.159016079180605,356027731.5267506,351086713.9694317,4941017.557318913,106.6119,0.17880908,2.90312694,-3.10593878,1.01839331,0.9107713,4.94355222,5681694179.670276,0.1558,9418548901.970877
2026-05-21 04:16:36.991105,2026-05-21,11419,18,2692379328.9683924,5183295290.061912,2.8936722639940937,495939918.0919288,489123768.3754532,6816149.716475464,17.0809,0.92344118,6.58100673,-1.37827686,52.12333391,62.66064453,51.72449528,7790863388.386867,0.2137,14998757816.941525
2026-05-21 04:16:36.991105,2026-05-21,1975,16,727099970.4255477,1000000000.0,13.68628775025144,897156512.334178,889767769.3403983,7388742.993779823,14.8468,0.2771335,2.80899794,-3.85581274,4.99504668,9.24141216,13.58536634,9951299418.443356,0.2729,13686287750.25808
2026-05-21 04:16:36.991105,2026-05-21,5994,29,589243269922687.6,589499897155650.5,8.19522724091e-06,85136549.29592377,85060964.87434846,75584.42157529843,-9.4024,0.36369524,2.36604082,-6.41472962,-2.6388397,-0.44177925,-6.24458963,4828982497.19339,0.1325,4831518308.750276
2026-05-21 04:16:36.991105,2026-05-21,6636,37,1684779713.8022833,1684779713.8022833,1.7896898751774362,136590395.96580833,136549694.7650525,40701.2007559063,23.1763,0.56781255,3.92064361,-3.38869479,0.1082013,-13.51037264,-0.82887912,3015233195.696285,0.0827,3758348737.87174
2026-05-21 04:16:36.991105,2026-05-21,28321,58,10646887312.070229,10646887322.070229,0.1285610240627202,74934197.87052834,74914836.35257633,19361.517952018687,32.1895,0.18223432,1.95958946,-3.01448041,-0.39709712,-3.55448861,-12.87126886,1368774735.9201305,0.0375,1368774737.199761
2026-05-21 04:16:36.991105,2026-05-21,2,24,77192145.73347135,84000000.0,76.4092151039743,346369369.575452,346316907.4467733,52462.12867868489,-6.4721,0.24452547,1.22040782,-4.2250974,-0.7600635,-0.69860601,2.33784954,5898191267.686145,0.1618,6418374068.731373
2026-05-21 04:16:36.991105,2026-05-21,1831,14,20037203.125,20037203.125,532.9607550372101,601049932.8295753,601030813.4262311,19119.403344085986,-13.3237,-0.22973791,2.85852825,-12.05430986,-14.08330561,-18.47703239,-32.32894251,10679042906.333946,0.2929,11192175855.785349
2026-05-21 04:16:36.991105,2026-05-21,7083,34,635813562.7428479,895448420.0329479,5.131108488407631,329650669.3350248,326462345.9458372,3188323.3891877355,50.2023,0.1249545,5.55918902,2.04264093,12.85981982,3.88447307,7.93192074,3262428368.8345246,0.0895,4594642988.96071
2026-05-21 04:16:36.991105,2026-05-21,6535,36,1296058389.0,1296058389.0,2.438809767572486,506844803.9592824,506792065.00433576,52738.95494651886,35.9317,-0.28100319,8.94465621,12.09389604,28.18797636,33.76128472,72.25998807,3160839858.4374604,0.0867,3160839858.436214
2026-05-21 04:16:36.991105,2026-05-21,512,20,33521235628.22501,50001786863.25703,0.2063283431973969,151257336.56074622,151030668.06848836,226668.49225785723,-17.4279,0.6510356,2.81409906,-7.41382706,-15.78539975,-9.59569216,-8.05473829,6916381009.10122,0.1897,10316789956.39202
2026-05-21 04:16:36.991105,2026-05-21,3794,56,509508157.741498,509508157.741498,2.886951577877932,60912217.16304317,60099178.4907699,813038.6722732708,-10.1929,0.38183773,2.58789903,1.89020803,14.76160195,14.70440588,-9.61173996,1470925379.933496,0.0403,1470925379.938047
2026-05-22 04:11:52.963930,2026-05-22,1,1,20032631.0,20032631.0,108952.6067430959,35448810933.2466,35404759855.43889,44051077.8077104,-7.6902,0.16967287,-0.19385577,-4.02337027,0.24402093,14.11887295,14.97443506,2182607367372.552,60.0913,2288004741605.009
2026-05-22 04:11:52.963930,2026-05-22,1027,2,120685588.47338824,120685588.47338824,2994.748690383568,19349284198.14029,19247322352.18452,101961845.95576768,12.9106,0.07812429,-0.25451045,-5.85688107,-9.65936009,4.14404794,9.1646626,361423008028.8497,9.9507,361423008028.8441
2026-05-22 04:11:52.963930,2026-05-22,1839,4,134785082.75,134785082.75,923.3185534819164,1740571574.1348035,1713951235.824695,26620338.3101085,8.1814,-0.12072118,0.78697717,-3.2123356,3.01810396,5.16943125,5.45820872,124449567635.6704,3.4263,124449568632.85266
2026-05-22 04:11:52.963930,2026-05-22,5426,7,577980940.2958032,626877593.5335621,121.97363664391844,5210932395.921734,5210903362.346791,29033.57494235539,4.1727,-0.04095882,0.23364838,-5.28652887,-0.23258714,0.74003467,3.29197414,70498437198.75061,1.941,76462539813.88196
2026-05-22 04:11:52.963930,2026-05-22,52,5,61829045420.0,99985666473.0,1.922544040602745,2399528122.6256995,2398331185.32186,1196937.3038397972,7.9755,0.06297133,-0.70433994,-7.7695414,-4.99213722,-0.6450672,-3.68676525,118869062808.37744,3.2727,192254404060.27667
2026-05-22 04:11:52.963930,2026-05-22,74,9,154338546383.70526,154338546383.70526,0.148489466576974,1215094794.1599543,1214272443.1255794,822351.0343747825,21.0483,0.09602531,0.14937645,-8.54733337,9.98783476,16.85737572,6.16365104,22917648424.78196,0.631,22917648424.776653
2026-05-22 04:11:52.963930,2026-05-22,2010,13,36214956112.65022,44993036738.41071,0.3534269984221464,599696339.2518198,598325068.5476246,1371270.7041952985,17.3187,0.64375618,0.12155804,-6.46618674,-0.80925785,0.32534717,-10.75781481,12799343236.883732,0.3524,15904214928.998775
2026-05-22 04:11:52.963930,2026-05-22,1958,8,94804714653.43327,94804711169.5307,0.5106716497563893,1152909370.2100964,1152835683.4325209,73686.77757517567,19.6669,0.23141576,1.57805621,3.22668523,9.76050043,18.10779615,28.13744449,48414080036.75252,1.3329,48414078257.61581
2026-05-22 04:11:52.963930,2026-05-22,5805,25,431771961.1772119,463441061.1772119,13.342272576533926,495121029.6529091,489304003.51378727,5817026.139121895,39.8957,0.63859873,1.55989543,-3.45273811,-0.32659834,4.58263831,4.12405264,5760819196.930985,0.1586,9549714505.20606
2026-05-22 04:11:52.963930,2026-05-22,11419,18,2692934322.8895774,5183853001.924047,2.8609817641334803,430003760.46207184,424936007.1712372,5067753.29083457,-13.0711,-0.18181184,-1.28369057,-3.06325378,48.69406226,62.32822785,53.32562156,7704435989.796222,0.2121,14830908906.45548
2026-05-22 04:11:52.963930,2026-05-22,1975,15,727099970.4255477,1000000000.0,13.784567975662895,470173568.1361849,459269777.95127904,10903790.184905548,-47.4467,0.33609359,0.88785949,-5.41733453,3.53537702,13.01579179,10.8729398,10022758967.433443,0.2759,13784567975.661003
2026-05-22 04:11:52.963930,2026-05-22,5994,29,589243269422687.6,589499896655650.5,8.212627233565e-06,90617314.466569,90559789.28384294,57525.182726081,6.7655,0.22232573,0.42975338,-7.37420045,-4.88737767,0.92696687,-8.74863136,4839235321.6559305,0.1332,4841776521.325446
2026-05-22 04:11:52.963930,2026-05-22,6636,37,1684944804.210254,1684944804.210254,1.8510936838266592,207536043.5758553,207460222.64978555,75820.92606970065,53.1692,1.2596222,3.6766818,-2.48599291,2.25402516,-7.68154304,-1.21736378,3118990684.670148,0.0859,3887296736.042145
2026-05-22 04:11:52.963930,2026-05-22,28321,58,10647464881.320984,10647464891.320984,0.1298099387519491,62012597.52263909,61967536.59395772,45060.92868135175,-16.8521,0.36212317,1.16098406,-1.53056496,-1.48513665,-0.96284001,-13.45492455,1382146764.1078067,0.0381,1382146765.4099035
2026-05-22 04:11:52.963930,2026-05-22,2,24,77195676.98347135,84000000.0,76.18749342394297,377887478.1847275,377865139.2112096,22338.97351787549,9.4613,0.17779241,-0.07385762,-6.27768142,-2.70232848,0.79892462,-0.96507379,5881345132.535049,0.1619,6399749447.61206
2026-05-22 04:11:52.963930,2026-05-22,1831,14,20037656.25,20037656.25,531.6630453596548,555091910.7463627,555072757.1446748,19153.601688004208,-7.4139,0.33654736,-0.2339535,-12.82365221,-16.50929667,-18.88815305,-32.77314584,10653281343.74492,0.2933,11164923952.548077
2026-05-22 04:11:52.963930,2026-05-22,7083,35,635791562.7428479,895426420.0329479,5.097943309593555,212356958.99573636,210079641.8523702,2277317.143366088,-35.4321,0.04019698,-0.48259055,-1.7263172,9.46703638,3.78963749,3.50208368,3241229343.580932,0.0892,4564833127.240465
2026-05-22 04:11:52.963930,2026-05-22,6535,32,1296138118.0,1296138118.0,2.967677318881485,1007222665.8461398,1006850608.1589172,372057.6872224468,99.3456,1.63951524,21.59314805,34.40666841,51.09288105,64.8115174,100.38296227,3846519694.926333,0.1059,3846519694.929164
2026-05-22 04:11:52.963930,2026-05-22,512,20,33522243177.317352,50001786863.25703,0.2073280598784739,131332628.41498514,131030726.85827136,301901.55671382387,-12.852,0.19832321,0.70595179,-8.59450564,-17.87614258,-5.55861201,-8.53285895,6950101640.727617,0.1913,10366777596.75281
2026-05-22 04:11:52.963930,2026-05-22,3794,53,509681303.059242,509681303.059242,2.9999207951545017,65906092.6052453,64022160.11524495,1883932.490000336,8.6432,2.99627973,4.11671986,5.83627152,12.37246153,20.52478756,-10.82728017,1529003539.948864,0.0421,1529003539.9482768
2026-05-23 03:50:50.627999,2026-05-23,1,1,20033134.0,20033134.0,105856.10258668718,41206221399.165016,41171066713.99584,35154685.16917872,15.4641,0.17606912,-2.77006032,-4.40687777,-2.62951845,7.20914429,11.15726679,2120629487836.8508,59.8526,2222978154320.4355
2026-05-23 03:50:50.627999,2026-05-23,1027,2,120685562.38005649,120685562.38005649,2898.063065546444,19392967088.090225,19300260116.99642,92706971.09380668,-0.1933,0.17716112,-3.14072557,-7.09584039,-11.4725886,-3.31531891,4.84470673,349754370878.3431,9.8715,349754370878.3364
2026-05-23 03:50:50.627999,2026-05-23,1839,4,134785006.25,134785006.25,913.0242549528972,1819561756.9039955,1783456197.7658212,36105559.13817441,4.4062,0.29482507,-1.15738131,-2.06145101,2.7198105,2.97785826,4.89471219,123061979910.22784,3.4733,123061980293.69923
2026-05-23 03:50:50.627999,2026-05-23,5426,7,577980243.7257513,626876897.0046021,118.5106874278403,4839485073.312946,4839449956.467346,35116.84559903658,-8.0463,0.31011134,-2.67293911,-4.97372368,-1.25015301,-6.13852315,-0.48018418,68496836003.64947,1.9333,74291611996.64548
2026-05-23 03:50:50.627999,2026-05-23,52,5,61858321245.0,99985662685.0,1.8773253600161244,2721527608.2214317,2719986638.1058173,1540970.1156139567,12.9413,0.1680152,-2.26951051,-6.55312014,-5.27784493,-5.17150278,-5.74932228,116128195201.2627,3.2776,187732536001.60623
2026-05-23 03:50:50.627999,2026-05-23,74,9,154352156383.70523,154352156383.70523,0.1424155821674408,1245379327.9501903,1243623798.8772895,1755529.0729009395,-0.1537,0.10068363,-3.88120415,-9.59271764,6.45457007,8.61873872,4.46659978,21982152210.185257,0.6204,21982152210.18656
2026-05-23 03:50:50.627999,2026-05-23,2010,13,36214956112.65022,44993036738.41071,0.3414281527159641,705850842.6939921,704261575.5640029,1589267.1299893616,17.4295,0.07332856,-3.07627011,-6.71083153,-0.93334954,-6.47244479,-12.04601424,12364805566.23188,0.349,15364266872.21417
2026-05-23 03:50:50.627999,2026-05-23,1958,8,94805589789.2754,94805582133.1686,0.5084620683854129,1087273416.3229964,1086168309.5552504,1105106.767745787,-4.9909,0.06561214,-0.47851459,3.30861198,10.23955436,17.00714274,25.72607863,48205046278.75394,1.3605,48205042385.91996
2026-05-23 03:50:50.627999,2026-05-23,5805,25,431771961.1772119,463441061.1772119,12.889763018877698,427242930.0991293,420265727.72734976,6977202.371779591,-13.4993,0.29102275,-2.99841456,-3.42356366,-0.57209091,-3.55750615,1.82868012,5565438257.770323,0.1571,9225831368.981092
2026-05-23 03:50:50.627999,2026-05-23,11419,19,2693503018.198986,5184423325.907355,2.5932234691793674,392112976.4966214,387814240.1212218,4298736.37539967,-9.5002,-0.11223395,-8.98493531,-5.66228967,37.83825969,38.60925555,39.84800147,6984855241.099071,0.1971,13444368242.900066
2026-05-23 03:50:50.627999,2026-05-23,1975,16,727099970.4255477,1000000000.0,13.17178424369621,582979175.02111,573440382.4134288,9538792.607681507,23.7097,0.11172454,-4.12009236,-6.53689924,2.5376377,3.59388677,6.43417272,9577203934.043213,0.2703,13171784243.691605
2026-05-23 03:50:50.627999,2026-05-23,5994,29,589243267134551.1,589499894385896.6,7.957306066527e-06,99369072.25777596,99301047.50970094,68024.74807503696,9.802,-0.04111158,-2.90475873,-7.2184616,-6.00128914,-6.44544585,-9.60637189,4688789024.229933,0.1323,4691251239.116854
2026-05-23 03:50:50.627999,2026-05-23,6636,36,1685013981.2984643,1685013981.2984643,1.76824794049537,240242448.69685885,240127420.2148117,115028.48204715204,16.4106,0.51222804,-4.06916944,-3.49026903,0.54733341,-10.77557864,-6.67693421,2979522502.1369133,0.0841,3713320675.038785
2026-05-23 03:50:50.627999,2026-05-23,28321,59,10648042562.139174,10648042572.139174,0.1271206033648246,76434462.78318548,76370160.91456135,64301.86862414316,22.0152,0.1440935,-1.99797313,-0.61793953,-1.45946539,-5.34479754,-15.81102491,1353585595.153465,0.0382,1353585596.427497
2026-05-23 03:50:50.627999,2026-05-23,2,24,77199189.48347135,84000000.0,74.28568321061422,416666787.2152317,416598139.0433448,68648.17188707528,10.1306,0.28208391,-2.28411374,-7.16601278,-3.65462001,-4.40346455,-2.56909485,5734794534.085334,0.1619,6239997389.693158
2026-05-23 03:50:50.627999,2026-05-23,1831,14,20038106.25,20038106.25,509.810835562263,584000267.2309728,583964246.3453512,36020.88562152092,5.0425,0.81003115,-3.92554917,-14.8254048,-20.04064112,-23.11340215,-35.49654515,10215643690.397903,0.2883,10706027546.804186
2026-05-23 03:50:50.627999,2026-05-23,7083,35,635737562.7428479,895372420.0329479,4.731511824456655,333929922.047074,328684612.60614413,5245309.440929882,57.0748,0.34658973,-7.10790353,-5.90369812,3.75325555,-5.67451623,-6.00966216,3007999795.3690395,0.0849,4236465192.673839
2026-05-23 03:50:50.627999,2026-05-23,6535,33,1296218092.0,1296218092.0,2.938072007871048,1527068744.5786903,1526479844.2765002,588900.3021904585,54.3822,-0.93939528,-0.72689358,35.23442404,51.98353997,60.89877234,103.30621949,3808382092.2012186,0.1075,3808382092.198636
2026-05-23 03:50:50.627999,2026-05-23,512,20,33528157327.202663,50001786839.91458,0.2023152024741486,152593644.41584954,152452972.3342295,140672.08162000892,13.7575,0.12685453,-2.50692665,-6.62636631,-17.69142018,-12.53906742,-7.47437977,6783255938.238116,0.1915,10116125669.236994
2026-05-23 03:50:50.627999,2026-05-23,3794,53,509857823.720996,509857823.720996,2.975492971100244,91131525.20396654,88849928.1846068,2281597.01935975,41.2511,-0.04572531,-0.49957785,9.76038276,15.42351902,19.61949091,-7.23166557,1517078370.7422907,0.0428,1517078370.746156
2026-05-24 04:10:32.993123,2026-05-24,1,1,20033621.0,20033621.0,107428.089528674,39770999700.55511,39729006643.49738,41993057.05771431,-3.1904,-0.20427032,1.51048011,-1.71283217,-1.33643171,8.32197451,18.18610832,2152173630371.5237,59.8478,2255989880102.1543
2026-05-24 04:10:32.993123,2026-05-24,1027,2,120685539.97076514,120685539.97076514,2966.955710257532,22821335480.882114,22711158237.721096,110177243.16101906,17.5444,-0.20350449,2.43076497,-2.95318886,-8.2986126,-2.0034453,13.69357191,358068651961.7752,9.9572,358068651961.7732
2026-05-24 04:10:32.993123,2026-05-24,1839,4,134784969.76999998,134784969.76999998,919.8445606589324,1776550625.4262722,1749888207.3037703,26662418.12250121,-2.2642,-0.10981634,0.75885593,0.48258293,3.46239596,2.2616521,11.47241634,123981221301.51312,3.4477,123981221301.51108
2026-05-24 04:10:32.993123,2026-05-24,5426,7,578099182.6141918,627007757.4321861,120.14767660113048,5467309245.51114,5467275496.967557,33748.543582638355,13.0644,-0.2182118,1.42852268,-0.95142753,0.14725322,-6.48404058,10.61723867,69457273636.10779,1.9315,75333525266.36664
2026-05-24 04:10:32.993123,2026-05-24,52,5,61858321245.0,99985662685.0,1.903139203966562,2621531613.7261543,2620006253.0853763,1525360.6407779688,-3.1825,-0.15679654,1.43005197,-3.85681952,-5.04002804,-3.91003107,1.51493818,117724996252.91718,3.2737,190313920396.65256
2026-05-24 04:10:32.993123,2026-05-24,74,9,170075973126.57907,170075973126.57907,0.144144590737976,1435961228.375641,1435153003.9689634,808224.4066774405,15.2251,-0.17407434,1.31718513,-5.90798531,5.98101984,8.10510809,10.93124354,24515531540.69376,0.6817,24515531540.68991
2026-05-24 04:10:32.993123,2026-05-24,2010,13,36214956112.65022,44993036738.41071,0.3435906429916273,679089888.7535017,676857055.1035323,2232833.6499693394,-3.4694,-0.12040611,0.77575227,-3.785982,-1.11376873,-8.45062944,-5.93793705,12443120056.659052,0.346,15461578934.618774
2026-05-24 04:10:32.993123,2026-05-24,1958,8,94807216469.1042,94807209168.9868,0.5083339935967323,1024750893.1113732,1024636598.225472,114294.88590081791,-5.1598,0.12382887,-0.01874877,2.49926439,10.52600692,18.17653113,26.37651463,48193730969.52962,1.3402,48193727258.631714
2026-05-24 04:10:32.993123,2026-05-24,5805,25,431771961.1772119,463441061.1772119,13.07078982446298,523843988.8765104,515679787.6676675,8164201.208842841,24.3071,-0.27911169,1.55211617,0.44833133,0.08616494,-3.0350984,11.08174706,5643600556.643526,0.1569,9355401073.182264
2026-05-24 04:10:32.993123,2026-05-24,11419,20,2694083720.691357,5185005192.416229,2.528135243123095,373887625.14179325,370593021.49270433,3294603.64908888,-4.4283,-0.40028843,-2.35574063,-5.56047495,36.82085365,35.91654685,36.4642525,6811008002.204017,0.1894,13108394362.72116
2026-05-24 04:10:32.993123,2026-05-24,1975,16,727099970.4255477,1000000000.0,13.36588565093202,542516970.2688274,530529583.92192817,11987386.346899156,-6.7721,-0.23932587,1.57741977,-2.00814543,2.71585471,3.31992606,15.79611532,9718335061.503923,0.2702,13365885650.9386
2026-05-24 04:10:32.993123,2026-05-24,5994,29,589243265862928.2,589499893114273.8,7.909634988054e-06,116623154.625934,116494512.66647252,128641.95946143348,17.7067,-0.31983715,-0.46695438,-3.10515452,-7.60298806,-7.99839532,-5.81027065,4660699152.144556,0.1296,4663146626.312787
2026-05-24 04:10:32.993123,2026-05-24,6636,37,1685230507.8905077,1685230507.8905077,1.798944220249869,229105554.3854409,228856084.2953274,249470.0901135633,-3.3554,-0.40548265,2.04026302,1.24530626,3.85199319,-8.29283929,2.25510561,3031635681.95838,0.0843,3777782862.523285
2026-05-24 04:10:32.993123,2026-05-24,28321,60,10648620274.299578,10648620284.299578,0.1275916757014811,76202416.87197575,76151947.23800565,50469.63397008989,-0.244,-0.35100905,0.62559764,-0.44641092,-3.06440117,-5.38386285,-11.70190471,1358675304.7066488,0.0378,1358675305.9857316
2026-05-24 04:10:32.993123,2026-05-24,2,24,77202401.98347135,84000000.0,74.74798921762915,349892057.5217896,349839238.17088056,52819.35090911817,-17.6668,-0.03271662,0.86233684,-5.06403625,-4.45733668,-5.11076342,3.97140217,5770724311.035588,0.1605,6278831094.286305
2026-05-24 04:10:32.993123,2026-05-24,1831,14,20038590.625,20038590.625,496.5964466079996,630784874.5324183,630784874.5324183,0.0,8.2818,0.04702238,-2.48910142,-14.62498884,-22.34164005,-25.95228524,-34.36631998,9951092899.407372,0.2767,10428525378.76476
2026-05-24 04:10:32.993123,2026-05-24,7083,36,635699562.7428479,895334420.0329479,4.824376573049793,218675811.0857865,216460880.9016885,2214930.1840980635,-34.4652,-0.22508992,2.2861547,-1.57662224,6.43551848,-4.32078762,4.16594649,3066854077.9945927,0.0853,4319430401.052229
2026-05-24 04:10:32.993123,2026-05-24,6535,31,1296324618.0,1296324618.0,3.3434173199157464,1400061700.8210444,1399694878.769576,366822.0514681936,-7.4952,-1.64300777,13.07472329,58.33629336,69.68202259,84.93386392,142.47669814,4334154180.054363,0.1205,4334154180.053381
2026-05-24 04:10:32.993123,2026-05-24,512,19,33528151765.17734,50001786839.91458,0.2078436806984893,131618572.37541284,131441122.53302176,177449.8423910773,-13.2723,-0.09859323,2.83513848,-2.12689997,-14.95941096,-15.77218289,-1.68110997,6968614469.892011,0.1938,10392559569.375538
2026-05-24 04:10:32.993123,2026-05-24,3794,54,510034035.736909,510034035.736909,2.948075102694662,54316205.14143808,53489634.200399205,826570.9410388641,-39.5338,0.05524545,-0.46655867,2.25260948,9.66085043,17.20727145,-4.38698486,1503618642.2828608,0.0418,1503618642.289827
2026-05-25 04:22:10.538268,2026-05-25,1,1,20034065.0,20034065.0,107464.35423861776,29678286316.202084,29633993853.74316,44292462.45892448,-25.3119,-0.05754102,0.31334957,0.08049269,-0.9190214,8.8028671,22.19289365,2152947857999.4937,60.1481,2256751439010.972
2026-05-25 04:22:10.538268,2026-05-25,1027,2,120685518.35330836,120685518.35330836,2920.9007863519696,14738882067.859491,14654660025.757587,84222042.10191411,-35.2653,-0.07051461,-1.33890085,-1.25510176,-9.79739753,-2.63190689,14.92157265,352510425459.4734,9.8483,352510425459.478
2026-05-25 04:22:10.538268,2026-05-25,1839,4,134784929.82999998,134784929.82999998,915.9034028111462,1526721508.312306,1497888487.94948,28833020.362825893,-13.8632,0.04679984,-0.04831518,1.92589077,2.89007825,2.30431006,11.24013385,123449975878.95854,3.4489,123449977087.9484
2026-05-25 04:22:10.538268,2026-05-25,5426,7,578098490.5641001,627007065.3866602,118.545554690146,4429676790.939389,4429673654.8589325,3136.080456701945,-19.1219,0.01171193,-1.17092849,-0.10635545,-1.7887294,-6.43003381,11.29865865,68531006229.45738,1.9146,74328900360.90009
2026-05-25 04:22:10.538268,2026-05-25,52,5,61858321245.0,99985662685.0,1.8772985891776088,1728657879.42159,1727748635.6647685,909243.7568216036,-33.8436,-0.05299015,-1.06038968,-3.50421207,-6.3900718,-3.81655096,1.54145865,116126539202.1338,3.2443,187729858917.76447
2026-05-25 04:22:10.538268,2026-05-25,74,9,154379666383.70523,154379666383.70523,0.1420556516889752,800295321.9636394,799842618.9837642,452702.979875282,-44.1485,-0.1065627,-1.16960372,-4.37528492,3.01452911,7.8322698,11.32406241,21930504115.663822,0.6127,21930504115.66501
2026-05-25 04:22:10.538268,2026-05-25,2010,13,36218050029.46183,44992815340.36466,0.3360120553397246,385306649.7188085,384389785.9996722,916863.7191362666,-43.1286,0.05333118,-1.97685148,-3.88836423,-4.40075434,-9.54355184,-6.44025098,12169701430.796444,0.34,15120542490.288776
2026-05-25 04:22:10.538268,2026-05-25,1958,8,94809075445.4417,94809072798.3823,0.5085909914523972,905220512.6256316,905107248.3659972,113264.25963441213,-11.6934,0.10132294,0.26277734,2.15929792,12.54444538,15.67644048,29.30227813,48219041679.48232,1.3471,48219040333.21488
2026-05-25 04:22:10.538268,2026-05-25,5805,25,431771961.1772119,463441061.1772119,12.785638239090572,316187169.1412995,310601449.58326983,5585719.558029702,-39.4353,-0.07936544,-1.93892838,-0.38435591,-2.97852082,-3.96243322,10.7559168,5520480097.39449,0.1542,9151304191.230757
2026-05-25 04:22:10.538268,2026-05-25,11419,20,2694653621.5213094,5185576021.233413,2.4880391256979406,260491735.7246208,258202338.6791284,2289397.045492434,-29.9699,0.35369802,-1.07285406,-8.26428727,32.69108269,35.81736957,34.01394012,6704403640.548667,0.1873,12901916030.110435
2026-05-25 04:22:10.538268,2026-05-25,1975,16,727099970.4255477,1000000000.0,13.100044028061395,381297853.3322098,374509219.7382892,6788633.593920593,-29.5963,0.07118677,-1.69873951,-1.50582852,-0.43443524,1.69260361,14.7498613,9525041625.376814,0.2661,13100044028.067474
2026-05-25 04:22:10.538268,2026-05-25,5994,29,589243263990744.2,589499892414273.8,7.762940309123e-06,93227626.75698777,93170921.55004098,56705.20694677755,-20.3173,0.15265713,-1.5940122,-2.69385656,-10.70205497,-8.00722708,-5.91985262,4574260285.913231,0.1278,4576662382.965012
2026-05-25 04:22:10.538268,2026-05-25,6636,39,1685372587.1538904,1685372587.1538904,1.7343313652353491,138775991.26733705,138480363.92037952,295627.346957507,-39.4862,0.07698089,-3.31667333,0.18880114,-2.06497511,-6.89962189,-0.38190365,2922994540.008839,0.0817,3642095866.99378
2026-05-25 04:22:10.538268,2026-05-25,28321,61,10649198098.048227,10649198108.048227,0.12613556827183,47975483.65245277,47967864.71831116,7618.934141614197,-36.9714,0.12336032,-0.78936834,-1.09066207,-2.59416726,-6.56054159,-13.76752308,1343242653.7366052,0.0375,1343242655.0045905
2026-05-25 04:22:10.538268,2026-05-25,2,24,77206751.98347135,84000000.0,73.30155163905577,299060025.0990904,299037189.5958824,22835.50320802461,-14.4026,-0.13240203,-1.64986212,-3.09699465,-7.33794432,-6.0273808,3.72221187,5659374717.400197,0.1581,6157330337.673914
2026-05-25 04:22:10.538268,2026-05-25,1831,15,20039031.25,20039031.25,481.0816766051188,527940340.9414869,527934156.0814709,6184.860016056909,-16.1754,0.03030253,-2.93591226,-10.78085129,-24.33316553,-26.66801904,-28.74280165,9640410751.29237,0.2693,10102715208.712402
2026-05-25 04:22:10.538268,2026-05-25,7083,36,635669562.7428479,895304420.0329479,4.698964444989679,129367052.24865782,128482907.89241213,884144.3562456972,-40.6538,0.11442668,-2.34859973,-2.22276408,2.7500279,-8.04458087,1.7793449,2986988674.090778,0.0834,4207003637.181756
2026-05-25 04:22:10.538268,2026-05-25,6535,31,1296404377.0,1296404377.0,3.275084701508071,994871372.2675225,994457767.6765988,413604.590923544,-28.9408,-0.2350664,-1.44390248,55.85058758,65.66833478,87.42914678,141.56710557,4245834142.0808015,0.1186,4245834142.0863504
2026-05-25 04:22:10.538268,2026-05-25,512,19,33541145686.530888,50001786839.91458,0.2053498119820196,106565594.2562138,106443855.69576396,121738.56044985692,-19.1305,-0.05088119,-0.86388985,-1.71017953,-15.36443971,-16.21573518,-1.47496556,6887667960.390648,0.1924,10267861627.607224
2026-05-25 04:22:10.538268,2026-05-25,3794,56,510210589.525983,510210589.525983,2.8924299856361144,50730645.46627122,49525336.27774542,1205309.188525815,-6.4193,0.89021969,-1.36548302,1.58345113,2.33018652,19.36593936,-0.79982878,1475748408.1340325,0.0412,1475748408.1276062
2026-05-26 04:07:02.699171,2026-05-26,1,1,20034562.0,20034562.0,106805.65986751267,28915534938.6931,28882426575.687725,33108363.005375504,-2.7497,0.0198252,-0.50080578,-0.26890117,-1.09685342,11.71148688,17.21512097,2139804614566.5945,59.9935,2242918857217.7666
2026-05-26 04:07:02.699171,2026-05-26,1027,2,120685488.8295893,120685488.8295893,2915.318322345048,14836979457.73487,14745455309.76503,91524147.96982236,0.66,0.13568278,-0.16030985,-1.94777949,-9.54748838,2.08378978,9.89225335,351836616826.07025,9.8644,351836616826.06445
2026-05-26 04:07:02.699171,2026-05-26,1839,4,134784837.20999998,134784837.20999998,917.0941061028374,1938975167.152289,1896709563.8226244,42265603.32966387,27.0145,-0.16979175,0.12846412,2.2679033,4.54127507,4.97793127,10.94504707,123610379797.3214,3.4657,123610379797.3238
2026-05-26 04:07:02.699171,2026-05-26,5426,7,578217023.9402233,627137879.2331612,117.3339641912403,3893626136.134127,3893624625.597626,1510.5365002710885,-12.3203,0.22152779,-0.92352963,-1.07329135,-2.22823534,-2.34500866,3.17607752,67844495581.7677,1.9021,73584573464.91902
2026-05-26 04:07:02.699171,2026-05-26,52,5,61858321245.0,99985662685.0,1.8681257215485605,1897646087.0288,1896737969.343236,908117.6855638638,9.8162,0.24012359,-0.49996384,-3.14444983,-5.65452964,-1.61078638,-1.87073826,115559121009.59828,3.2399,186812572154.8589
2026-05-26 04:07:02.699171,2026-05-26,74,9,154392846383.70523,154392846383.70523,0.1408881872853439,760524224.3198769,759722286.2660397,801938.0538373506,-5.1218,0.25060444,-0.93941873,-3.20524097,3.25863933,10.17501409,9.44852958,21752128256.824795,0.6099,21752128256.819416
2026-05-26 04:07:02.699171,2026-05-26,2010,13,36218050029.46183,44992815340.36466,0.3358325553528143,464552851.8153228,463331273.44074064,1221578.3745820485,20.4324,0.18779564,-0.0549507,-4.3519247,-3.44503756,-4.99331625,-9.20602447,12163200291.290236,0.341,15112464990.88014
2026-05-26 04:07:02.699171,2026-05-26,1958,8,94809873233.0972,94809867807.5762,0.5215890000736585,1364976625.482146,1364821332.08331,155293.39883589392,51.1696,-0.01990364,2.74660846,4.80741575,15.40767774,20.25145842,30.65131095,49451786976.76148,1.3865,49451784146.87334
2026-05-26 04:07:02.699171,2026-05-26,5805,25,431771961.1772119,463441061.1772119,12.8640293650515,388480907.9857179,383016581.2807394,5464326.70497836,23.2186,0.27471961,0.624274,-0.2039767,-1.2322204,2.14233014,8.64220495,5554327187.589531,0.1557,9207412539.217554
2026-05-26 04:07:02.699171,2026-05-26,11419,19,2695207184.717708,5186133548.858034,2.6433317843401216,739080555.1556761,730740789.853119,8339765.302557053,183.8407,-0.06707384,6.1545603,-5.90439058,44.44224286,52.14218352,46.25821127,7124326816.746173,0.1997,13708671647.535809
2026-05-26 04:07:02.699171,2026-05-26,1975,16,727099970.4255477,1000000000.0,13.126092767926613,374565247.3298957,369017257.7595353,5547989.570360459,-1.5953,0.38335788,0.23362744,-3.04056056,0.95579678,6.10030777,10.9327669,9543981663.362434,0.2676,13126092767.92314
2026-05-26 04:07:02.699171,2026-05-26,5994,30,589243263606966.5,589499892030496.0,7.681122146588e-06,153799487.5757188,153720879.84270325,78607.73301550953,63.8052,0.08119819,-1.1177348,-4.49708812,-10.67889026,-6.57409029,-7.69327518,4526049481.81921,0.1269,4528426264.71234
2026-05-26 04:07:02.699171,2026-05-26,6636,37,1685429601.6662583,1685429601.6662583,1.7316104196215163,147885288.01154026,147756623.3380642,128664.673476057,5.9588,0.34856349,-0.05098816,-0.62436463,-0.15785074,-5.86059785,-2.0389955,2918507459.783835,0.0818,3636381881.198993
2026-05-26 04:07:02.699171,2026-05-26,28321,60,10649775792.653831,10649775802.653831,0.1284576013136391,54440266.52939844,54403669.07325399,36597.45614443743,13.2063,0.18771614,1.80138847,1.1328181,0.8434047,-3.83286183,-19.42282653,1368044652.8523707,0.0384,1368044654.136338
2026-05-26 04:07:02.699171,2026-05-26,2,24,77210401.98347135,84000000.0,72.88130948971526,323780879.2145433,323742922.81065124,37956.40389201608,8.0138,0.11294774,-0.5487604,-3.81388131,-6.47333158,-4.68951075,-0.1503129,5627195202.782701,0.1578,6122029997.133954
2026-05-26 04:07:02.699171,2026-05-26,1831,15,20039453.125,20039453.125,482.4911748478994,159663638.8165308,159644172.75028569,19466.066245115377,-69.7814,0.19022065,0.20293961,-8.99849155,-23.54463331,-25.31674825,-30.64891029,9668859281.59066,0.2711,10132314671.80185
2026-05-26 04:07:02.699171,2026-05-26,7083,38,635635562.7428479,895270420.0329479,4.581106173658564,306625055.8839524,305249407.7856085,1375648.0983439526,136.0366,0.22316975,-2.51670379,-7.17873687,1.02996396,-6.56374871,-5.2830306,2911914000.678196,0.0816,4101328848.308941
2026-05-26 04:07:02.699171,2026-05-26,6535,29,1296483860.0,1296483860.0,3.806540287244745,1528497205.8888192,1527709006.6061733,788199.282646098,52.8187,0.36125015,16.14774516,68.6955523,95.73197298,122.86953536,177.22000965,4935118044.852575,0.1384,4935118044.857416
2026-05-26 04:07:02.699171,2026-05-26,512,20,33541139614.624702,50001786839.91458,0.2062372918079878,144303540.27598733,144194115.14232066,109425.13366667804,34.9615,-0.04107948,0.34195018,0.61853263,-12.30814605,-14.93844264,-3.27126132,6917433798.273814,0.1939,10312237222.419226
2026-05-26 04:07:02.699171,2026-05-26,3794,55,510392296.622098,510392296.622098,3.035055971936865,85225021.48933212,82783717.63476466,2441303.8545674854,67.8828,0.37503378,5.14311215,5.72186945,7.79606769,27.71427388,5.7059974,1549069187.8934708,0.0434,1549069187.889911
2026-05-27 04:21:02.966733,2026-05-27,1,1,20035015.0,20035015.0,105384.67895184275,49525792910.41179,49474786411.26971,51006499.14208163,67.3003,-0.36528141,-1.42662323,-1.6649405,-4.53356918,13.95525229,9.90608307,2111383623570.3535,59.8222,2213078257988.6987
2026-05-27 04:21:02.966733,2026-05-27,1027,2,120685456.17968638,120685456.17968638,2879.2342240542016,21182829969.10523,21058191397.50117,124638571.60406493,39.9886,-0.5597484,-1.2210622,-2.37509651,-13.75244216,3.58754063,-0.12447331,347481695778.14667,9.8453,347481695778.1525
2026-05-27 04:21:02.966733,2026-05-27,1839,4,134784793.75,134784793.75,911.0767826133986,2222556738.2866898,2183692354.1741257,38864384.11256313,13.8741,-0.43170919,-0.63838312,2.01931476,2.23144146,6.77158238,3.615452,122799296234.96053,3.4793,122799296863.60477
2026-05-27 04:21:02.966733,2026-05-27,5426,7,578224703.596256,627137179.9472576,116.55267688472496,4844797167.071845,4844795818.4434805,1348.6283639290027,22.7544,-0.38419318,-0.65032635,-0.7695159,-4.77925529,1.12498872,-5.67874269,67393637045.02029,1.9095,73094517096.79095
2026-05-27 04:21:02.966733,2026-05-27,52,5,61858321245.0,99985662685.0,1.849488457995478,2329769773.76612,2328750771.225893,1019002.54022605,20.8129,-0.39084239,-1.09223731,-2.36448616,-8.11737347,-0.24098849,-8.51947849,114406251173.60396,3.2415,184948845799.5521
2026-05-27 04:21:02.966733,2026-05-27,74,9,154406786383.7052,154406786383.7052,0.1409688590797491,1045363598.3102654,1044751595.940018,612002.3702473849,32.0093,-0.43661842,0.02066502,-1.43663226,0.54717399,12.27626792,-0.29962591,21766548510.681465,0.6167,21766548510.687138
2026-05-27 04:21:02.966733,2026-05-27,2010,13,36218050029.46183,44992815340.36466,0.334607976150021,570972884.0282983,570186337.8276111,786546.200687299,21.3685,-0.20490743,-0.34536836,-3.4169103,-5.55910155,-2.08408099,-19.32006397,12118848420.458431,0.3434,15057358926.744802
2026-05-27 04:21:02.966733,2026-05-27,1958,8,94810635141.9028,94810629717.313,0.52094516834765,1302478036.0831294,1302282440.96714,195595.1159892684,-6.6562,-0.06115678,-0.22161166,4.91014828,15.22798991,20.2575345,30.6529271,49391142285.14618,1.3994,49391139459.23109
2026-05-27 04:21:02.966733,2026-05-27,5805,26,431771961.1772119,463441061.1772119,12.726966523844707,401362550.8588184,393955449.70399785,7407101.1548205875,2.795,-0.42835539,-1.02725972,0.00935261,-4.20858184,4.44437969,-4.07793496,5495147295.837153,0.1557,9109309986.203323
2026-05-27 04:21:02.966733,2026-05-27,11419,19,2696040035.78423,5186714014.81987,2.6731343224431376,574821176.5411094,569172796.4683042,5648380.072805248,-25.7045,-0.85841222,1.47287458,-1.16044187,45.23781069,56.84665737,46.41711305,7206877154.33565,0.2042,13864783253.713432
2026-05-27 04:21:02.966733,2026-05-27,1975,16,727099970.4255477,1000000000.0,13.080526099959169,484924088.5359164,478644131.9791581,6279956.556758265,29.2289,-0.50763767,-0.38789853,-1.28580619,-1.85581921,9.9886463,1.4367645,9510850140.430916,0.2694,13080526099.954264
2026-05-27 04:21:02.966733,2026-05-27,5994,29,589243254991439.1,589499883414968.6,7.690123781375e-06,213243822.2917905,213204141.7955072,39680.496283225606,37.3062,-0.16205448,-0.05952332,-3.49267712,-12.53577831,-3.82330403,-11.45865496,4531353568.224523,0.1284,4533733202.762967
2026-05-27 04:21:02.966733,2026-05-27,6636,36,1685691748.7817206,1685691748.7817206,1.7403254884299375,254016226.00940344,253936648.12125272,79577.88815077211,69.2967,-0.63844953,0.56076066,1.4313081,-1.67688686,-2.90024833,-23.587543,2933652316.040864,0.0831,3654683525.700388
2026-05-27 04:21:02.966733,2026-05-27,28321,59,10650353679.10412,10650353689.10412,0.128285649397129,61626855.56726724,61607050.88775455,19804.679512669118,11.6957,-0.14023643,-0.23438982,2.22070262,-1.28859974,1.77953652,-18.92980699,1366287538.032975,0.0387,1366287539.3125005
2026-05-27 04:21:02.966733,2026-05-27,2,23,77214339.48347135,84000000.0,72.54548793041822,326960411.8639744,326926749.4485953,33662.415379082566,-0.1569,-0.15846976,-0.49936279,-3.41809553,-8.22569154,-2.92924019,-8.4386796,5601551933.053387,0.1587,6093820986.150064
2026-05-27 04:21:02.966733,2026-05-27,1831,15,20039887.5,20039887.5,477.59142189389365,203668685.01586863,203652036.5837713,16648.432097357392,26.7407,-0.49547207,-1.17924122,-7.28543634,-25.0040494,-27.52599096,-31.84164047,9570878365.718666,0.2712,10029419859.764954
2026-05-27 04:21:02.966733,2026-05-27,7083,38,635601562.7428479,895236420.0329479,4.541835098607149,174936761.61012456,173859750.5128616,1077011.0972629578,-43.8698,-0.41662846,-0.77875018,-6.13375511,-3.00119728,-3.35339139,-19.60125135,2886797486.3950205,0.0818,4066016194.0569897
2026-05-27 04:21:02.966733,2026-05-27,6535,30,1296590215.0,1296590215.0,3.4582056654549787,1680687311.627549,1680036326.7427444,650984.8848043698,6.2928,-1.64292392,-9.38717671,55.22288332,76.77843503,112.72066689,111.95181709,4483875627.2864895,0.127,4483875627.281014
2026-05-27 04:21:02.966733,2026-05-27,512,20,33552549793.95027,50001786839.91458,0.2056853451867936,122699771.7903902,122620904.1536527,78867.63673750823,-16.7785,-0.40036298,-0.13868788,3.01308564,-14.29807738,-10.72430939,-10.04534039,6901267786.265741,0.1955,10284638894.082651
2026-05-27 04:21:02.966733,2026-05-27,3794,55,510563552.588352,510563552.588352,3.0783063169690514,113952400.73132592,111474664.29612093,2477736.4352050205,31.5786,-1.07112629,1.7600908,9.92167588,10.7451563,32.05200602,13.13396085,1571671009.1468844,0.0445,1571671009.1468527
2026-05-28 04:10:49.214218,2026-05-28,1,1,20035437.0,20035437.0,102895.6315451798,55122982206.008965,55074552254.95774,48429951.05121559,9.9695,-1.51921162,-3.31181876,-6.25321046,-4.8837564,9.29550501,7.78009961,2061558943398.6624,59.8433,2160808262448.7808
2026-05-28 04:10:49.214218,2026-05-28,1027,2,120685415.28186074,120685415.28186074,2789.8033223652687,24089696583.51547,23880192412.093807,209504171.42165452,12.179,-1.62259934,-4.17250472,-7.56213566,-13.51491563,-1.4593461,-3.52222654,336688572514.3673,9.7735,336688572514.3694
2026-05-28 04:10:49.214218,2026-05-28,1839,4,134784742.84,134784742.84,894.4821897627949,1890098636.4082248,1854167746.706806,35930889.70141856,-15.5276,-1.37425784,-2.77042088,-2.8899072,1.74804444,3.51019888,0.94288255,120562551922.13838,3.4997,120562551922.14484
2026-05-28 04:10:49.214218,2026-05-28,5426,7,578343351.4214703,627267870.2361882,113.37464939503698,5269962097.059588,5269954692.304837,7404.75475186318,7.8881,-1.83754059,-3.5729606,-7.41449525,-4.34098345,-2.88032226,-8.15046613,65569474697.359856,1.9034,71116274864.79454
2026-05-28 04:10:49.214218,2026-05-28,52,5,61908311628.0,99985659492.0,1.7984794723319086,3134635337.0624485,3132593376.4671726,2041960.5952758472,33.7223,-1.8007708,-3.63076289,-7.61546671,-8.23318442,-4.45520535,-9.47299364,111340827629.6848,3.2279,179847947233.1933
2026-05-28 04:10:49.214218,2026-05-28,74,9,170132183126.57907,170132183126.57907,0.1377423179189336,1335796147.0818176,1334811643.752132,984503.3296857154,27.0813,-2.1859639,-3.15212263,-7.60258874,-1.8181817,7.2048137,-0.33088063,23434401256.46349,0.6803,23434401256.46606
2026-05-28 04:10:49.214218,2026-05-28,2010,13,36218050029.46183,44992815340.36466,0.3254576996251174,686416107.5473794,684977190.1871032,1438917.3602764525,19.2874,-2.3622087,-3.65554799,-8.30149791,-6.57257896,-6.16250801,-20.8864431,11787443247.49606,0.3416,14645596483.125948
2026-05-28 04:10:49.214218,2026-05-28,1958,8,94811621424.4082,94811614236.2919,0.51531998011654,1161356025.04487,1160963248.3946905,392776.6501798756,-11.6869,-0.37024358,-1.86056529,1.94645933,12.93770224,16.14117713,28.52158557,48858322867.24295,1.4157,48858319163.06745
2026-05-28 04:10:49.214218,2026-05-28,5805,25,431771961.1772119,463441061.1772119,12.374984348352744,435632453.0534439,426320222.97950953,9312230.07393436,7.6043,-2.7953117,-3.67200737,-6.32083264,-4.65398954,-0.0881314,-6.85494003,5343171261.625566,0.1549,8857379194.981733
2026-05-28 04:10:49.214218,2026-05-28,11419,20,2701592193.403302,5187269143.87264,2.517031038241277,363019308.0964668,358845064.2607936,4174243.835673159,-37.3367,-1.27237565,-6.74232657,-13.63385111,36.69668316,44.41569785,36.27917236,6799991403.466444,0.1971,13056517438.841612
2026-05-28 04:10:49.214218,2026-05-28,1975,16,727099970.4255477,1000000000.0,12.43706687480654,554152686.9806169,538820420.9236317,15332266.056985382,13.3542,-2.92299991,-5.81748825,-9.47173907,-4.7839931,3.51441857,-4.37230436,9042990956.852394,0.262,12437066874.812738
2026-05-28 04:10:49.214218,2026-05-28,5994,29,589243252932411.6,589499881381471.5,7.439588073351e-06,225366518.06863305,225270458.07425076,96059.9943823194,5.2322,-2.42329835,-4.08781687,-9.51658382,-13.74348751,-9.55274195,-12.33674348,4383727076.818348,0.1271,4386029200.809932
2026-05-28 04:10:49.214218,2026-05-28,6636,37,1685806833.7426078,1685806833.7426078,1.672657014543595,282865615.65186614,282648850.3744697,216765.27739649813,11.0883,-3.13740075,-4.93828584,-6.82500024,-3.79646714,-6.34916358,-28.31673638,2819776625.625101,0.0817,3512579730.5373063
2026-05-28 04:10:49.214218,2026-05-28,28321,59,10650931516.65474,10650931526.65474,0.1230383343509829,77056317.59764428,76993539.95530236,62777.64234191,24.1975,-2.97104045,-4.98447692,-4.69434473,-4.9027249,-5.26021356,-22.87315961,1310472873.0955875,0.038,1310472874.3327172
2026-05-28 04:10:49.214218,2026-05-28,2,23,77217439.48347135,84000000.0,71.51716480435785,395193754.4520752,395130546.40365314,63208.04842203557,19.9908,-1.834454,-2.26223226,-6.69800735,-8.29403829,-6.3413355,-9.43877432,5522372345.309949,0.1603,6007441843.56507
2026-05-28 04:10:49.214218,2026-05-28,1831,15,20040318.75,20040318.75,464.1107050500955,243065115.8411353,243043079.6608452,22036.180290118304,18.4799,-1.61005461,-3.72963227,-13.29338596,-26.35322696,-31.84540256,-31.83612136,9300926464.491148,0.2695,9746324806.052378
2026-05-28 04:10:49.214218,2026-05-28,7083,38,635569562.7428479,895204420.0329479,4.276173981828556,397466028.2909013,394620832.5633523,2845195.727549054,125.7493,-1.19464336,-6.67735906,-16.97690916,-5.7933455,-10.83532768,-22.61120234,2717806027.8431187,0.0788,3828049849.365368
2026-05-28 04:10:49.214218,2026-05-28,6535,30,1296669725.0,1296669725.0,3.3787000541130583,1231840093.9357345,1231565273.5412693,274820.39446497924,-27.2888,-0.15170272,-3.58539629,37.63723074,76.54439922,105.12218644,111.47753393,4381058070.024264,0.1272,4381058070.020241
2026-05-28 04:10:49.214218,2026-05-28,512,18,33556977649.27828,50001786839.91358,0.2388804929092365,1069735657.6715788,1068928958.3152528,806699.3563258853,758.0984,-3.43876409,15.07030058,15.40312129,2.77383058,0.36849838,3.62749572,8016107361.403828,0.2327,11944456257.608278
2026-05-28 04:10:49.214218,2026-05-28,3794,55,510739047.968935,510739047.968935,2.9238383103137573,79548561.76838289,78020875.12516807,1527686.6432148227,-30.7041,-2.42973386,-6.49865773,0.92029921,4.63749613,24.92462114,7.31850353,1493318395.0247478,0.0433,1493318395.022401
2026-05-29 04:12:38.503826,2026-05-29,1,1,20035975.0,20035975.0,102170.06440011084,47712931661.6098,47682244497.04748,30687164.56231309,-12.9381,-0.28395761,0.01496023,-6.00534278,-4.94759096,8.50766035,11.21759419,2047076856069.011,59.5104,2145571352402.3257
2026-05-29 04:12:38.503826,2026-05-29,1027,2,120685349.60092452,120685349.60092452,2789.268894779956,21166111232.06325,21000552528.62111,165558703.4421456,-11.5425,-0.3952619,0.70897566,-6.63510269,-13.5762906,-2.27663344,3.7403413,336623891697.50336,9.7914,336623891697.5003
2026-05-29 04:12:38.503826,2026-05-29,1839,4,134784691.62,134784691.62,886.17501568351,1745907304.982458,1704055137.3484132,41852167.63404477,-6.9079,-0.21007373,-0.17488568,-3.79642248,1.38233715,2.8579761,3.14675552,119442826210.25056,3.4698,119442826954.63326
2026-05-29 04:12:38.503826,2026-05-29,5426,7,578334299.593031,627267175.1920972,113.69287433875826,4444656755.9276085,4444643324.515602,13431.412005416429,-15.3096,-0.49179235,0.92135207,-6.61286439,-3.76382465,-2.50729739,-0.47043065,65752488849.42425,1.9115,71315808125.93799
2026-05-29 04:12:38.503826,2026-05-29,52,5,61977843307.0,99985656462.0,1.8253922681584955,3050462606.3991857,3048224125.643614,2238480.755571417,-2.434,-0.18001346,2.18056495,-4.82898751,-5.8990199,-3.58881569,-3.6391875,113133875969.73656,3.2889,182539226815.84705
2026-05-29 04:12:38.503826,2026-05-29,74,9,154434096383.7052,154434096383.7052,0.137921679215853,1150973160.653247,1150177888.4216766,795272.2315704774,-13.7221,-0.50159983,0.75783592,-6.88924363,-2.58475292,6.44645347,5.80483457,21299809901.423523,0.6193,21299809901.41679
2026-05-29 04:12:38.503826,2026-05-29,2010,13,36218050029.46183,44992815340.36466,0.3249499770140621,618240892.2217574,616960552.946684,1280339.2750735732,-9.29,-0.57310357,0.61190845,-7.80470391,-6.60171026,-5.98977183,-16.01120944,11769054524.567772,0.3419,14622748965.627363
2026-05-29 04:12:38.503826,2026-05-29,1958,8,94812515892.7558,94812507571.939,0.4887294053628488,1792087621.1940084,1791417984.4942906,669636.6997174605,54.9569,-0.42101455,-4.44519298,-4.0711876,8.55461626,8.28412166,23.77912525,46337664513.22219,1.346,46337660446.589424
2026-05-29 04:12:38.503826,2026-05-29,5805,26,431771961.1772119,463441061.1772119,12.362184417843602,401474462.787569,391107852.2369501,10366610.550618893,-7.6857,-0.62118624,0.59777418,-7.12770332,-4.37479671,0.30884039,-0.35838966,5337644610.526702,0.1552,8848217661.119984
2026-05-29 04:12:38.503826,2026-05-29,11419,20,2702155005.9354334,5187833018.856061,2.450718555841228,380471857.1307903,375671619.2483749,4800237.882415273,5.6267,-0.37550582,-1.87360806,-14.13929234,33.95497946,41.45334181,35.71989235,6622221413.80523,0.1924,12713918643.92026
2026-05-29 04:12:38.503826,2026-05-29,1975,16,727099970.4255477,1000000000.0,12.45547254887778,483233315.7146409,471723011.0140368,11510304.700604206,-12.578,-0.66682486,0.65520568,-9.43047904,-4.20096807,2.92208574,2.7675486,9056373721.925257,0.2633,12455472548.878464
2026-05-29 04:12:38.503826,2026-05-29,5994,29,589243249944510.8,589499878393570.6,7.45292805995e-06,210147401.07782564,210029358.6398073,118042.43801830742,-6.2851,-0.19622941,0.80519283,-9.04537574,-13.82002535,-10.51552015,-7.77510619,4391587551.647844,0.1277,4393893825.871228
2026-05-29 04:12:38.503826,2026-05-29,6636,37,1685955180.5221753,1685955180.5221753,1.6728321937923158,224104600.4972592,224019179.15545192,85421.34180723719,-20.4448,-1.00263911,0.53557307,-9.49950791,-3.2812128,-6.09982579,-24.07715956,2820320103.2684307,0.082,3512947606.965153
2026-05-29 04:12:38.503826,2026-05-29,28321,60,10651509225.032587,10651509235.032587,0.1211336706863122,69396243.10406366,69351252.13962987,44990.96443378283,-9.6634,-0.55555315,-1.08358764,-6.4642336,-7.32368881,-7.00976637,-19.30313804,1290256410.7773144,0.0375,1290256411.9841323
2026-05-29 04:12:38.503826,2026-05-29,2,23,77221020.73347135,84000000.0,71.74766158432047,372339788.1341427,372299572.3003342,40215.83380846956,-5.3319,-0.62749833,1.03106633,-5.60665898,-8.13524124,-5.17018189,-6.06627541,5540427662.780897,0.1609,6026803573.076683
2026-05-29 04:12:38.503826,2026-05-29,1831,17,20040715.625,20040715.625,420.7548687182096,563488215.5029495,563417819.691293,70395.81165646535,131.932,-0.33768079,-8.9036884,-20.71288017,-33.64392859,-33.99703287,-34.7094371,8432228671.815846,0.2452,8835852243.081175
2026-05-29 04:12:38.503826,2026-05-29,7083,38,635541562.7428479,895176420.0329479,4.224281892240278,259251119.07481515,258002416.64881635,1248702.4259988288,-34.2847,-0.66255181,-0.45832997,-16.94364766,-7.57317157,-12.71984088,-18.54319844,2684706715.2607007,0.078,3781477541.500161
2026-05-29 04:12:38.503826,2026-05-29,6535,28,1296749607.0,1296749607.0,3.4144197175248454,1011963534.0981188,1011524766.6603612,438767.43775731017,-17.3289,-2.04897896,0.98748649,15.27191723,79.0112334,105.35832099,125.78227436,4427647426.833394,0.1288,4427647426.829202
2026-05-29 04:12:38.503826,2026-05-29,512,14,33606287927.00812,50001786839.91358,0.284418022473365,2404966272.582385,2403852570.7251744,1113701.857211388,126.0316,1.88744837,20.04057484,37.4849481,25.1202485,20.35789723,28.77709687,9558233954.870173,0.278,14221415013.558048
2026-05-29 04:12:38.503826,2026-05-29,3794,55,511082811.309652,511082811.309652,2.8582648628130265,71934107.41673543,70981063.52657303,953043.8901623618,-9.0594,-0.62182958,-1.54680072,-4.49778194,2.92579234,22.35728029,10.92920659,1460810041.5540783,0.0425,1460810041.554913
2026-05-30 03:58:03.817390,2026-05-30,1,1,20036375.0,20036375.0,102099.0061046696,47052803796.87495,47019548496.08954,33255300.78540941,-6.7791,-0.30538205,0.33710994,-2.77423677,-3.27275864,8.56799341,8.83532289,2045693973440.4487,59.3422,2144079128198.068
2026-05-30 03:58:03.817390,2026-05-30,1027,2,120685284.0070138,120685284.0070138,2799.5795178413523,20285469875.68589,20164927661.38551,120542214.3003826,-8.6805,-0.18393863,0.65144863,-2.66408776,-10.64705976,-2.53451637,-0.22867491,337868049210.9024,9.7995,337868049210.90173
2026-05-30 03:58:03.817390,2026-05-30,1839,4,134784647.29000002,134784647.29000002,914.1377881968968,2021894977.412084,1979907184.818783,41987792.59330082,11.9449,0.03103196,3.59567154,0.87151515,6.38867896,7.25283039,4.50252512,123211739356.57948,3.5741,123211740133.59784
2026-05-30 03:58:03.817390,2026-05-30,5426,7,578452558.1561409,627397775.7156466,114.83556036103494,4612134130.229144,4612130434.590771,3695.638373922744,0.3529,-0.25187839,1.35805788,-2.37051474,-0.5602945,-1.08131928,-5.99184297,66426923658.13459,1.9269,72047575143.57294
2026-05-30 03:58:03.817390,2026-05-30,52,5,61977843307.0,99985656462.0,1.8774695031452244,3481217652.835986,3478460336.5784125,2757316.257573564,8.9482,-0.44371329,3.04270422,0.82876079,-1.66782085,1.87658821,-4.70090069,116361510679.60588,3.3753,187746950314.51675
2026-05-30 03:58:03.817390,2026-05-30,74,10,154447406383.70523,154447406383.70523,0.1404826689818594,1043185327.362465,1042367162.9986076,818164.3638575011,-14.1169,-0.29161559,2.11298091,-0.55009181,-5.4003667,10.33219429,5.24910009,21697183866.108784,0.6293,21697183866.11352
2026-05-30 03:58:03.817390,2026-05-30,2010,14,36222179309.29572,44993516154.263145,0.328587254119586,582465359.9636483,581119627.2423726,1345732.7212756858,-11.391,-0.59388389,1.37485017,-2.95976857,-4.29008225,-3.86832627,-17.57119351,11902146437.468763,0.3453,14786426435.37686
2026-05-30 03:58:03.817390,2026-05-30,1958,8,94813277801.03629,94813270910.54369,0.4763366415462302,1521297897.2281842,1521112694.0202854,185203.20789836624,-15.5686,-0.56605314,-2.06705723,-5.58729955,5.725999,7.48442037,21.4609652,45163038321.73537,1.3101,45163035039.535225
2026-05-30 03:58:03.817390,2026-05-30,5805,25,431771961.1772119,463441061.1772119,12.458214504955803,390482183.0129038,382194234.89442897,8287948.1184748495,-6.631,-0.20791849,1.00554833,-2.55101251,-2.19540146,-0.05235939,-3.14010653,5379107709.571156,0.156,8916951072.948263
2026-05-30 03:58:03.817390,2026-05-30,11419,20,2702716773.7710714,5188397489.218022,2.4335783578442074,260007947.64424092,256731629.73631364,3276317.9079272714,-32.504,-1.41721356,-0.30117581,-5.43709712,33.03749258,42.47941475,35.92096595,6577273048.031797,0.1908,12626371841.653986
2026-05-30 03:58:03.817390,2026-05-30,1975,16,727099970.4255477,1000000000.0,12.830475700990108,507391473.3027908,494121658.2773515,13269815.025439331,-1.0633,-0.06955055,3.28176184,-1.79629093,1.29558896,5.54396685,2.02714304,9329038502.735617,0.2706,12830475700.991331
2026-05-30 03:58:03.817390,2026-05-30,5994,28,589243247255478.6,589499875704538.4,7.642843816246e-06,195872323.34894517,195762236.81490463,110086.5340405023,-9.5214,-0.55279739,2.94607155,-3.17866046,-11.76974735,-7.14695434,-5.87550393,4503494108.551445,0.1306,4505859171.882004
2026-05-30 03:58:03.817390,2026-05-30,6636,37,1686101175.2832818,1686101175.2832818,1.6801149977657417,234774432.1601557,234685968.5130341,88463.64712166737,0.8984,-0.51490965,0.39280734,-4.29841961,-0.59031687,-3.5737679,-25.21559842,2832843872.3438854,0.0822,3528241495.301819
2026-05-30 03:58:03.817390,2026-05-30,28321,60,10652087285.80984,10652087295.80984,0.1266966145210425,76517800.77194513,76406082.64122874,111718.13071638031,3.6463,-0.35347423,4.71767864,0.55888054,-2.82289628,-1.38148217,-17.47183262,1349583396.6947477,0.0391,1349583397.965882
2026-05-30 03:58:03.817390,2026-05-30,2,24,77224376.98347135,84000000.0,72.83257214403902,356296949.11193174,356245610.2650939,51338.846837820034,-5.3818,-0.0484025,1.48685898,-1.05065261,-5.40587501,-2.39558004,-4.6058015,5624450007.927143,0.1632,6117936060.104483
2026-05-30 03:58:03.817390,2026-05-30,1831,18,20041134.375,20041134.375,420.7091950171974,419318155.2218208,419122768.6720479,195386.54977283668,-27.3963,-0.9634887,0.2015718,-16.77284528,-32.27889238,-35.05331323,-34.36779814,8431489510.137732,0.2446,8834893095.358534
2026-05-30 03:58:03.817390,2026-05-30,7083,38,635517562.7428479,895152420.0329479,4.2548452695652825,257336904.00524035,256390773.67654333,946130.328697095,-8.2748,-0.37024509,1.06776836,-9.28719342,-3.97479879,-13.32998448,-20.68393836,2704028895.562064,0.0784,3808735039.921263
2026-05-30 03:58:03.817390,2026-05-30,6535,30,1296855808.0,1296855808.0,3.2853743515424347,1102485090.2611735,1102176748.8920329,308341.36914078007,7.5332,-1.18350589,-3.90308576,12.20587281,77.7743354,100.51171362,105.66925201,4260656809.25204,0.1236,4260656809.256376
2026-05-30 03:58:03.817390,2026-05-30,512,11,33609362333.96555,50001786839.91258,0.4097148617607383,3263466509.9844856,3261748338.7298183,1718171.2546666688,36.3965,2.90683653,42.62177387,104.06192917,84.43255705,73.91266974,81.46545394,13770255242.52726,0.3994,20486483365.7615
2026-05-30 03:58:03.817390,2026-05-30,3794,56,511091251.278519,511091251.278519,2.829855869893151,61225645.61335054,60589065.92909731,636579.6842532171,-16.3053,0.31945574,-0.83126284,-3.7878172,6.25689286,20.73746116,10.05177826,1446314577.4815524,0.042,1446314577.4840145
2026-05-31 04:23:14.085503,2026-05-31,1,1,20036643.0,20036643.0,103046.59771908466,26253371034.172974,26236140201.972275,17230832.2007007,-44.2751,0.06031503,1.06175255,-3.42723918,-3.92947447,8.76776225,10.89769968,2064707890861.9136,59.2603,2163978552100.7837
2026-05-31 04:23:14.085503,2026-05-31,1027,2,120685242.9823532,120685242.9823532,2825.296151287595,10405526230.52032,10280401648.241323,125124582.27898896,-48.1107,0.03340363,1.08711695,-4.18901495,-11.02415208,-3.56323055,2.91428853,340971552515.25073,9.7867,340971552515.2502
2026-05-31 04:23:14.085503,2026-05-31,1839,4,134784597.4,134784597.4,1026.643324977217,5549050122.032948,5454744211.30386,94305910.72908583,169.6789,0.27140823,12.25302578,12.47756409,19.36292082,19.91399041,18.36128733,138375707230.45154,3.9714,138375708462.41986
2026-05-31 04:23:14.085503,2026-05-31,5426,7,578451900.8137465,627397119.2804106,115.4991035050271,3081327678.972085,3081325267.163789,2411.808296095709,-33.0686,-0.03897888,0.67176352,-3.36277007,-1.04917797,-0.3524926,-1.75871236,66810675964.76657,1.9176,72463804818.52138
2026-05-31 04:23:14.085503,2026-05-31,52,5,61977843307.0,99985656462.0,1.8685555997147616,1790894642.3793778,1789122543.32196,1772099.0574178598,-49.0651,0.19963487,0.00332366,-1.1435808,-2.42188337,0.06403833,-1.99865626,115809046169.53893,3.324,186855559971.4797
2026-05-31 04:23:14.085503,2026-05-31,74,10,170173203126.57907,170173203126.57907,0.1406727422501626,735527055.8442856,734562427.2442801,964628.6000054564,-29.7255,0.00706963,0.38375816,-1.77957327,-7.11078178,9.57973137,8.56906014,23938731141.309837,0.6871,23938731141.30865
2026-05-31 04:23:14.085503,2026-05-31,2010,13,36222179309.29572,44993516154.263145,0.3307469222942112,406277485.67944455,405183741.3832244,1093744.2962201629,-30.9479,0.1918024,1.02755713,-3.14425946,-4.67946392,-2.84275825,-14.30069527,11980374325.338615,0.3438,14883611503.244495
2026-05-31 04:23:14.085503,2026-05-31,1958,8,94814970677.52698,94814964452.18788,0.4806788814635164,1010804450.6110415,1010530688.0004042,273762.6106372509,-33.3882,0.11571491,0.75329566,-4.87810208,6.00655374,9.28950547,22.92532292,45575554051.269775,1.308,45575551058.88012
2026-05-31 04:23:14.085503,2026-05-31,5805,25,431771961.1772119,463441061.1772119,12.516988043989024,274771520.1570368,271615078.6645008,3156441.492536021,-29.801,0.03212537,0.72653179,-3.64430994,-1.80271694,0.50582092,-1.35565893,5404484475.784854,0.1551,8959018158.21717
2026-05-31 04:23:14.085503,2026-05-31,11419,20,2703292955.9987965,5188977607.793384,2.562182842073233,298609597.2433277,295455583.2337319,3154014.009595739,14.5527,-0.39304384,5.59098574,2.2200434,37.75275152,51.25539216,53.23643856,6926330828.957547,0.1988,13295109394.596825
2026-05-31 04:23:14.085503,2026-05-31,1975,16,727099970.4255477,1000000000.0,12.846605833907834,366631440.5197403,365179086.79409945,1452353.725640889,-28.5537,-0.11014892,0.39157181,-3.24899959,0.69351377,4.88803937,4.76767766,9340766721.903051,0.2681,12846605833.901806
2026-05-31 04:23:14.085503,2026-05-31,5994,28,589243245720412.2,589499874169472.0,7.692674486844e-06,99210355.7212024,99136132.03178118,74223.68942120796,-49.0705,0.11149062,0.98627411,-2.09241998,-13.0486179,-6.64225684,-1.65236302,4532856482.898586,0.1301,4535236978.03826
2026-05-31 04:23:14.085503,2026-05-31,6636,37,1686303190.1387663,1686303190.1387663,1.661524453960211,184304186.60108083,184064276.9558815,239909.6451993617,-21.3523,0.09971504,-0.61278432,-6.96940796,-1.70656448,-5.2976462,-23.6457016,2801833987.206675,0.0804,3489201353.3126383
2026-05-31 04:23:14.085503,2026-05-31,28321,61,10652665137.147264,10652665147.147264,0.1261762328541386,58439413.243174426,58339833.43288081,99579.81029361783,-23.5635,0.10225978,-0.51843349,-0.34108153,-4.09971103,-2.93200397,-16.28428313,1344113156.8618577,0.0386,1344113158.1205983
2026-05-31 04:23:14.085503,2026-05-31,2,24,77227995.73347135,84000000.0,73.12186460050063,298360930.4433373,298212558.7388754,148371.70446198678,-14.0516,-0.12367628,0.53319317,-1.51638004,-5.21852025,-2.74311172,-2.74405545,5647055047.390933,0.1621,6142236626.44479
2026-05-31 04:23:14.085503,2026-05-31,1831,17,20041590.625,20041590.625,421.9495335980158,177887360.82456797,177867235.85690475,20124.967663232917,-57.7079,-0.03454475,0.74696611,-14.52498998,-31.76818228,-34.36172968,-32.56658138,8456539816.7811165,0.2427,8860940205.553902
2026-05-31 04:23:14.085503,2026-05-31,7083,40,635503562.7428479,895138420.0329479,4.254625997964871,120984822.77837455,120147019.41245252,837803.3659220517,-53.0187,0.01558389,0.29125713,-11.23696877,-5.3346924,-14.20105663,-19.99765506,2703829979.84502,0.0776,3808479193.644558
2026-05-31 04:23:14.085503,2026-05-31,6535,31,1296935271.0,1296935271.0,3.195167756488255,657586783.5018034,657502696.9161512,84086.58565220197,-40.9064,1.79016872,-1.44904922,-3.48950625,75.11145271,93.22663018,91.39365724,4143925760.151557,0.1189,4143925760.146113
2026-05-31 04:23:14.085503,2026-05-31,512,14,33609377444.372635,50001786839.91258,0.3348090697273517,2178493750.078366,2177402747.6120887,1091002.4662774072,-34.0959,0.24404472,-14.0020515,62.2498365,50.32020444,42.22305549,54.55578882,11252724396.26584,0.323,16741058423.4193
2026-05-31 04:23:14.085503,2026-05-31,3794,60,511268968.409282,511268968.409282,2.782222912268349,44525419.84803991,43975499.123029314,549920.7250106041,-27.304,0.01506061,-0.93784801,-4.73912266,5.79913553,17.60091846,9.6219363,1422464238.240107,0.0408,1422464238.2374115
2026-06-01 04:53:14.670558,2026-06-01,1,1,20036643.0,20036643.0,102137.46764380572,26678755822.844517,26658834744.335106,19921078.50941235,4.704,-0.56913061,-0.95706823,-5.12528989,-6.09216897,10.63355792,7.72644271,2046491976102.9863,59.2237,2144886820519.9167
2026-06-01 04:53:14.670558,2026-06-01,1027,2,120685209.65949558,120685209.65949558,2779.140966412056,15839217376.68156,15688611761.715109,150605614.96647426,56.3394,-0.71700283,-1.66766141,-5.16258719,-13.17454497,-2.37379587,-0.21914388,335401210204.73206,9.7062,335401210204.72815
2026-06-01 04:53:14.670558,2026-06-01,1839,4,134784544.95,134784544.95,970.2259714614854,3919037836.595296,3827996647.466117,91041189.12918057,-30.0623,-0.90267496,-4.82490224,5.86866754,13.41262793,18.5517959,9.81135143,130771466062.108,3.7844,130771467129.36247
2026-06-01 04:53:14.670558,2026-06-01,5426,7,578571011.500405,627527627.8825734,113.9247536817137,3315395623.1992364,3315380545.4204016,15077.778834817513,9.247,-0.97170042,-1.50302716,-4.36958395,-2.09999471,3.5484613,-4.51885415,65913559972.563576,1.9075,71490930434.98613
2026-06-01 04:53:14.670558,2026-06-01,52,5,61977843307.0,99985656462.0,1.8360166860557143,1943429894.80564,1941606785.512727,1823109.292913364,12.1636,-0.87927095,-1.85573517,-2.46220611,-4.66827009,0.82482216,-3.45112828,113792354477.39848,3.2961,183601668605.5728
2026-06-01 04:53:14.670558,2026-06-01,74,10,154475096383.7052,154475096383.7052,0.1394992366713943,893076122.98726,892163952.4035707,912170.583688864,25.2067,-0.95886927,-0.8190304,-2.20342813,-7.27837833,11.67330693,9.21559344,21549158030.26695,0.6236,21549158030.267315
2026-06-01 04:53:14.670558,2026-06-01,2010,14,36222179309.29572,44993516154.263145,0.3251402894523063,438394440.38992286,436679116.0655252,1715324.3243978166,12.434,-1.32351534,-1.85643393,-3.65922926,-5.78555409,-1.5291895,-13.99842667,11777289865.217752,0.3408,14631313025.35172
2026-06-01 04:53:14.670558,2026-06-01,1958,8,94816708955.18498,94816705333.68147,0.4876299554262729,865313854.4947209,864920109.0971276,393745.3975931297,-13.7339,0.07170639,1.39025065,-3.92310803,6.87853122,11.42037065,23.86457121,46235467561.48275,1.338,46235465795.53042
2026-06-01 04:53:14.670558,2026-06-01,5805,25,431771961.1772119,463441061.1772119,12.402643774671894,328453338.6213259,320614334.1164924,7839004.504833551,23.1124,-1.21212763,-1.12823904,-3.43060748,-1.92853729,2.65105031,-2.33156023,5355113826.372421,0.1551,8877176393.941158
2026-06-01 04:53:14.670558,2026-06-01,11419,20,2670482622.278446,5189558383.879746,2.7315835484537176,430262006.03610414,425061358.4682196,5200647.567884554,44.3743,-1.46736981,6.01532175,9.6920507,48.77853092,61.61708114,58.66750592,7294646397.447347,0.2111,14175712305.14494
2026-06-01 04:53:14.670558,2026-06-01,1975,15,727099970.4255477,1000000000.0,12.637398857126836,420295777.474713,413830718.8869073,6465058.587805889,18.704,-1.10556496,-1.65923538,-3.992348,-0.1490383,6.52924995,2.68258682,9188652335.272774,0.2659,12637398857.124044
2026-06-01 04:53:14.670558,2026-06-01,5994,28,589243244932485.2,589499873381545.1,7.62807686853e-06,113126255.80998498,112986730.73754926,139525.07243571422,15.7784,-0.88553961,-0.99112214,-2.02590703,-12.38349336,-5.75105879,1.06925159,4494792766.60704,0.1302,4497153278.0554495
2026-06-01 04:53:14.670558,2026-06-01,6636,37,1686477215.8472052,1686477215.8472052,1.649835837022765,196795088.71423343,196673675.28438535,121413.42984803003,10.4332,-1.06555641,-1.17478065,-5.48035191,-1.35303445,-2.69807681,-20.97703876,2782410549.0270963,0.0805,3464655257.7537103
2026-06-01 04:53:14.670558,2026-06-01,28321,61,10653243100.106607,10653243110.106607,0.1288841617819529,65536328.3755656,65450287.0379552,86041.33761040785,14.3774,-0.39112143,1.91301242,1.96340086,-3.55803591,2.19619502,-7.45384931,1373034307.2166135,0.0397,1373034308.503919
2026-06-01 04:53:14.670558,2026-06-01,2,24,77231633.23347135,84000000.0,71.82431526226526,302513723.46122783,302457080.2567412,56643.20448663127,2.247,-0.69540434,-1.83674206,-1.95095595,-6.85401039,-1.26882292,-4.31250188,5547109173.580488,0.1605,6033242482.026848
2026-06-01 04:53:14.670558,2026-06-01,1831,17,20042006.25,20042006.25,415.24793137911047,255709299.6472948,255675016.8999822,34282.74731251463,53.8008,-0.96984591,-1.80273459,-14.09008052,-33.70180114,-32.60069336,-32.51987865,8322401635.999703,0.2408,8720206558.954405
2026-06-01 04:53:14.670558,2026-06-01,7083,38,635481562.7428479,895116420.0329479,4.1721822655644845,123647620.86691757,122977118.53555308,670502.3313645261,4.9161,-0.99528384,-2.10888136,-11.53307722,-6.39640875,-9.11191157,-22.60001684,2651344906.1689143,0.0767,3734588853.282237
2026-06-01 04:53:14.670558,2026-06-01,6535,30,1297014665.0,1297014665.0,3.2514109749952174,774090039.1231064,773982764.2062685,107274.91683788756,23.6091,-1.93203241,1.06170725,-1.2811662,80.75363778,102.41640102,65.10287172,4217127716.5107455,0.122,4217127716.503876
2026-06-01 04:53:14.670558,2026-06-01,512,13,33637369945.74154,50001786839.91258,0.3627483283164589,2038097814.3998263,2036984493.1165063,1113321.2833200835,-2.3488,-1.62916525,9.01761504,75.96561598,63.43267571,59.64942441,71.25453354,12201899716.78004,0.3531,18138071833.85756
2026-06-01 04:53:14.670558,2026-06-01,3794,60,511443169.578488,511443169.578488,2.7195741990092084,68250661.28495619,67635618.25764748,615043.0273087345,54.0211,-0.87593188,-2.58907143,-6.69303314,3.0497148,19.93466054,6.2553554,1390907648.2451472,0.0403,1390907648.2501354
2026-06-02 04:41:38.952330,2026-06-02,1,1,20037690.0,20037690.0,99067.67809578184,64061468806.59874,64019014026.23262,42454780.36612523,141.0436,0.10454121,-3.30002497,-7.51222945,-9.28602079,6.58915718,5.08180767,1985087422703.067,58.5127,2080421240011.422
2026-06-02 04:41:38.952330,2026-06-02,1027,2,120685138.42869774,120685138.42869774,2794.6510456548817,26471788381.277542,26255246835.24822,216541546.02935067,67.5911,0.06242394,0.26369277,-4.38721054,-13.12195797,-2.41633379,2.47341475,337272848304.7642,9.9372,337272848304.7667
2026-06-02 04:41:38.952330,2026-06-02,1839,4,134784460.94,134784460.94,961.1848382139274,4546991811.173415,4480937119.014505,66054692.15891004,15.0714,-0.73542582,-1.21572965,4.56402063,11.72072524,17.56814044,9.55577378,129552780282.36533,3.8197,129552780282.36116
2026-06-02 04:41:38.952330,2026-06-02,5426,7,578324582.5432142,627526922.4120233,112.7839622193098,5280384723.68515,5280368358.741442,16364.94370875043,59.1138,-0.03950001,-1.48416856,-4.28648375,-3.52068622,2.02650261,-5.04822954,65225737868.05198,1.9226,70774972708.91112
2026-06-02 04:41:38.952330,2026-06-02,52,5,61977843307.0,99985656462.0,1.7958589319926457,3186958779.940197,3184164079.8819966,2794700.058200333,64.8377,0.12026316,-2.75352479,-4.3388874,-7.15476519,-2.29846332,-4.57699229,111303463488.51656,3.2816,179585893199.26392
2026-06-02 04:41:38.952330,2026-06-02,74,10,170200483126.5791,170200483126.5791,0.1404577246594804,1522320086.473238,1520846430.8512268,1473655.6220113938,70.7036,-0.13165512,0.26288448,-0.75780288,-6.99586782,11.27485475,12.8926813,23905972595.903587,0.7048,23905972595.91032
2026-06-02 04:41:38.952330,2026-06-02,2010,13,36222179309.29572,44993516154.263145,0.3170001627434429,703820377.6051685,702024709.3694836,1795668.2356846563,60.949,-0.14156186,-3.23724122,-5.95265163,-8.70844988,-6.01096199,-12.68540067,11482436735.968914,0.3383,14265007323.455095
2026-06-02 04:41:38.952330,2026-06-02,1958,8,94816822090.58849,94816817955.11987,0.476806745676095,1147896645.1179807,1147569797.7400415,326847.3779391487,32.3526,-0.10757008,-2.55266143,-8.97211161,3.56920199,8.53056767,21.84643375,45209300376.36278,1.332,45209298404.53769
2026-06-02 04:41:38.952330,2026-06-02,5805,26,431771961.1772119,463441061.1772119,12.350005188063866,409610924.1648064,392911891.6324203,16699032.53238608,24.3547,-0.14142254,-1.00568386,-4.5227379,-2.11306492,0.66730728,-2.6127603,5332385960.599077,0.1572,8839500393.004368
2026-06-02 04:41:38.952330,2026-06-02,11419,19,2671029015.230719,5190106466.487606,2.91490903828752,1088937352.9305527,1070146805.8724118,18790547.05814101,152.6332,-0.7779597,5.80608546,9.94183536,56.23245649,68.54749122,67.13617225,7785806618.024236,0.2294,15128688248.837856
2026-06-02 04:41:38.952330,2026-06-02,1975,15,727099970.4255477,1000000000.0,12.542833280456424,507448310.4551289,494807116.9068492,12641193.54827964,20.5837,-0.17399944,-1.38409077,-5.0339348,-1.30086892,3.74742479,3.20225266,9119893707.272442,0.2687,12542833280.45387
2026-06-02 04:41:38.952330,2026-06-02,5994,29,589243244432485.2,589499872881545.1,7.682352900934e-06,183428997.40866813,183306088.25594348,122909.15272468088,61.8302,-0.19547353,0.14189018,-0.55821956,-11.49991118,-6.70626878,1.25522395,4526774548.221495,0.1335,4529151859.249775
2026-06-02 04:41:38.952330,2026-06-02,6636,38,1686601110.0991137,1686601110.0991137,1.605428298962853,294047211.5607409,293913376.41180027,133835.1489405984,49.2653,-0.07676741,-3.34134264,-8.00375357,-4.84102546,-6.91936281,-23.94548102,2707717151.21528,0.0798,3371399427.8270445
2026-06-02 04:41:38.952330,2026-06-02,28321,59,10653821094.423471,10653821104.423471,0.1297581333931482,113065773.46916504,112919539.60857949,146233.8605855644,72.1133,-0.62059283,0.22731075,0.42561033,-4.63779026,-0.40183377,-7.90125072,1382419938.7169375,0.0408,1382419940.009091
2026-06-02 04:41:38.952330,2026-06-02,2,25,77234883.23347135,84000000.0,70.07989736749529,441003983.7676962,440900020.3773333,103963.39036287968,45.4028,0.31657914,-2.84748162,-4.32064317,-8.7823792,-4.60863097,-7.96929599,5412612690.192155,0.1596,5886711378.873927
2026-06-02 04:41:38.952330,2026-06-02,1831,18,20042425.0,20042425.0,404.44192471530766,344666153.24237055,344600996.0401947,65157.20217579805,34.3087,-0.47656713,-3.28220826,-16.95122632,-34.75214838,-34.88897365,-34.15669611,8105996942.962201,0.2389,8493280419.023126
2026-06-02 04:41:38.952330,2026-06-02,7083,41,622951561.5538775,895086420.0329479,4.130901973143497,216303744.98097676,215391353.1225651,912391.8584116036,75.2013,0.0557077,-1.53912029,-10.29275882,-8.00184342,-7.09595976,-23.84704613,2573351834.795735,0.0758,3697514258.64304
2026-06-02 04:41:38.952330,2026-06-02,6535,27,1297121190.0,1297121189.0,3.794271518407282,1513916420.1991627,1513464407.608954,452012.5902084301,95.2535,-0.6158924,16.05748856,-2.2723713,111.36730073,131.26077999,95.92175747,4921629987.139561,0.145,4921629983.3411255
2026-06-02 04:41:38.952330,2026-06-02,512,14,33697615647.18032,50001786839.91258,0.3290380646613638,1744559707.3542085,1743708784.5752594,850922.7789489477,-14.2184,-0.8208025,-11.02674731,59.09378372,48.34797752,42.97504208,56.99440348,11087798236.250706,0.3267,16452497742.993916
2026-06-02 04:41:38.952330,2026-06-02,3794,61,511622574.21424,511622574.21424,2.643100529550569,56494325.21125101,56035828.13355716,458497.0776938383,-17.7324,0.21128621,-3.4234945,-12.58939961,0.69227305,10.98742104,4.36478686,1352269896.835683,0.0399,1352269896.8388646
2026-06-03 04:50:26.170788,2026-06-03,1,1,20038040.0,20038040.0,92597.85307291546,80625134381.3893,80524721277.6419,100413103.74740209,26.458,1.02333682,-6.28234096,-11.93601887,-17.33373269,-0.69525057,-8.91805353,1855479483789.203,58.0289,1944554914531.2185
2026-06-03 04:50:26.170788,2026-06-03,1027,2,120685013.12844633,120685013.12844633,2571.383017404188,38143369096.95297,37892432454.43135,250936642.52164775,45.479,1.1215439,-7.62675753,-10.77323405,-22.94625239,-10.10097183,-13.6882158,310327393213.6883,9.7037,310327393213.6947
2026-06-03 04:50:26.170788,2026-06-03,1839,4,134784399.4,134784399.4,885.5088509069857,3275469738.096662,3188568879.3935704,86900858.70309241,-27.6874,0.54592143,-7.77447339,-2.57469422,-0.11750863,7.81960533,-3.27318102,119352778632.8822,3.7349,119352779890.3022
2026-06-03 04:50:26.170788,2026-06-03,5426,7,578442760.309976,627657293.5689613,103.01904375403048,6694691012.214583,6694641730.97312,49281.24146326938,26.9242,1.40995411,-8.28491458,-11.31126743,-13.91897496,-7.97079994,-18.40122305,59590620033.575584,1.8637,64660654188.71037
2026-06-03 04:50:26.170788,2026-06-03,52,6,61977843307.0,99985656462.0,1.6926244890935056,4613966868.384784,4610288349.150711,3678519.234071975,44.9718,1.48763925,-5.49374373,-8.3900725,-14.39578987,-7.89065555,-14.99875526,104905215362.62822,3.2828,169262448909.34445
2026-06-03 04:50:26.170788,2026-06-03,74,10,170214263126.57907,170214263126.57907,0.1292292208883307,2092130095.0461876,2090382262.616181,1747832.4300063862,37.5762,1.65356747,-7.77880528,-8.07409478,-18.30946858,1.36528695,-4.5334928,21996656607.92913,0.6883,21996656607.93264
2026-06-03 04:50:26.170788,2026-06-03,2010,13,36222179309.29572,44993516154.263145,0.2954163353211303,950835063.9430996,947504655.4665228,3330408.4765765085,35.35,1.55055525,-6.4174603,-11.22889737,-16.58495188,-13.9173932,-23.09632662,10700623468.897017,0.3346,13293735089.445396
2026-06-03 04:50:26.170788,2026-06-03,1958,8,94817048933.68118,94817041307.40549,0.4611269982854644,1075317085.1876228,1074940664.2070458,376420.98057679896,-6.2634,0.18373017,-3.16460056,-11.39688435,-2.14850985,4.79219323,15.91073118,43722701161.0744,1.3672,43722697644.38589
2026-06-03 04:50:26.170788,2026-06-03,5805,27,431771961.1772119,463441061.1772119,11.369771009622596,465194396.49121577,455240853.890012,9953542.601203788,13.9077,1.42969827,-7.65544274,-10.33999743,-12.70946769,-8.48139517,-14.02418685,4909148326.960557,0.1535,8137899035.462677
2026-06-03 04:50:26.170788,2026-06-03,11419,19,2671605443.108704,5190686418.724103,2.79943283451229,559907514.3328658,549829221.5936432,10078292.739222337,-48.4988,2.13363168,-3.91964696,4.8040473,45.77289171,62.98830271,51.36939195,7478979998.300261,0.234,14530977994.228184
2026-06-03 04:50:26.170788,2026-06-03,1975,16,727099970.4255477,1000000000.0,11.637678072745569,639355693.524514,620854030.362991,18501663.161523152,26.1551,1.57999344,-6.91545133,-10.77230879,-11.00427312,-3.56511927,-10.63934565,8461755382.515348,0.2646,11637678072.750347
2026-06-03 04:50:26.170788,2026-06-03,5994,29,589243240831236.2,589499869280296.1,7.300028374514e-06,216341573.14929143,216174421.1377436,167152.01154789457,18.1144,1.45832692,-4.60904743,-4.5706085,-17.49028813,-11.71962858,-7.28093093,4301492377.558427,0.1345,4303751404.204829
2026-06-03 04:50:26.170788,2026-06-03,6636,39,1686777067.8485413,1686777067.8485413,1.5121047772761946,312297929.59593046,312165109.04183435,132820.55409618883,6.5985,1.81726539,-5.396255,-12.76690128,-13.87448962,-12.90019029,-29.84301591,2550583662.4937115,0.0798,3175420032.283848
2026-06-03 04:50:26.170788,2026-06-03,28321,59,10654399120.099564,10654399130.099564,0.1270627883301616,145053060.6956551,144728429.39518073,324631.3004743671,28.1271,1.50237094,-1.76474391,-0.45342324,-5.92030102,-1.50134308,-12.44173506,1353777660.1822717,0.0423,1353777661.4581115
2026-06-03 04:50:26.170788,2026-06-03,2,25,77238670.73347135,84000000.0,66.44737825168663,590647338.5264235,590495559.4735161,151779.05290740065,34.137,1.34101726,-4.88027278,-8.17817255,-15.34056297,-10.43002313,-16.0680205,5132307169.884449,0.1606,5581579773.144777
2026-06-03 04:50:26.170788,2026-06-03,1831,20,20042881.25,20042881.25,344.98002098697066,512826366.84051216,512766191.2453665,60175.59514569985,49.0508,0.27745097,-14.50206095,-27.44411099,-44.98325478,-44.25839439,-46.66233431,6914393594.26436,0.2162,7244580440.719639
2026-06-03 04:50:26.170788,2026-06-03,7083,45,622897561.5538775,895032420.0329479,3.919229232790165,238607550.93637228,236590854.55916703,2016696.377205255,10.3371,1.47301249,-4.75829428,-13.32687638,-18.28808035,-10.9279875,-29.8762554,2441278332.275668,0.0763,3507837224.887004
2026-06-03 04:50:26.170788,2026-06-03,6535,26,1297200725.0,1297200725.0,3.928383837079633,1616391725.038863,1615866753.2664566,524971.7724062345,6.7128,5.65269592,4.19566004,12.360416,116.01126173,129.78827545,118.53584626,5095902361.537981,0.1594,5095902361.540811
2026-06-03 04:50:26.170788,2026-06-03,512,14,33703932869.24078,50001786839.91258,0.3070968995385786,1009907569.7377791,1009352399.1854602,555170.5523188874,-41.8492,0.40446089,-5.79615639,50.2333025,36.71719878,35.62068838,38.01421814,10350373286.400234,0.3236,15355399843.298052
2026-06-03 04:50:26.170788,2026-06-03,3794,60,511798304.487594,511798304.487594,2.568179298341904,70612695.90203086,69752099.49568763,860596.4063432263,25.165,1.0100265,-2.63621686,-16.12910784,-3.89990065,8.48302902,-1.89199811,1314389810.5115252,0.0411,1314389810.5121875
2026-06-04 04:44:41.771270,2026-06-04,1,1,20038378.0,20038378.0,90230.28543750486,83466903702.80116,83320661854.93907,146241847.86209604,2.63,-0.03752939,-2.98673341,-11.93893494,-20.30260182,-4.12389216,-8.75665754,1808068566644.618,57.6167,1894835994187.603
2026-06-04 04:44:41.771270,2026-06-04,1027,2,120684919.77062882,120684919.77062882,2529.179034049539,38907645606.09657,38666306423.2785,241339182.81806684,1.6237,-0.13926093,-1.95363208,-8.88403057,-24.20126236,-12.2213414,-12.63818501,305233768809.8251,9.7324,305233768809.82806
2026-06-04 04:44:41.771270,2026-06-04,1839,4,134784337.32999998,134784337.32999998,862.3878686568189,3129848242.701391,3049472077.635249,80376165.06614256,-4.8504,-0.67779683,-2.99136531,-3.29167096,-1.77725044,3.71381089,-4.37800536,116236377398.3404,3.7064,116236378096.87927
2026-06-04 04:44:41.771270,2026-06-04,5426,7,578442022.4933838,627656556.4943053,99.42312468794432,7388676223.899013,7388657597.543747,18626.355265099493,10.0043,-0.6880115,-3.65803852,-12.13958877,-16.23218656,-11.86364258,-19.4057622,57510513327.10639,1.8327,62403576077.54305
2026-06-04 04:44:41.771270,2026-06-04,52,6,61977843307.0,99985656462.0,1.6865941725703797,4355518433.805807,4351505829.829457,4012603.976348668,-5.9755,-0.19671866,-0.74839396,-6.12132058,-14.1651627,-8.41204953,-13.81228745,104531469350.06628,3.3303,168659417257.0399
2026-06-04 04:44:41.771270,2026-06-04,74,10,170227893126.5791,170227893126.5791,0.1274372225247684,1891451139.882384,1889654785.81799,1796354.064393487,-9.8073,-0.17922588,-1.48466225,-7.33844051,-18.44803076,-0.22458603,-2.48451363,21693369896.29436,0.6917,21693369896.29862
2026-06-04 04:44:41.771270,2026-06-04,2010,13,36227309439.57397,44993713275.06626,0.2793665905828204,1183601833.778839,1178959208.5739398,4642625.204899499,23.9522,0.25728605,-5.53957856,-13.59364287,-21.03568355,-19.14383168,-25.81074858,10120699924.122606,0.3224,12571496576.2334
2026-06-04 04:44:41.771270,2026-06-04,1958,8,94818058326.07468,94818052015.37009,0.466244682693169,977979749.2136686,977659126.9630744,320622.2505942339,-9.2083,0.03097798,0.6424351,-9.01582016,-1.85036934,4.56957242,16.53677442,44208415517.82308,1.4085,44208412575.49471
2026-06-04 04:44:41.771270,2026-06-04,5805,26,431771961.1772119,463441061.1772119,11.208521656325685,769249062.9623772,759678567.7780392,9570495.184337968,64.7243,-0.35049158,-1.73690733,-9.29509013,-13.73299075,-10.65487587,-14.48994594,4839525377.448993,0.1543,8022485017.395206
2026-06-04 04:44:41.771270,2026-06-04,11419,20,2672173307.696803,5191254962.342898,2.493407952804086,645169236.8812532,628240156.0478425,16929080.833410535,14.6726,-1.63433165,-11.28056273,-1.1045125,4.42521769,42.82314067,33.3227511,6662818176.682009,0.2125,12943916408.145967
2026-06-04 04:44:41.771270,2026-06-04,1975,16,727099970.4255477,1000000000.0,11.535623527487427,808315768.7425363,782810217.5512043,25505551.191332053,25.9694,-0.4959454,-1.13651803,-7.36788702,-13.54188407,-4.86030027,-10.42205121,8387551525.676362,0.2672,11535623527.481297
2026-06-04 04:44:41.771270,2026-06-04,5994,29,589243216685986.9,589499868224296.1,7.163305219774e-06,226589093.50308716,226435007.07436773,154086.428719355,4.4486,-0.37864978,-2.16765821,-3.47252069,-17.75595014,-13.4457813,-8.12393424,4220929009.803145,0.1346,4223145899.821565
2026-06-04 04:44:41.771270,2026-06-04,6636,39,1686944309.8501391,1686944309.8501391,1.5053492663837584,297150122.2270077,296962268.8197339,187853.4072738814,-5.02,-0.57454011,-0.61408222,-9.7086535,-13.66942491,-13.97127136,-29.14918194,2539440379.2631626,0.0809,3161233459.407684
2026-06-04 04:44:41.771270,2026-06-04,28321,56,10654977257.424456,10654977267.424456,0.1295523967639174,129945708.99302384,129553663.53410847,392045.4589153229,-10.9986,-0.01994679,1.54883029,5.80523539,-5.32590331,0.63468817,-8.45360031,1380377841.1643696,0.044,1380377842.454312
2026-06-04 04:44:41.771270,2026-06-04,2,25,77242070.73347135,84000000.0,65.21961247214102,567450886.6730483,567265755.430632,185131.24241620864,-4.3301,-0.51909799,-2.13707778,-8.2169753,-15.67350294,-12.81916923,-15.90542344,5037697919.782706,0.1606,5478447447.657409
2026-06-04 04:44:41.771270,2026-06-04,1831,19,20043321.875,20043321.875,346.12601414693114,1010962528.9118224,1010933826.9221972,28701.98962501976,97.0453,-0.15937849,0.17958449,-25.605835,-44.46647253,-43.91825374,-46.1591254,6937515110.857744,0.221,7268646297.078769
2026-06-04 04:44:41.771270,2026-06-04,7083,43,622825561.5538775,894960420.0329479,3.848667475562503,268689023.85256,265545185.79584512,3143838.056714732,12.1611,-0.25559965,-2.04777556,-9.9134839,-17.38055429,-11.71770982,-30.78333074,2397048481.70136,0.0764,3444405060.5021763
2026-06-04 04:44:41.771270,2026-06-04,6535,27,1297279552.0,1297279552.0,3.724678985651397,2004534156.8477876,2003701172.10018,832984.7476068157,23.5641,-3.9674407,-5.52461114,10.85477389,108.02408792,109.41501589,108.60371861,4831949885.849659,0.154,4831949885.855309
2026-06-04 04:44:41.771270,2026-06-04,512,14,33705105021.320324,50001786839.91258,0.2976384565702789,1304945124.088875,1304263788.6441202,681335.4447550152,28.1557,-1.85072725,-3.53326491,24.16976678,33.96524477,31.60586929,34.69630797,10031935437.084938,0.3199,14882460605.248882
2026-06-04 04:44:41.771270,2026-06-04,3794,60,511798304.487594,511798304.487594,2.572838136003375,70471394.99235688,68801082.64542173,1670312.3469351742,-0.6968,-1.18372018,-0.28938367,-12.02293299,-3.71402609,6.95198734,-0.09735262,1316774195.7275493,0.042,1316774195.7267537
2026-06-05 04:19:20.876358,2026-06-05,1,1,20038840.0,20038840.0,87969.34201416417,71267977237.91064,71156486334.37875,111490903.53188656,-14.441,0.15418621,-2.70419956,-14.29461645,-23.09371606,-9.16427568,-7.79599785,1762803569527.1138,57.8726,1847356182297.447
2026-06-05 04:19:20.876358,2026-06-05,1027,2,120684815.69796588,120684815.69796588,2415.4797079235213,32220334748.119827,32016708159.19175,203626588.92806515,-17.1124,-0.71023519,-4.76787711,-13.82855346,-27.5288622,-19.04321114,-12.72738697,291511723372.92664,9.5695,291511723372.9262
2026-06-05 04:19:20.876358,2026-06-05,1839,4,134784285.26999998,134784285.26999998,837.0538351966177,2707008606.9078937,2634224406.7810416,72784200.12685178,-13.9523,0.57013533,-3.64693731,-5.95355386,-6.1328154,-0.51103918,-4.66935443,112821702909.48846,3.7023,112821703595.86882
2026-06-05 04:19:20.876358,2026-06-05,5426,7,578560069.4116366,627786837.2062888,94.42879294516597,6627428530.886031,6627417215.876205,11315.00982613239,-10.1977,0.15284804,-5.99714749,-17.31875293,-22.90809843,-17.92589286,-20.09510441,54632729000.81227,1.7936,59281153264.25637
2026-06-05 04:19:20.876358,2026-06-05,52,6,61977843307.0,99985656462.0,1.5992294494034454,3914367844.00615,3911178976.978596,3188867.027555149,-10.1114,0.07062467,-5.71690446,-12.69700955,-19.83224582,-14.74164545,-16.45984904,99116792227.06662,3.2536,159922944940.34448
2026-06-05 04:19:20.876358,2026-06-05,74,10,154529256383.70523,154529256383.70523,0.1214367638115816,1575276641.6286492,1573790311.456184,1486330.1724648864,-16.6395,0.42855443,-5.22921654,-12.2725642,-25.22795493,-6.28783941,-4.99679142,18765532809.44735,0.6164,18765532809.441296
2026-06-05 04:19:20.876358,2026-06-05,2010,15,36227309439.57397,44993713275.06626,0.2306889302523957,1383376907.412891,1375374556.7550144,8002350.657876802,17.3797,0.40060119,-17.91613759,-29.33145152,-37.76475378,-36.02832589,-36.27744927,8357239260.537837,0.2743,10381001861.36056
2026-06-05 04:19:20.876358,2026-06-05,1958,8,94819048679.24277,94819048366.43616,0.4604532476905638,1238494553.3809364,1238165473.2238915,329080.1570448483,26.6287,0.58989163,-1.35517703,-6.14364726,-4.41509216,3.17369068,15.51169868,43659738907.28699,1.4332,43659738763.2607
2026-06-05 04:19:20.876358,2026-06-05,5805,26,431771961.1772119,463441061.1772119,10.393891694862956,615697704.870308,603236566.2681051,12461138.60220294,-19.6401,-0.24842465,-7.92569359,-16.20385799,-22.62755939,-21.55160496,-17.71150978,4487791001.354513,0.1473,7439414666.023972
2026-06-05 04:19:20.876358,2026-06-05,11419,22,2672714830.9719605,5191798908.860952,2.3089279676374312,426028373.2180018,417729192.7102832,8299180.507718689,-34.044,0.55443048,-8.92069775,-6.22768426,-22.10284947,31.15811904,23.29478303,6171106022.750509,0.2026,11987489703.017786
2026-06-05 04:19:20.876358,2026-06-05,1975,17,727099970.4255477,1000000000.0,10.979538069940803,736431179.5459003,716463845.2753106,19967334.27058939,-7.3435,0.3863053,-5.77314074,-12.19335606,-20.81671351,-12.31041405,-10.77411256,7983221805.940134,0.2621,10979538069.944668
2026-06-05 04:19:20.876358,2026-06-05,5994,29,589243214685557.8,589499866223867.0,6.822873651711e-06,202206437.46106133,201961862.28208432,244575.17897702844,-11.0929,0.53909566,-5.3112248,-8.79265027,-24.41792357,-19.07440279,-9.89718424,4020332003.927705,0.1319,4022443551.285434
2026-06-05 04:19:20.876358,2026-06-05,6636,41,1687095260.6394522,1687095260.6394522,1.4260741192874902,218259276.9767582,218143058.5999374,116218.37682080068,-27.3518,0.87995647,-6.09333763,-15.13155372,-22.26984947,-19.09823893,-31.88830453,2405922887.970505,0.079,2994755650.510625
2026-06-05 04:19:20.876358,2026-06-05,28321,59,10655555185.243986,10655555195.243986,0.1179284208152872,96213670.97760144,95841583.921287,372087.05631448,-25.8526,0.11226272,-9.44535273,-3.05412252,-14.80305163,-9.82122102,-14.85887425,1256592795.905969,0.0413,1256592797.084619
2026-06-05 04:19:20.876358,2026-06-05,2,25,77245739.48347135,84000000.0,63.291197949753226,450160504.0157217,450058308.7052461,102195.3104754359,-20.6257,0.75378682,-3.71639036,-12.20203961,-20.48903681,-17.04239687,-15.95115877,4888975388.423454,0.1604,5316460627.77748
2026-06-05 04:19:20.876358,2026-06-05,1831,19,20043762.5,20043762.5,336.5965482463615,324076292.9337787,324027187.62068605,49105.31309260569,-68.0058,-0.12970514,-2.34030845,-20.45183277,-47.80228859,-44.53883013,-46.41766789,6746661271.369862,0.2215,7068527513.1798
2026-06-05 04:19:20.876358,2026-06-05,7083,44,622775561.5538775,894910420.0329479,3.626857353427856,210256669.41265213,208016435.677884,2240233.734768152,-22.0848,0.81059617,-6.31931504,-14.50733072,-23.85160379,-18.10619,-32.35393837,2258718124.956843,0.0741,3245712437.5610566
2026-06-05 04:19:20.876358,2026-06-05,6535,30,1297385825.0,1297385825.0,3.02064223178512,1636636281.5154507,1636001756.5637982,634524.9516527276,-19.4657,2.40128412,-21.25595227,-12.23062335,63.39180688,69.39037096,75.04644881,3918938413.914378,0.1287,3918938413.916316
2026-06-05 04:19:20.876358,2026-06-05,512,13,33725155573.713257,50001786839.91258,0.2767565836884832,896978732.6825969,896603803.5603342,374929.1222625019,-30.9818,0.49401168,-8.12345729,-2.3174338,21.57688975,21.94637493,29.8231676,9333658840.94349,0.3064,13838329231.536304
2026-06-05 04:19:20.876358,2026-06-05,3794,57,512283095.397568,512283095.397568,2.498201142902858,58607800.58646794,58003952.758789,603847.8276789561,-19.175,0.81253943,-3.81657223,-12.9820765,-7.22120902,4.31106724,-1.98224908,1279786214.412018,0.042,1279786214.413175
2026-06-06 04:01:29.402069,2026-06-06,1,1,20039087.0,20039087.0,86018.81982230383,99892953780.59674,99716673047.61284,176280732.98387277,37.4284,-0.45868999,-3.17400652,-17.41085933,-24.93721747,-11.76308214,-9.45679514,1723738614056.4712,58.2156,1806395216268.386
2026-06-06 04:01:29.402069,2026-06-06,1027,2,120684554.36828455,120684554.36828455,2216.4359332528666,55784310143.39203,55219807109.85869,564503033.5332743,70.8628,-0.82506171,-9.50522755,-22.38565783,-32.66793723,-25.83771178,-19.75902583,267489582890.47516,9.0306,267489582890.48093
2026-06-06 04:01:29.402069,2026-06-06,1839,4,134784207.81,134784207.81,812.8400450373339,3744837381.543057,3666977015.667298,77860365.87576015,37.7705,-0.56490338,-3.78496773,-12.79919392,-10.8151734,-4.29871759,-7.0896684,109558001546.60178,3.6985,109558002115.58434
2026-06-06 04:01:29.402069,2026-06-06,5426,7,578559287.0205618,627786055.0654136,89.16207789515717,9047739258.415396,9047704737.414837,34521.00056090706,36.8688,-1.24396853,-6.22088263,-23.85311408,-28.34225282,-21.16785891,-23.66671114,51585548216.29392,1.7422,55974709143.23059
2026-06-06 04:01:29.402069,2026-06-06,52,6,62053900985.0,99985653167.0,1.5412446763081844,5647712818.110395,5642675775.665872,5037042.444524612,43.3328,-0.97012913,-4.22057981,-19.46306026,-22.65538193,-17.43398777,-19.43258384,95640244537.28644,3.2301,154124467630.82233
2026-06-06 04:01:29.402069,2026-06-06,74,10,170254633126.57907,170254633126.57907,0.1150338669431159,2738775550.693586,2735679792.8202825,3095757.8733036127,73.3462,-0.54005981,-5.69308985,-19.67154365,-26.45013683,-10.34856613,-9.18754536,19585048813.53192,0.6612,19585048813.52511
2026-06-06 04:01:29.402069,2026-06-06,2010,15,36227309439.57397,44993713275.06626,0.2201312757385379,1461670953.280713,1454584151.7162323,7086801.564481375,7.3996,-0.58676302,-2.20533643,-34.2976253,-41.18919998,-36.64595222,-38.436949,7974763843.508196,0.2693,9905907408.23332
2026-06-06 04:01:29.402069,2026-06-06,1958,8,94819664882.69688,94819658388.38066,0.4534018148726666,1354995418.1481698,1354520709.484514,474708.6636555088,7.5675,-0.14274122,-2.37491249,-6.72188445,-7.25741307,1.16362344,11.64236057,42991408143.43281,1.452,42991405198.89272
2026-06-06 04:01:29.402069,2026-06-06,5805,27,431771961.1772119,463441061.1772119,9.269919210899952,711264105.3945984,693419932.8535197,17844172.541078623,15.5957,-2.12407556,-10.88629253,-27.05256541,-30.9669055,-24.66364232,-26.17611882,4002491197.6445847,0.1351,6634932800.434531
2026-06-06 04:01:29.402069,2026-06-06,11419,22,2673264965.139584,5192350264.421585,2.1314470430702297,423441825.3676417,413866360.3895535,9575464.978088118,-1.9702,-0.38901986,-8.10641826,-14.00492641,-43.77042638,21.45557321,15.87923673,5697922705.290006,0.1924,11067219617.683702
2026-06-06 04:01:29.402069,2026-06-06,1975,18,727099970.4255477,1000000000.0,10.326710885427929,921335229.84833,899998212.6994638,21337017.1488657,23.9102,-1.02744702,-6.51383268,-21.11134968,-26.22519481,-17.1378448,-15.34500673,7508551179.387829,0.2536,10326710885.425133
2026-06-06 04:01:29.402069,2026-06-06,5994,29,589243212210975.0,589499863749284.2,6.390097373548e-06,189312408.23822975,189010738.70452663,301669.5337031305,-6.8986,-1.02721033,-6.90223615,-18.0252996,-28.42547893,-23.13522297,-14.81183279,3765321502.730361,0.1271,3767299130.0225887
2026-06-06 04:01:29.402069,2026-06-06,6636,43,1687154560.4346163,1687154560.4346163,1.3255487027676738,279182539.68842393,278934430.5159359,248109.17248798083,27.674,-1.16763013,-7.12783982,-22.61613721,-27.71318414,-24.76072684,-34.88552215,2236405538.9526706,0.0755,2783652275.8072057
2026-06-06 04:01:29.402069,2026-06-06,28321,64,10656133385.300188,10656133395.300188,0.1075079131132134,143422412.0525158,143225834.1467081,196577.90580767064,47.6866,-0.79795239,-9.66275611,-16.83630961,-23.30604499,-16.07617306,-19.43036654,1145618662.1096652,0.0387,1145618663.1859336
2026-06-06 04:01:29.402069,2026-06-06,2,25,77249526.98347135,84000000.0,60.59638585769305,655466592.4236429,655204435.5541006,262156.8695421544,44.6051,-1.38045091,-4.7954268,-18.43336405,-23.97314514,-20.12145752,-19.69488343,4681042144.414701,0.158,5090096412.051087
2026-06-06 04:01:29.402069,2026-06-06,1831,21,20044171.875,20044171.875,299.93360533228577,423074609.39194,423030121.3467494,44488.04519060935,28.8389,-0.68655146,-11.75818844,-30.12615385,-54.19482917,-51.09777533,-52.83184031,6011920736.3687525,0.203,6298605711.971964
2026-06-06 04:01:29.402069,2026-06-06,7083,44,622699561.5538775,894834420.0329479,3.426146642500059,269175024.47517,266156900.5714313,3018123.903738625,27.122,-0.73768655,-5.97180901,-21.05281902,-28.9764779,-21.56642273,-35.07142112,2133460012.1040764,0.072,3065833943.7826304
2026-06-06 04:01:29.402069,2026-06-06,6535,33,1297466631.0,1297466631.0,2.764133209412011,1362790441.3460562,1362324189.2031145,466252.1429416461,-17.2801,-1.53387025,-8.73480899,-17.19918396,31.15420926,57.29685473,60.38760918,3586370602.85102,0.1211,3586370602.8459578
2026-06-06 04:01:29.402069,2026-06-06,512,12,33728506261.293694,50001786839.91258,0.2731447036722035,1423913391.9321845,1423287102.850627,626289.0815576208,56.4762,-2.20502954,-1.48721994,-34.69885928,20.310039,23.59688859,29.2433777,9212762848.047129,0.311,13657728704.73645
2026-06-06 04:01:29.402069,2026-06-06,3794,59,512283095.397568,512283095.397568,2.308907733360675,73679688.60870846,72677825.27069029,1001863.3380181396,24.3686,-1.02615799,-7.96151504,-19.86233542,-13.12703705,-4.16120944,-8.18533817,1182814400.6333892,0.0399,1182814400.6278222
2026-06-07 04:38:31.948508,2026-06-07,1,1,20039087.0,20039087.0,87399.50456414877,41414494370.406906,41345603033.1192,68891337.28770861,-58.5528,0.08428157,3.03938604,-16.80131129,-22.58200749,-13.89048262,-8.70581221,1751406275717.8745,58.3238,1835389595847.129
2026-06-07 04:38:31.948508,2026-06-07,1027,2,120684517.59131332,120684517.59131332,2258.238729736632,24003635429.349503,23585120857.23413,418514572.1153834,-56.8822,-0.08666389,4.52216715,-21.57429696,-30.10396044,-29.17592041,-19.79018395,272534451704.28568,9.0882,272534451704.28116
2026-06-07 04:38:31.948508,2026-06-07,1839,4,134784164.29000002,134784164.29000002,821.5455555414151,1812678679.510353,1758841581.9525025,53837097.557850376,-51.5936,-0.11049279,3.11453526,-21.37943683,-9.38935609,-5.77351688,-7.37219392,110731331129.81345,3.6926,110731331129.80876
2026-06-07 04:38:31.948508,2026-06-07,5426,7,579304822.4039831,627916252.5378476,90.35492634639388,4220538037.9636135,4220529950.202448,8087.7611663023345,-53.0593,-0.1981748,4.65520938,-23.31661924,-27.74770763,-24.86741807,-23.7907628,52343044560.42268,1.7455,56735326749.76081
2026-06-07 04:38:31.948508,2026-06-07,52,6,62053900985.0,99985653167.0,1.582665174847088,2937105505.493318,2934953334.2507973,2152171.2425208883,-48.4421,-0.40350241,5.38008408,-16.90462381,-19.42516208,-18.82843501,-17.54090334,98210548052.36893,3.275,158266517484.71204
2026-06-07 04:38:31.948508,2026-06-07,74,10,154556486383.7052,154556486383.70517,0.1183428433538346,1204677958.0938995,1203476779.1403835,1201178.9535163154,-56.4324,-0.02575127,6.18382442,-17.44809779,-21.58005626,-11.99309927,-8.05694683,18290654057.42591,0.6099,18290654057.429268
2026-06-07 04:38:31.948508,2026-06-07,2010,15,36227309439.57397,44993713275.06626,0.2277618781388424,868984415.6444168,865778354.1565596,3206061.4878568305,-39.3613,-0.49743088,6.7784084,-32.4599271,-38.7314536,-38.67104151,-37.02733546,8251200037.874381,0.2752,10249284516.25119
2026-06-07 04:38:31.948508,2026-06-07,1958,8,94821515161.73546,94821504983.33746,0.4594085955659449,767206264.3831276,767049183.818674,157080.56445371898,-44.0524,0.08583749,1.47803905,-6.2577441,-6.76374794,2.59095983,12.01107316,43561819109.88784,1.4527,43561814433.84051
2026-06-07 04:38:31.948508,2026-06-07,5805,27,431771961.1772119,463441061.1772119,9.568828390608404,395127082.563889,387111580.4273199,8015502.136569135,-44.614,-0.25093174,7.34017169,-25.06558201,-28.97843334,-29.18897164,-25.27381348,4131551800.381175,0.1378,6848876662.902423
2026-06-07 04:38:31.948508,2026-06-07,11419,20,2673824864.126908,5192915910.094315,2.450080936982169,360141584.1006649,352708221.5303948,7433362.570270077,-15.0181,1.91731547,18.63792336,-6.51290353,-36.18128213,37.17470932,31.23270012,6551087328.426272,0.2185,12723064278.66852
2026-06-07 04:38:31.948508,2026-06-07,1975,16,727099970.4255477,1000000000.0,10.724964562891026,513084688.88424,503708392.2990031,9376296.585237116,-44.6513,-0.11233506,7.26028063,-18.10266671,-23.31979181,-18.01662176,-13.55995803,7798121416.493113,0.26,10724964562.897102
2026-06-07 04:38:31.948508,2026-06-07,5994,29,589243208534704.8,589499860073014.0,6.590826225097e-06,98058117.88405938,97901136.77106863,156981.11299072276,-48.3341,0.09620566,6.41060086,-16.01288133,-26.04390871,-24.53628643,-13.35375092,3883599591.770733,0.1295,3885639365.476968
2026-06-07 04:38:31.948508,2026-06-07,6636,43,1687391702.867185,1687391702.867185,1.3589746859466365,165487263.1570486,165402218.81676844,85044.34028016492,-40.6079,0.4560416,6.55987938,-19.98945163,-27.19664203,-27.23831552,-35.40935152,2293122609.4728928,0.0765,2853846840.4888315
2026-06-07 04:38:31.948508,2026-06-07,28321,61,10656711536.430187,10656711546.430187,0.1113129070823406,82766120.94985189,82698365.95650956,67754.9933423243,-42.1802,-0.40551681,5.59792736,-13.48364592,-20.70290935,-15.1534743,-19.20507895,1186229541.0579617,0.0396,1186229542.1778631
2026-06-07 04:38:31.948508,2026-06-07,2,25,77253008.23347135,84000000.0,58.7404674696524,479882768.0880505,479765042.4825677,117725.60548275328,-27.8687,-1.23276598,0.68637267,-21.2377438,-26.68852897,-24.81721645,-22.67419302,4537877817.0710125,0.1513,4934199267.452288
2026-06-07 04:38:31.948508,2026-06-07,1831,22,20044628.125,20044628.125,315.8405400733388,280712486.5937329,280673425.720085,39060.873647826425,-35.683,1.14753645,8.76696882,-26.62179925,-50.54069224,-49.86144461,-50.6862733,6330906172.569235,0.2111,6632651341.537055
2026-06-07 04:38:31.948508,2026-06-07,7083,44,622667561.5538775,894802420.0329479,3.576302482719449,135398600.3908515,134369918.33058912,1028682.0602623492,-49.7402,-0.24512904,7.88909846,-17.55704043,-26.50155591,-21.64263137,-33.04586555,2226847546.2939973,0.0743,3200084116.312106
2026-06-07 04:38:31.948508,2026-06-07,6535,33,1297547414.0,1297547414.0,2.6621414749754755,724912466.7424829,724759486.57817,152980.16431296378,-46.2796,2.94211983,0.14151367,-18.44688099,26.22187151,44.09459099,50.52014075,3454254786.556574,0.115,3454254786.556371
2026-06-07 04:38:31.948508,2026-06-07,512,12,33728500044.00149,50001786839.91258,0.2977257027866845,1088816553.8483157,1088331988.0724263,484565.7758891419,-23.0905,-0.50634627,10.04683354,-12.17245402,32.34795026,29.05113268,38.74938383,10041841379.541063,0.3349,14886823073.706415
2026-06-07 04:38:31.948508,2026-06-07,3794,56,512502484.104306,512502484.104306,2.3635166994395487,37179304.96821385,36309291.59559738,870013.3726164581,-50.812,0.04362835,5.60260467,-16.78371239,-11.13641,-6.90419816,-4.45844839,1211308179.6847792,0.0404,1211308179.6874125
2026-06-08 04:43:35.700004,2026-06-08,1,1,20039087.0,20039087.0,88949.91360867854,52338288295.16643,52287346259.87637,50942035.29005253,27.2886,-0.68609933,1.59608498,-14.53498412,-22.01987506,-11.55792069,-10.37670836,1782475057446.7937,58.1531,1867948185782.2544
2026-06-08 04:43:35.700004,2026-06-08,1027,2,120684490.99540102,120684490.99540102,2351.931344457006,22494856074.0419,22307170299.761147,187685774.28076228,-5.8812,-1.22340573,3.97157848,-16.96950539,-28.34281635,-23.95878405,-18.7690918,283841637161.92303,9.2603,283841637161.9203
2026-06-08 04:43:35.700004,2026-06-08,1839,4,134784117.42000002,134784117.42000002,846.1340181478416,1871888858.0763683,1812709621.139963,59179236.93640521,3.6487,-0.93190098,2.72768013,-14.59295834,-8.79643745,-0.57116667,-7.28779087,114045426855.09512,3.7207,114045427565.85394
2026-06-08 04:43:35.700004,2026-06-08,5426,7,579304108.4445388,627915539.1902153,92.8411016614453,3883186931.20612,3883169875.517778,17055.68834214375,-7.5248,-1.30144902,2.42172319,-20.14071378,-30.04429568,-20.17891142,-24.07692974,53783231624.99236,1.7547,58296370408.76447
2026-06-08 04:43:35.700004,2026-06-08,52,6,62053900985.0,99985653167.0,1.6206016927538225,3102199823.1680717,3099399840.285121,2799982.882950193,6.3964,-0.66784102,2.11629045,-13.58941424,-20.00996962,-14.20261946,-17.26470581,100564656978.26907,3.2809,162060169275.37762
2026-06-08 04:43:35.700004,2026-06-08,74,10,170282283126.5791,170282283126.5791,0.1206348414259573,1193383286.1038551,1192314926.1028187,1068360.0010364845,0.2359,-0.68582393,1.75440121,-15.20342178,-23.13190477,-6.97330641,-7.48531692,20541976222.62484,0.6702,20541976222.62013
2026-06-08 04:43:35.700004,2026-06-08,2010,15,36227309439.57397,44993713275.06626,0.2292955204634773,754671780.6534052,752021676.51675,2650104.1366553027,-12.5152,-0.93073048,0.22474886,-31.07314184,-41.47711194,-35.12803493,-38.08906098,8306759772.938556,0.271,10318298420.853128
2026-06-08 04:43:35.700004,2026-06-08,1958,8,94823513185.24806,94823513185.24806,0.4631315111839705,737728619.8549379,737595080.5759891,133539.27894891417,-3.6164,-0.11065867,0.73013477,-6.79937749,-7.04889865,2.97986021,14.05957197,43915756957.25709,1.4327,43915756957.255455
2026-06-08 04:43:35.700004,2026-06-08,5805,28,431771961.1772119,463441061.1772119,9.368429865130423,426042939.5938266,418030261.4473652,8012678.146461289,8.155,-0.64680773,-2.23104387,-26.13329177,-33.85679411,-27.07758942,-30.0866247,4045025336.0185256,0.132,6705441675.006775
2026-06-08 04:43:35.700004,2026-06-08,11419,20,2674398927.96052,5193491229.836642,2.417177682629481,302191192.463134,297162921.7137317,5028270.749402271,-16.1297,-1.53155653,-1.36763249,-13.64511192,-35.32205895,39.3122374,26.97525177,6464497403.11438,0.2109,12553591095.688868
2026-06-08 04:43:35.700004,2026-06-08,1975,16,727099970.4255477,1000000000.0,11.048689314461678,487148513.5704063,478411786.4364672,8736727.133938871,-4.3288,-0.83280253,2.70332638,-14.48704882,-26.21604922,-11.29463755,-13.66818229,8033501673.78615,0.2621,11048689314.465866
2026-06-08 04:43:35.700004,2026-06-08,5994,29,589243207534704.8,589499859073014.0,6.629940281064e-06,103645298.5472239,103454031.14626595,191267.40095794128,6.3138,-0.48791699,0.36525001,-14.93545108,-27.84015809,-20.51369098,-16.00849745,3906647276.977441,0.1276,3908699162.6051455
2026-06-08 04:43:35.700004,2026-06-08,6636,43,1687519389.7697809,1687519389.7697809,1.361307168450049,149976271.25905856,149917842.9538261,58428.30523245837,-8.9969,-0.60082495,0.02578452,-19.28743449,-30.18306564,-23.37570326,-37.2684426,2297232242.192055,0.0749,2858745053.742357
2026-06-08 04:43:35.700004,2026-06-08,28321,63,10657289718.927916,10657289728.927916,0.1119684840416869,66174978.275326006,66095455.59640584,79522.67892016457,-19.2239,-0.64190363,0.26901004,-14.82283312,-23.24822145,-8.85484452,-18.53830702,1193280573.8214145,0.0389,1193280574.9399004
2026-06-08 04:43:35.700004,2026-06-08,2,25,77256833.23347135,84000000.0,59.86385869055781,459531426.3159229,459474116.4797865,57309.836136226695,-3.8588,-0.47944786,1.5595653,-18.28895918,-28.08773298,-21.86143447,-22.19794955,4624892147.56852,0.1509,5028564130.007742
2026-06-08 04:43:35.700004,2026-06-08,1831,22,20045025.0,20045025.0,312.3796881950945,272766702.346254,272753398.52773243,13303.818521530557,-2.0451,-0.19688624,-1.35207185,-26.43407972,-51.28230733,-49.95416148,-50.94095983,6261658659.362874,0.2043,6559973452.090908
2026-06-08 04:43:35.700004,2026-06-08,7083,45,622643561.5538775,894778420.0329479,3.6002145102313445,187711446.91345733,186054655.9385721,1656790.9748852064,39.5706,-0.64694856,0.51202669,-15.51440677,-32.11539823,-17.136922,-35.66999931,2241650385.0083933,0.0731,3221394251.2384744
2026-06-08 04:43:35.700004,2026-06-08,6535,31,1297629125.0,1297629125.0,2.895926543335884,859011516.8528591,858758836.8913453,252679.96151381207,18.607,-1.23228496,8.58936133,-12.89814747,29.48658077,52.48159359,60.88370327,3757838626.493217,0.1226,3757838626.496545
2026-06-08 04:43:35.700004,2026-06-08,512,13,33728493989.345253,50001786839.91258,0.2815240518495503,964006136.2608582,963727288.7379416,278847.5229166824,-11.6196,-1.01095766,-5.71179151,-25.00794,18.97999587,27.21530847,28.48177767,9495382290.66368,0.3098,14076711253.50804
2026-06-08 04:43:35.700004,2026-06-08,3794,59,512502484.104306,512502484.104306,2.4341414807136963,45314231.18876549,44012276.53813932,1301954.6506261793,22.4852,-0.49625476,2.83486767,-12.43890817,-13.46973797,-4.30483455,-2.9536433,1247503555.527103,0.0407,1247503555.5223677
2026-06-09 04:04:59.521323,2026-06-09,1,1,20039087.0,20039087.0,89195.3682860271,47827365401.16016,47783951184.911,43414216.24916482,-7.6527,0.06353092,-0.27966475,-11.29956269,-22.17532205,-12.62065964,-9.68479116,1787393745080.7378,58.2285,1873102734006.571
2026-06-09 04:04:59.521323,2026-06-09,1027,2,120684430.49731588,120684430.49731588,2366.751330633609,24101670005.4499,23903707805.09156,197962200.35833475,3.019,0.10964468,-0.50546485,-16.6062973,-28.34195466,-23.76324241,-17.47506969,285630036466.28174,9.3051,285630036466.2747
2026-06-09 04:04:59.521323,2026-06-09,1839,4,134784019.35,134784019.35,850.008256113743,1639793638.3126545,1591160877.4383852,48632760.87426871,-12.1856,0.14612717,-0.63763885,-13.50204516,-7.54492157,-0.40615557,-6.41531132,114567529239.69447,3.7323,114567529239.69109
2026-06-09 04:04:59.521323,2026-06-09,5426,7,579422126.7062742,628045691.795542,93.61623900635036,3892509832.127684,3892491137.952928,18694.17475595273,0.3143,0.12184155,-0.57808733,-18.37822102,-29.37019286,-20.49213897,-22.9671188,54243320299.302376,1.7671,58795275590.039055
2026-06-09 04:04:59.521323,2026-06-09,52,6,62053900985.0,99985653167.0,1.6373039702780552,2937317795.74448,2935337646.969143,1980148.7753377983,-4.4812,0.07299429,0.17219792,-10.35228531,-18.60487304,-14.05113225,-16.36139244,101601098453.98184,3.3144,163730397027.79987
2026-06-09 04:04:59.521323,2026-06-09,74,10,170295233126.57913,170295233126.57913,0.1209637759468774,929736043.486048,928872637.6833605,863405.8026875483,-21.9643,-0.0546124,-0.78092042,-15.39019761,-21.42584689,-7.63329973,-7.82599846,20599554424.744785,0.6711,20599554424.75052
2026-06-09 04:04:59.521323,2026-06-09,2010,15,36235172254.74285,44993793496.93305,0.2357948706361229,689245856.5450294,687104498.5334647,2141358.011564611,-9.123,-0.54048451,1.43686238,-27.08821785,-38.48077233,-34.04092863,-36.00790857,8544067754.284722,0.2783,10610769178.631622
2026-06-09 04:04:59.521323,2026-06-09,1958,8,94824289549.44496,94824286435.98996,0.4617575467746251,707231623.1411266,707083477.9138856,148145.2272409126,-3.5465,-0.02090988,-0.41186706,-4.76957032,-7.29785423,1.52072062,13.44470772,43785831316.99843,1.4264,43785829879.33184
2026-06-09 04:04:59.521323,2026-06-09,5805,27,431771961.1772119,463441061.1772119,9.451542757071111,419312182.07840514,410675164.0406049,8637018.03780038,-1.405,0.07183116,-0.04685743,-24.88243933,-32.78088553,-28.54774309,-30.23454213,4080911152.370867,0.1329,6764929620.950554
2026-06-09 04:04:59.521323,2026-06-09,11419,20,2674938162.9440804,5194031478.243622,2.4407427718312573,306880416.79508793,301951451.6297988,4928965.16528919,-0.254,0.91824075,-0.91026094,-18.33441446,-33.12235424,37.06751099,33.05446952,6528835986.301346,0.2127,12677294787.189796
2026-06-09 04:04:59.521323,2026-06-09,1975,17,727099970.4255477,1000000000.0,11.179787458308462,461661003.6462319,451140495.0015542,10520508.644677768,-5.5273,0.21664251,0.23900515,-12.514825,-23.92173934,-11.69480952,-11.8429993,8128823130.299993,0.2648,11179787458.312511
2026-06-09 04:04:59.521323,2026-06-09,5994,29,589243205934704.8,589499857473014.0,6.630189409189e-06,89984201.74793197,89886701.0743131,97500.67361885749,-13.1818,-0.02077895,-0.66505877,-15.21371955,-26.82520186,-20.76799118,-16.73506894,3906794063.424867,0.1273,3908846036.754946
2026-06-09 04:04:59.521323,2026-06-09,6636,42,1687629242.4955945,1687629242.4955945,1.35829575618167,131263447.312461,131154648.59501544,108798.71744554682,-13.2425,-0.03355529,-1.19859189,-16.92945313,-28.35565957,-25.72418405,-35.55114521,2292299638.0898523,0.0747,2852421087.9779067
2026-06-09 04:04:59.521323,2026-06-09,28321,63,10657867852.48542,10657867862.48542,0.1081205481585073,69860876.28969249,69773081.57064284,87794.7190496727,5.073,-0.12576913,-4.62258516,-18.54501122,-25.08381341,-12.28032674,-21.08710348,1152334514.411657,0.0375,1152334515.4957457
2026-06-09 04:04:59.521323,2026-06-09,2,25,77260095.73347135,84000000.0,60.29420209745013,379070219.73036414,379022171.7236788,48048.00668541282,-17.8737,-0.22110968,-0.0531472,-15.34087441,-26.64710387,-22.00085558,-21.05143859,4658335826.222266,0.1518,5064712976.182369
2026-06-09 04:04:59.521323,2026-06-09,1831,22,20045415.625,20045415.625,294.594668718569,931816226.8678478,931790817.506806,25409.361041862085,251.541,0.6599286,-6.20579797,-28.71596465,-53.9020322,-53.17835674,-53.61510936,5905272575.372902,0.1924,6186488043.090907
2026-06-09 04:04:59.521323,2026-06-09,7083,44,622473561.5538775,894608420.0329479,3.539761387778191,206420076.59128737,204879079.66008803,1540996.931199347,10.2038,0.26647281,-2.53733265,-15.78493624,-32.819221,-19.81303158,-34.94104941,2203407878.1011863,0.0718,3166700342.413374
2026-06-09 04:04:59.521323,2026-06-09,6535,31,1297711600.0,1297711600.0,2.910150677886599,855919760.4116665,855715690.8519479,204069.5597183868,-0.521,-0.59878372,-0.93588381,-25.12754697,31.78590994,51.03346069,59.95184627,3776536292.441303,0.123,3776536292.4436417
2026-06-09 04:04:59.521323,2026-06-09,512,13,33739109181.40199,50001786839.91258,0.2797510824516655,485463747.6304206,485263658.7724811,200088.8579394026,-50.1463,-1.16985557,-1.99493383,-16.35122032,22.12115914,27.20252776,25.74401206,9438552314.452131,0.3075,13988059580.190142
2026-06-09 04:04:59.521323,2026-06-09,3794,56,512502484.104306,512502484.104306,2.46700916159318,42147590.62383115,41558275.00190481,589315.6219263384,-7.3525,0.03856168,0.52356116,-8.03423918,-9.25923466,-4.47196935,-4.25005183,1264348323.624586,0.0412,1264348323.6213052
